gtkwave_256x256x32.png	/usr/share/icons/gtkwave_256x256x32.png
gtkwave_files_256x256x32.png	/usr/share/icons/gtkwave_files_256x256x32.png
gtkwave_savefiles_256x256x32.png	/usr/share/icons/gtkwave_savefiles_256x256x32.png
gnome-logo-text-dark.svg	/usr/share/icons/gnome-logo-text-dark.svg
gnome-logo-text.svg	/usr/share/icons/gnome-logo-text.svg
spyder.png	/usr/share/icons/spyder.png
audio-headphones.png	/usr/share/icons/Adwaita/16x16/devices/audio-headphones.png
audio-headset.png	/usr/share/icons/Adwaita/16x16/devices/audio-headset.png
emblem-readonly.png	/usr/share/icons/Adwaita/16x16/emblems/emblem-readonly.png
emblem-shared.png	/usr/share/icons/Adwaita/16x16/emblems/emblem-shared.png
emblem-symbolic-link.png	/usr/share/icons/Adwaita/16x16/emblems/emblem-symbolic-link.png
emblem-synchronizing.png	/usr/share/icons/Adwaita/16x16/emblems/emblem-synchronizing.png
emblem-unreadable.png	/usr/share/icons/Adwaita/16x16/emblems/emblem-unreadable.png
application-certificate.png	/usr/share/icons/Adwaita/16x16/mimetypes/application-certificate.png
application-x-addon.png	/usr/share/icons/Adwaita/16x16/mimetypes/application-x-addon.png
application-x-executable.png	/usr/share/icons/Adwaita/16x16/mimetypes/application-x-executable.png
application-x-firmware.png	/usr/share/icons/Adwaita/16x16/mimetypes/application-x-firmware.png
application-x-generic.png	/usr/share/icons/Adwaita/16x16/mimetypes/application-x-generic.png
application-x-sharedlib.png	/usr/share/icons/Adwaita/16x16/mimetypes/application-x-sharedlib.png
audio-x-generic.png	/usr/share/icons/Adwaita/16x16/mimetypes/audio-x-generic.png
font-x-generic.png	/usr/share/icons/Adwaita/16x16/mimetypes/font-x-generic.png
image-x-generic.png	/usr/share/icons/Adwaita/16x16/mimetypes/image-x-generic.png
inode-directory.png	/usr/share/icons/Adwaita/16x16/mimetypes/inode-directory.png
inode-symlink.png	/usr/share/icons/Adwaita/16x16/mimetypes/inode-symlink.png
model.png	/usr/share/icons/Adwaita/16x16/mimetypes/model.png
package-x-generic.png	/usr/share/icons/Adwaita/16x16/mimetypes/package-x-generic.png
text-html.png	/usr/share/icons/Adwaita/16x16/mimetypes/text-html.png
text-x-generic.png	/usr/share/icons/Adwaita/16x16/mimetypes/text-x-generic.png
text-x-preview.png	/usr/share/icons/Adwaita/16x16/mimetypes/text-x-preview.png
text-x-script.png	/usr/share/icons/Adwaita/16x16/mimetypes/text-x-script.png
video-x-generic.png	/usr/share/icons/Adwaita/16x16/mimetypes/video-x-generic.png
x-office-addressbook.png	/usr/share/icons/Adwaita/16x16/mimetypes/x-office-addressbook.png
x-office-document-template.png	/usr/share/icons/Adwaita/16x16/mimetypes/x-office-document-template.png
x-office-document.png	/usr/share/icons/Adwaita/16x16/mimetypes/x-office-document.png
x-office-drawing.png	/usr/share/icons/Adwaita/16x16/mimetypes/x-office-drawing.png
x-office-presentation-template.png	/usr/share/icons/Adwaita/16x16/mimetypes/x-office-presentation-template.png
x-office-presentation.png	/usr/share/icons/Adwaita/16x16/mimetypes/x-office-presentation.png
x-office-spreadsheet-template.png	/usr/share/icons/Adwaita/16x16/mimetypes/x-office-spreadsheet-template.png
x-office-spreadsheet.png	/usr/share/icons/Adwaita/16x16/mimetypes/x-office-spreadsheet.png
x-package-repository.png	/usr/share/icons/Adwaita/16x16/mimetypes/x-package-repository.png
folder-bookmarks.png	/usr/share/icons/Adwaita/16x16/places/folder-bookmarks.png
folder-documents.png	/usr/share/icons/Adwaita/16x16/places/folder-documents.png
folder-download.png	/usr/share/icons/Adwaita/16x16/places/folder-download.png
folder-drag-accept.png	/usr/share/icons/Adwaita/16x16/places/folder-drag-accept.png
folder-music.png	/usr/share/icons/Adwaita/16x16/places/folder-music.png
folder-pictures.png	/usr/share/icons/Adwaita/16x16/places/folder-pictures.png
folder-publicshare.png	/usr/share/icons/Adwaita/16x16/places/folder-publicshare.png
folder-remote.png	/usr/share/icons/Adwaita/16x16/places/folder-remote.png
folder-templates.png	/usr/share/icons/Adwaita/16x16/places/folder-templates.png
folder-videos.png	/usr/share/icons/Adwaita/16x16/places/folder-videos.png
folder.png	/usr/share/icons/Adwaita/16x16/places/folder.png
network-server.png	/usr/share/icons/Adwaita/16x16/places/network-server.png
network-workgroup.png	/usr/share/icons/Adwaita/16x16/places/network-workgroup.png
user-bookmarks.png	/usr/share/icons/Adwaita/16x16/places/user-bookmarks.png
user-desktop.png	/usr/share/icons/Adwaita/16x16/places/user-desktop.png
user-home.png	/usr/share/icons/Adwaita/16x16/places/user-home.png
user-trash.png	/usr/share/icons/Adwaita/16x16/places/user-trash.png
audio-headphones.svg	/usr/share/icons/Adwaita/scalable/devices/audio-headphones.svg
audio-headset.svg	/usr/share/icons/Adwaita/scalable/devices/audio-headset.svg
camera-web.svg	/usr/share/icons/Adwaita/scalable/devices/camera-web.svg
computer.svg	/usr/share/icons/Adwaita/scalable/devices/computer.svg
drive-harddisk.svg	/usr/share/icons/Adwaita/scalable/devices/drive-harddisk.svg
drive-multidisk.svg	/usr/share/icons/Adwaita/scalable/devices/drive-multidisk.svg
drive-optical.svg	/usr/share/icons/Adwaita/scalable/devices/drive-optical.svg
drive-removable-media.svg	/usr/share/icons/Adwaita/scalable/devices/drive-removable-media.svg
ebook-reader.svg	/usr/share/icons/Adwaita/scalable/devices/ebook-reader.svg
input-gaming.svg	/usr/share/icons/Adwaita/scalable/devices/input-gaming.svg
input-keyboard.svg	/usr/share/icons/Adwaita/scalable/devices/input-keyboard.svg
input-mouse.svg	/usr/share/icons/Adwaita/scalable/devices/input-mouse.svg
input-tablet.svg	/usr/share/icons/Adwaita/scalable/devices/input-tablet.svg
media-flash.svg	/usr/share/icons/Adwaita/scalable/devices/media-flash.svg
media-optical.svg	/usr/share/icons/Adwaita/scalable/devices/media-optical.svg
media-removable.svg	/usr/share/icons/Adwaita/scalable/devices/media-removable.svg
microphone.svg	/usr/share/icons/Adwaita/scalable/devices/microphone.svg
phone.svg	/usr/share/icons/Adwaita/scalable/devices/phone.svg
printer-network.svg	/usr/share/icons/Adwaita/scalable/devices/printer-network.svg
printer.svg	/usr/share/icons/Adwaita/scalable/devices/printer.svg
scanner.svg	/usr/share/icons/Adwaita/scalable/devices/scanner.svg
video-display.svg	/usr/share/icons/Adwaita/scalable/devices/video-display.svg
application-certificate.svg	/usr/share/icons/Adwaita/scalable/mimetypes/application-certificate.svg
application-x-addon.svg	/usr/share/icons/Adwaita/scalable/mimetypes/application-x-addon.svg
application-x-executable.svg	/usr/share/icons/Adwaita/scalable/mimetypes/application-x-executable.svg
application-x-firmware.svg	/usr/share/icons/Adwaita/scalable/mimetypes/application-x-firmware.svg
application-x-generic.svg	/usr/share/icons/Adwaita/scalable/mimetypes/application-x-generic.svg
application-x-sharedlib.svg	/usr/share/icons/Adwaita/scalable/mimetypes/application-x-sharedlib.svg
audio-x-generic.svg	/usr/share/icons/Adwaita/scalable/mimetypes/audio-x-generic.svg
font-x-generic.svg	/usr/share/icons/Adwaita/scalable/mimetypes/font-x-generic.svg
image-x-generic.svg	/usr/share/icons/Adwaita/scalable/mimetypes/image-x-generic.svg
inode-directory.svg	/usr/share/icons/Adwaita/scalable/mimetypes/inode-directory.svg
inode-symlink.svg	/usr/share/icons/Adwaita/scalable/mimetypes/inode-symlink.svg
model.svg	/usr/share/icons/Adwaita/scalable/mimetypes/model.svg
package-x-generic.svg	/usr/share/icons/Adwaita/scalable/mimetypes/package-x-generic.svg
text-html.svg	/usr/share/icons/Adwaita/scalable/mimetypes/text-html.svg
text-x-generic.svg	/usr/share/icons/Adwaita/scalable/mimetypes/text-x-generic.svg
text-x-preview.svg	/usr/share/icons/Adwaita/scalable/mimetypes/text-x-preview.svg
text-x-script.svg	/usr/share/icons/Adwaita/scalable/mimetypes/text-x-script.svg
video-x-generic.svg	/usr/share/icons/Adwaita/scalable/mimetypes/video-x-generic.svg
x-office-addressbook.svg	/usr/share/icons/Adwaita/scalable/mimetypes/x-office-addressbook.svg
x-office-document-template.svg	/usr/share/icons/Adwaita/scalable/mimetypes/x-office-document-template.svg
x-office-document.svg	/usr/share/icons/Adwaita/scalable/mimetypes/x-office-document.svg
x-office-drawing.svg	/usr/share/icons/Adwaita/scalable/mimetypes/x-office-drawing.svg
x-office-presentation-template.svg	/usr/share/icons/Adwaita/scalable/mimetypes/x-office-presentation-template.svg
x-office-presentation.svg	/usr/share/icons/Adwaita/scalable/mimetypes/x-office-presentation.svg
x-office-spreadsheet-template.svg	/usr/share/icons/Adwaita/scalable/mimetypes/x-office-spreadsheet-template.svg
x-office-spreadsheet.svg	/usr/share/icons/Adwaita/scalable/mimetypes/x-office-spreadsheet.svg
x-package-repository.svg	/usr/share/icons/Adwaita/scalable/mimetypes/x-package-repository.svg
folder-documents.svg	/usr/share/icons/Adwaita/scalable/places/folder-documents.svg
folder-download.svg	/usr/share/icons/Adwaita/scalable/places/folder-download.svg
folder-drag-accept.svg	/usr/share/icons/Adwaita/scalable/places/folder-drag-accept.svg
folder-music.svg	/usr/share/icons/Adwaita/scalable/places/folder-music.svg
folder-pictures.svg	/usr/share/icons/Adwaita/scalable/places/folder-pictures.svg
folder-publicshare.svg	/usr/share/icons/Adwaita/scalable/places/folder-publicshare.svg
folder-remote.svg	/usr/share/icons/Adwaita/scalable/places/folder-remote.svg
folder-templates.svg	/usr/share/icons/Adwaita/scalable/places/folder-templates.svg
folder-videos.svg	/usr/share/icons/Adwaita/scalable/places/folder-videos.svg
folder.svg	/usr/share/icons/Adwaita/scalable/places/folder.svg
network-server.svg	/usr/share/icons/Adwaita/scalable/places/network-server.svg
network-workgroup.svg	/usr/share/icons/Adwaita/scalable/places/network-workgroup.svg
user-bookmarks.svg	/usr/share/icons/Adwaita/scalable/places/user-bookmarks.svg
user-desktop.svg	/usr/share/icons/Adwaita/scalable/places/user-desktop.svg
user-home.svg	/usr/share/icons/Adwaita/scalable/places/user-home.svg
user-trash.svg	/usr/share/icons/Adwaita/scalable/places/user-trash.svg
avatar-default.svg	/usr/share/icons/Adwaita/scalable/status/avatar-default.svg
folder-open.svg	/usr/share/icons/Adwaita/scalable/status/folder-open.svg
image-loading.svg	/usr/share/icons/Adwaita/scalable/status/image-loading.svg
image-missing.svg	/usr/share/icons/Adwaita/scalable/status/image-missing.svg
user-trash-full.svg	/usr/share/icons/Adwaita/scalable/status/user-trash-full.svg
action-unavailable-symbolic.svg	/usr/share/icons/Adwaita/symbolic/actions/action-unavailable-symbolic.svg
address-book-new-symbolic.svg	/usr/share/icons/Adwaita/symbolic/actions/address-book-new-symbolic.svg
application-exit-rtl-symbolic.svg	/usr/share/icons/Adwaita/symbolic/actions/application-exit-rtl-symbolic.svg
application-exit-symbolic-rtl.svg	/usr/share/icons/Adwaita/symbolic/actions/application-exit-symbolic-rtl.svg
application-exit-symbolic.svg	/usr/share/icons/Adwaita/symbolic/actions/application-exit-symbolic.svg
appointment-new-symbolic.svg	/usr/share/icons/Adwaita/symbolic/actions/appointment-new-symbolic.svg
bookmark-new-symbolic.svg	/usr/share/icons/Adwaita/symbolic/actions/bookmark-new-symbolic.svg
call-start-symbolic.svg	/usr/share/icons/Adwaita/symbolic/actions/call-start-symbolic.svg
call-stop-symbolic.svg	/usr/share/icons/Adwaita/symbolic/actions/call-stop-symbolic.svg
camera-switch-symbolic.svg	/usr/share/icons/Adwaita/symbolic/actions/camera-switch-symbolic.svg
chat-message-new-symbolic.svg	/usr/share/icons/Adwaita/symbolic/actions/chat-message-new-symbolic.svg
color-select-symbolic.svg	/usr/share/icons/Adwaita/symbolic/actions/color-select-symbolic.svg
contact-new-symbolic.svg	/usr/share/icons/Adwaita/symbolic/actions/contact-new-symbolic.svg
document-edit-symbolic.svg	/usr/share/icons/Adwaita/symbolic/actions/document-edit-symbolic.svg
document-new-symbolic.svg	/usr/share/icons/Adwaita/symbolic/actions/document-new-symbolic.svg
document-open-recent-symbolic.svg	/usr/share/icons/Adwaita/symbolic/actions/document-open-recent-symbolic.svg
document-open-symbolic.svg	/usr/share/icons/Adwaita/symbolic/actions/document-open-symbolic.svg
document-page-setup-symbolic.svg	/usr/share/icons/Adwaita/symbolic/actions/document-page-setup-symbolic.svg
document-print-preview-symbolic.svg	/usr/share/icons/Adwaita/symbolic/actions/document-print-preview-symbolic.svg
document-print-symbolic.svg	/usr/share/icons/Adwaita/symbolic/actions/document-print-symbolic.svg
document-properties-symbolic.svg	/usr/share/icons/Adwaita/symbolic/actions/document-properties-symbolic.svg
document-revert-rtl-symbolic.svg	/usr/share/icons/Adwaita/symbolic/actions/document-revert-rtl-symbolic.svg
document-revert-symbolic-rtl.svg	/usr/share/icons/Adwaita/symbolic/actions/document-revert-symbolic-rtl.svg
document-revert-symbolic.svg	/usr/share/icons/Adwaita/symbolic/actions/document-revert-symbolic.svg
document-save-as-symbolic.svg	/usr/share/icons/Adwaita/symbolic/actions/document-save-as-symbolic.svg
document-save-symbolic.svg	/usr/share/icons/Adwaita/symbolic/actions/document-save-symbolic.svg
document-send-symbolic.svg	/usr/share/icons/Adwaita/symbolic/actions/document-send-symbolic.svg
edit-clear-all-symbolic.svg	/usr/share/icons/Adwaita/symbolic/actions/edit-clear-all-symbolic.svg
edit-clear-rtl-symbolic.svg	/usr/share/icons/Adwaita/symbolic/actions/edit-clear-rtl-symbolic.svg
edit-clear-symbolic-rtl.svg	/usr/share/icons/Adwaita/symbolic/actions/edit-clear-symbolic-rtl.svg
edit-clear-symbolic.svg	/usr/share/icons/Adwaita/symbolic/actions/edit-clear-symbolic.svg
edit-copy-symbolic.svg	/usr/share/icons/Adwaita/symbolic/actions/edit-copy-symbolic.svg
edit-cut-symbolic.svg	/usr/share/icons/Adwaita/symbolic/actions/edit-cut-symbolic.svg
edit-delete-symbolic.svg	/usr/share/icons/Adwaita/symbolic/actions/edit-delete-symbolic.svg
edit-find-replace-symbolic.svg	/usr/share/icons/Adwaita/symbolic/actions/edit-find-replace-symbolic.svg
edit-find-symbolic.svg	/usr/share/icons/Adwaita/symbolic/actions/edit-find-symbolic.svg
edit-paste-symbolic.svg	/usr/share/icons/Adwaita/symbolic/actions/edit-paste-symbolic.svg
edit-redo-symbolic-rtl.svg	/usr/share/icons/Adwaita/symbolic/actions/edit-redo-symbolic-rtl.svg
edit-redo-symbolic.svg	/usr/share/icons/Adwaita/symbolic/actions/edit-redo-symbolic.svg
edit-select-all-symbolic.svg	/usr/share/icons/Adwaita/symbolic/actions/edit-select-all-symbolic.svg
edit-select-symbolic.svg	/usr/share/icons/Adwaita/symbolic/actions/edit-select-symbolic.svg
edit-undo-symbolic-rtl.svg	/usr/share/icons/Adwaita/symbolic/actions/edit-undo-symbolic-rtl.svg
edit-undo-symbolic.svg	/usr/share/icons/Adwaita/symbolic/actions/edit-undo-symbolic.svg
error-correct-symbolic.svg	/usr/share/icons/Adwaita/symbolic/actions/error-correct-symbolic.svg
find-location-symbolic.svg	/usr/share/icons/Adwaita/symbolic/actions/find-location-symbolic.svg
folder-new-symbolic.svg	/usr/share/icons/Adwaita/symbolic/actions/folder-new-symbolic.svg
font-select-symbolic.svg	/usr/share/icons/Adwaita/symbolic/actions/font-select-symbolic.svg
format-indent-less-rtl-symbolic.svg	/usr/share/icons/Adwaita/symbolic/actions/format-indent-less-rtl-symbolic.svg
format-indent-less-symbolic-rtl.svg	/usr/share/icons/Adwaita/symbolic/actions/format-indent-less-symbolic-rtl.svg
format-indent-less-symbolic.svg	/usr/share/icons/Adwaita/symbolic/actions/format-indent-less-symbolic.svg
format-indent-more-rtl-symbolic.svg	/usr/share/icons/Adwaita/symbolic/actions/format-indent-more-rtl-symbolic.svg
format-indent-more-symbolic-rtl.svg	/usr/share/icons/Adwaita/symbolic/actions/format-indent-more-symbolic-rtl.svg
format-indent-more-symbolic.svg	/usr/share/icons/Adwaita/symbolic/actions/format-indent-more-symbolic.svg
format-justify-center-symbolic.svg	/usr/share/icons/Adwaita/symbolic/actions/format-justify-center-symbolic.svg
format-justify-fill-symbolic.svg	/usr/share/icons/Adwaita/symbolic/actions/format-justify-fill-symbolic.svg
format-justify-left-symbolic.svg	/usr/share/icons/Adwaita/symbolic/actions/format-justify-left-symbolic.svg
format-justify-right-symbolic.svg	/usr/share/icons/Adwaita/symbolic/actions/format-justify-right-symbolic.svg
format-text-bold-symbolic.svg	/usr/share/icons/Adwaita/symbolic/actions/format-text-bold-symbolic.svg
format-text-direction-ltr-symbolic.svg	/usr/share/icons/Adwaita/symbolic/actions/format-text-direction-ltr-symbolic.svg
format-text-direction-rtl-symbolic.svg	/usr/share/icons/Adwaita/symbolic/actions/format-text-direction-rtl-symbolic.svg
format-text-direction-symbolic-rtl.svg	/usr/share/icons/Adwaita/symbolic/actions/format-text-direction-symbolic-rtl.svg
format-text-direction-symbolic.svg	/usr/share/icons/Adwaita/symbolic/actions/format-text-direction-symbolic.svg
format-text-italic-symbolic.svg	/usr/share/icons/Adwaita/symbolic/actions/format-text-italic-symbolic.svg
format-text-plaintext-symbolic.svg	/usr/share/icons/Adwaita/symbolic/actions/format-text-plaintext-symbolic.svg
format-text-rich-symbolic.svg	/usr/share/icons/Adwaita/symbolic/actions/format-text-rich-symbolic.svg
format-text-strikethrough-symbolic.svg	/usr/share/icons/Adwaita/symbolic/actions/format-text-strikethrough-symbolic.svg
format-text-underline-symbolic.svg	/usr/share/icons/Adwaita/symbolic/actions/format-text-underline-symbolic.svg
go-bottom-symbolic.svg	/usr/share/icons/Adwaita/symbolic/actions/go-bottom-symbolic.svg
go-down-symbolic.svg	/usr/share/icons/Adwaita/symbolic/actions/go-down-symbolic.svg
go-first-symbolic-rtl.svg	/usr/share/icons/Adwaita/symbolic/actions/go-first-symbolic-rtl.svg
go-first-symbolic.svg	/usr/share/icons/Adwaita/symbolic/actions/go-first-symbolic.svg
go-home-symbolic.svg	/usr/share/icons/Adwaita/symbolic/actions/go-home-symbolic.svg
go-jump-rtl-symbolic.svg	/usr/share/icons/Adwaita/symbolic/actions/go-jump-rtl-symbolic.svg
go-jump-symbolic-rtl.svg	/usr/share/icons/Adwaita/symbolic/actions/go-jump-symbolic-rtl.svg
go-jump-symbolic.svg	/usr/share/icons/Adwaita/symbolic/actions/go-jump-symbolic.svg
go-last-symbolic-rtl.svg	/usr/share/icons/Adwaita/symbolic/actions/go-last-symbolic-rtl.svg
go-last-symbolic.svg	/usr/share/icons/Adwaita/symbolic/actions/go-last-symbolic.svg
go-next-symbolic-rtl.svg	/usr/share/icons/Adwaita/symbolic/actions/go-next-symbolic-rtl.svg
go-next-symbolic.svg	/usr/share/icons/Adwaita/symbolic/actions/go-next-symbolic.svg
go-previous-symbolic-rtl.svg	/usr/share/icons/Adwaita/symbolic/actions/go-previous-symbolic-rtl.svg
go-previous-symbolic.svg	/usr/share/icons/Adwaita/symbolic/actions/go-previous-symbolic.svg
go-top-symbolic.svg	/usr/share/icons/Adwaita/symbolic/actions/go-top-symbolic.svg
go-up-symbolic.svg	/usr/share/icons/Adwaita/symbolic/actions/go-up-symbolic.svg
help-about-symbolic.svg	/usr/share/icons/Adwaita/symbolic/actions/help-about-symbolic.svg
insert-image-symbolic.svg	/usr/share/icons/Adwaita/symbolic/actions/insert-image-symbolic.svg
insert-link-symbolic.svg	/usr/share/icons/Adwaita/symbolic/actions/insert-link-symbolic.svg
insert-object-symbolic.svg	/usr/share/icons/Adwaita/symbolic/actions/insert-object-symbolic.svg
insert-text-symbolic.svg	/usr/share/icons/Adwaita/symbolic/actions/insert-text-symbolic.svg
list-add-symbolic.svg	/usr/share/icons/Adwaita/symbolic/actions/list-add-symbolic.svg
list-remove-all-symbolic.svg	/usr/share/icons/Adwaita/symbolic/actions/list-remove-all-symbolic.svg
list-remove-symbolic.svg	/usr/share/icons/Adwaita/symbolic/actions/list-remove-symbolic.svg
mail-forward-symbolic-rtl.svg	/usr/share/icons/Adwaita/symbolic/actions/mail-forward-symbolic-rtl.svg
mail-forward-symbolic.svg	/usr/share/icons/Adwaita/symbolic/actions/mail-forward-symbolic.svg
mail-mark-important-symbolic.svg	/usr/share/icons/Adwaita/symbolic/actions/mail-mark-important-symbolic.svg
mail-mark-junk-symbolic.svg	/usr/share/icons/Adwaita/symbolic/actions/mail-mark-junk-symbolic.svg
mail-mark-notjunk-symbolic.svg	/usr/share/icons/Adwaita/symbolic/actions/mail-mark-notjunk-symbolic.svg
mail-message-new-symbolic.svg	/usr/share/icons/Adwaita/symbolic/actions/mail-message-new-symbolic.svg
mail-reply-all-rtl-symbolic.svg	/usr/share/icons/Adwaita/symbolic/actions/mail-reply-all-rtl-symbolic.svg
mail-reply-all-symbolic-rtl.svg	/usr/share/icons/Adwaita/symbolic/actions/mail-reply-all-symbolic-rtl.svg
mail-reply-all-symbolic.svg	/usr/share/icons/Adwaita/symbolic/actions/mail-reply-all-symbolic.svg
mail-reply-sender-symbolic-rtl.svg	/usr/share/icons/Adwaita/symbolic/actions/mail-reply-sender-symbolic-rtl.svg
mail-reply-sender-symbolic.svg	/usr/share/icons/Adwaita/symbolic/actions/mail-reply-sender-symbolic.svg
mail-send-receive-symbolic.svg	/usr/share/icons/Adwaita/symbolic/actions/mail-send-receive-symbolic.svg
mail-send-symbolic.svg	/usr/share/icons/Adwaita/symbolic/actions/mail-send-symbolic.svg
mark-location-symbolic.svg	/usr/share/icons/Adwaita/symbolic/actions/mark-location-symbolic.svg
media-eject-symbolic.svg	/usr/share/icons/Adwaita/symbolic/actions/media-eject-symbolic.svg
media-playback-pause-symbolic.svg	/usr/share/icons/Adwaita/symbolic/actions/media-playback-pause-symbolic.svg
media-playback-start-symbolic.svg	/usr/share/icons/Adwaita/symbolic/actions/media-playback-start-symbolic.svg
media-playback-stop-symbolic.svg	/usr/share/icons/Adwaita/symbolic/actions/media-playback-stop-symbolic.svg
media-record-symbolic.svg	/usr/share/icons/Adwaita/symbolic/actions/media-record-symbolic.svg
media-seek-backward-symbolic-rtl.svg	/usr/share/icons/Adwaita/symbolic/actions/media-seek-backward-symbolic-rtl.svg
media-seek-backward-symbolic.svg	/usr/share/icons/Adwaita/symbolic/actions/media-seek-backward-symbolic.svg
media-seek-forward-symbolic-rtl.svg	/usr/share/icons/Adwaita/symbolic/actions/media-seek-forward-symbolic-rtl.svg
media-seek-forward-symbolic.svg	/usr/share/icons/Adwaita/symbolic/actions/media-seek-forward-symbolic.svg
media-skip-backward-symbolic-rtl.svg	/usr/share/icons/Adwaita/symbolic/actions/media-skip-backward-symbolic-rtl.svg
media-skip-backward-symbolic.svg	/usr/share/icons/Adwaita/symbolic/actions/media-skip-backward-symbolic.svg
media-skip-forward-symbolic-rtl.svg	/usr/share/icons/Adwaita/symbolic/actions/media-skip-forward-symbolic-rtl.svg
media-skip-forward-symbolic.svg	/usr/share/icons/Adwaita/symbolic/actions/media-skip-forward-symbolic.svg
media-view-subtitles-symbolic.svg	/usr/share/icons/Adwaita/symbolic/actions/media-view-subtitles-symbolic.svg
object-flip-horizontal-symbolic.svg	/usr/share/icons/Adwaita/symbolic/actions/object-flip-horizontal-symbolic.svg
object-flip-vertical-symbolic.svg	/usr/share/icons/Adwaita/symbolic/actions/object-flip-vertical-symbolic.svg
object-rotate-left-symbolic.svg	/usr/share/icons/Adwaita/symbolic/actions/object-rotate-left-symbolic.svg
object-rotate-right-symbolic.svg	/usr/share/icons/Adwaita/symbolic/actions/object-rotate-right-symbolic.svg
object-select-symbolic.svg	/usr/share/icons/Adwaita/symbolic/actions/object-select-symbolic.svg
open-menu-symbolic.svg	/usr/share/icons/Adwaita/symbolic/actions/open-menu-symbolic.svg
process-stop-symbolic.svg	/usr/share/icons/Adwaita/symbolic/actions/process-stop-symbolic.svg
selection-mode-symbolic.svg	/usr/share/icons/Adwaita/symbolic/actions/selection-mode-symbolic.svg
send-to-symbolic.svg	/usr/share/icons/Adwaita/symbolic/actions/send-to-symbolic.svg
sidebar-show-right-symbolic-rtl.svg	/usr/share/icons/Adwaita/symbolic/actions/sidebar-show-right-symbolic-rtl.svg
sidebar-show-right-symbolic.svg	/usr/share/icons/Adwaita/symbolic/actions/sidebar-show-right-symbolic.svg
sidebar-show-symbolic-rtl.svg	/usr/share/icons/Adwaita/symbolic/actions/sidebar-show-symbolic-rtl.svg
sidebar-show-symbolic.svg	/usr/share/icons/Adwaita/symbolic/actions/sidebar-show-symbolic.svg
star-new-symbolic.svg	/usr/share/icons/Adwaita/symbolic/actions/star-new-symbolic.svg
system-log-out-rtl-symbolic.svg	/usr/share/icons/Adwaita/symbolic/actions/system-log-out-rtl-symbolic.svg
system-log-out-symbolic-rtl.svg	/usr/share/icons/Adwaita/symbolic/actions/system-log-out-symbolic-rtl.svg
system-log-out-symbolic.svg	/usr/share/icons/Adwaita/symbolic/actions/system-log-out-symbolic.svg
system-reboot-symbolic.svg	/usr/share/icons/Adwaita/symbolic/actions/system-reboot-symbolic.svg
system-run-symbolic.svg	/usr/share/icons/Adwaita/symbolic/actions/system-run-symbolic.svg
system-search-symbolic.svg	/usr/share/icons/Adwaita/symbolic/actions/system-search-symbolic.svg
system-shutdown-symbolic.svg	/usr/share/icons/Adwaita/symbolic/actions/system-shutdown-symbolic.svg
system-switch-user-rtl-symbolic.svg	/usr/share/icons/Adwaita/symbolic/actions/system-switch-user-rtl-symbolic.svg
system-switch-user-symbolic-rtl.svg	/usr/share/icons/Adwaita/symbolic/actions/system-switch-user-symbolic-rtl.svg
system-switch-user-symbolic.svg	/usr/share/icons/Adwaita/symbolic/actions/system-switch-user-symbolic.svg
tab-new-symbolic.svg	/usr/share/icons/Adwaita/symbolic/actions/tab-new-symbolic.svg
tools-check-spelling-symbolic.svg	/usr/share/icons/Adwaita/symbolic/actions/tools-check-spelling-symbolic.svg
value-decrease-symbolic.svg	/usr/share/icons/Adwaita/symbolic/actions/value-decrease-symbolic.svg
value-increase-symbolic.svg	/usr/share/icons/Adwaita/symbolic/actions/value-increase-symbolic.svg
view-app-grid-symbolic.svg	/usr/share/icons/Adwaita/symbolic/actions/view-app-grid-symbolic.svg
view-conceal-symbolic.svg	/usr/share/icons/Adwaita/symbolic/actions/view-conceal-symbolic.svg
view-continuous-symbolic.svg	/usr/share/icons/Adwaita/symbolic/actions/view-continuous-symbolic.svg
view-dual-symbolic.svg	/usr/share/icons/Adwaita/symbolic/actions/view-dual-symbolic.svg
view-fullscreen-symbolic.svg	/usr/share/icons/Adwaita/symbolic/actions/view-fullscreen-symbolic.svg
view-grid-symbolic.svg	/usr/share/icons/Adwaita/symbolic/actions/view-grid-symbolic.svg
view-list-bullet-rtl-symbolic.svg	/usr/share/icons/Adwaita/symbolic/actions/view-list-bullet-rtl-symbolic.svg
view-list-bullet-symbolic-rtl.svg	/usr/share/icons/Adwaita/symbolic/actions/view-list-bullet-symbolic-rtl.svg
view-list-bullet-symbolic.svg	/usr/share/icons/Adwaita/symbolic/actions/view-list-bullet-symbolic.svg
view-list-ordered-rtl-symbolic.svg	/usr/share/icons/Adwaita/symbolic/actions/view-list-ordered-rtl-symbolic.svg
view-list-ordered-symbolic-rtl.svg	/usr/share/icons/Adwaita/symbolic/actions/view-list-ordered-symbolic-rtl.svg
view-list-ordered-symbolic.svg	/usr/share/icons/Adwaita/symbolic/actions/view-list-ordered-symbolic.svg
view-list-rtl-symbolic.svg	/usr/share/icons/Adwaita/symbolic/actions/view-list-rtl-symbolic.svg
view-list-symbolic-rtl.svg	/usr/share/icons/Adwaita/symbolic/actions/view-list-symbolic-rtl.svg
view-list-symbolic.svg	/usr/share/icons/Adwaita/symbolic/actions/view-list-symbolic.svg
view-mirror-symbolic.svg	/usr/share/icons/Adwaita/symbolic/actions/view-mirror-symbolic.svg
view-more-horizontal-symbolic.svg	/usr/share/icons/Adwaita/symbolic/actions/view-more-horizontal-symbolic.svg
view-more-symbolic.svg	/usr/share/icons/Adwaita/symbolic/actions/view-more-symbolic.svg
view-paged-rtl-symbolic.svg	/usr/share/icons/Adwaita/symbolic/actions/view-paged-rtl-symbolic.svg
view-paged-symbolic-rtl.svg	/usr/share/icons/Adwaita/symbolic/actions/view-paged-symbolic-rtl.svg
view-paged-symbolic.svg	/usr/share/icons/Adwaita/symbolic/actions/view-paged-symbolic.svg
view-pin-symbolic.svg	/usr/share/icons/Adwaita/symbolic/actions/view-pin-symbolic.svg
view-refresh-symbolic.svg	/usr/share/icons/Adwaita/symbolic/actions/view-refresh-symbolic.svg
view-restore-symbolic.svg	/usr/share/icons/Adwaita/symbolic/actions/view-restore-symbolic.svg
view-reveal-symbolic.svg	/usr/share/icons/Adwaita/symbolic/actions/view-reveal-symbolic.svg
view-sort-ascending-rtl-symbolic.svg	/usr/share/icons/Adwaita/symbolic/actions/view-sort-ascending-rtl-symbolic.svg
view-sort-ascending-symbolic-rtl.svg	/usr/share/icons/Adwaita/symbolic/actions/view-sort-ascending-symbolic-rtl.svg
view-sort-ascending-symbolic.svg	/usr/share/icons/Adwaita/symbolic/actions/view-sort-ascending-symbolic.svg
view-sort-descending-rtl-symbolic.svg	/usr/share/icons/Adwaita/symbolic/actions/view-sort-descending-rtl-symbolic.svg
view-sort-descending-symbolic-rtl.svg	/usr/share/icons/Adwaita/symbolic/actions/view-sort-descending-symbolic-rtl.svg
view-sort-descending-symbolic.svg	/usr/share/icons/Adwaita/symbolic/actions/view-sort-descending-symbolic.svg
zoom-fit-best-symbolic.svg	/usr/share/icons/Adwaita/symbolic/actions/zoom-fit-best-symbolic.svg
zoom-in-symbolic.svg	/usr/share/icons/Adwaita/symbolic/actions/zoom-in-symbolic.svg
zoom-original-symbolic.svg	/usr/share/icons/Adwaita/symbolic/actions/zoom-original-symbolic.svg
zoom-out-symbolic.svg	/usr/share/icons/Adwaita/symbolic/actions/zoom-out-symbolic.svg
applications-engineering-symbolic.svg	/usr/share/icons/Adwaita/symbolic/categories/applications-engineering-symbolic.svg
applications-games-symbolic.svg	/usr/share/icons/Adwaita/symbolic/categories/applications-games-symbolic.svg
applications-graphics-symbolic.svg	/usr/share/icons/Adwaita/symbolic/categories/applications-graphics-symbolic.svg
applications-multimedia-symbolic.svg	/usr/share/icons/Adwaita/symbolic/categories/applications-multimedia-symbolic.svg
applications-science-symbolic.svg	/usr/share/icons/Adwaita/symbolic/categories/applications-science-symbolic.svg
applications-system-symbolic.svg	/usr/share/icons/Adwaita/symbolic/categories/applications-system-symbolic.svg
applications-utilities-symbolic.svg	/usr/share/icons/Adwaita/symbolic/categories/applications-utilities-symbolic.svg
emoji-activities-symbolic.svg	/usr/share/icons/Adwaita/symbolic/categories/emoji-activities-symbolic.svg
emoji-body-symbolic.svg	/usr/share/icons/Adwaita/symbolic/categories/emoji-body-symbolic.svg
emoji-flags-symbolic.svg	/usr/share/icons/Adwaita/symbolic/categories/emoji-flags-symbolic.svg
emoji-food-symbolic.svg	/usr/share/icons/Adwaita/symbolic/categories/emoji-food-symbolic.svg
emoji-nature-symbolic.svg	/usr/share/icons/Adwaita/symbolic/categories/emoji-nature-symbolic.svg
emoji-objects-symbolic.svg	/usr/share/icons/Adwaita/symbolic/categories/emoji-objects-symbolic.svg
emoji-people-symbolic.svg	/usr/share/icons/Adwaita/symbolic/categories/emoji-people-symbolic.svg
emoji-recent-symbolic.svg	/usr/share/icons/Adwaita/symbolic/categories/emoji-recent-symbolic.svg
emoji-symbols-symbolic.svg	/usr/share/icons/Adwaita/symbolic/categories/emoji-symbols-symbolic.svg
emoji-travel-symbolic.svg	/usr/share/icons/Adwaita/symbolic/categories/emoji-travel-symbolic.svg
preferences-other-symbolic.svg	/usr/share/icons/Adwaita/symbolic/categories/preferences-other-symbolic.svg
preferences-system-symbolic.svg	/usr/share/icons/Adwaita/symbolic/categories/preferences-system-symbolic.svg
system-help-symbolic.svg	/usr/share/icons/Adwaita/symbolic/categories/system-help-symbolic.svg
ac-adapter-symbolic.svg	/usr/share/icons/Adwaita/symbolic/devices/ac-adapter-symbolic.svg
audio-card-symbolic.svg	/usr/share/icons/Adwaita/symbolic/devices/audio-card-symbolic.svg
audio-headphones-symbolic.svg	/usr/share/icons/Adwaita/symbolic/devices/audio-headphones-symbolic.svg
audio-headset-symbolic.svg	/usr/share/icons/Adwaita/symbolic/devices/audio-headset-symbolic.svg
audio-input-microphone-symbolic.svg	/usr/share/icons/Adwaita/symbolic/devices/audio-input-microphone-symbolic.svg
audio-speakers-rtl-symbolic.svg	/usr/share/icons/Adwaita/symbolic/devices/audio-speakers-rtl-symbolic.svg
audio-speakers-symbolic-rtl.svg	/usr/share/icons/Adwaita/symbolic/devices/audio-speakers-symbolic-rtl.svg
audio-speakers-symbolic.svg	/usr/share/icons/Adwaita/symbolic/devices/audio-speakers-symbolic.svg
auth-face-symbolic.svg	/usr/share/icons/Adwaita/symbolic/devices/auth-face-symbolic.svg
auth-fingerprint-symbolic.svg	/usr/share/icons/Adwaita/symbolic/devices/auth-fingerprint-symbolic.svg
auth-sim-symbolic.svg	/usr/share/icons/Adwaita/symbolic/devices/auth-sim-symbolic.svg
auth-smartcard-symbolic.svg	/usr/share/icons/Adwaita/symbolic/devices/auth-smartcard-symbolic.svg
battery-symbolic.svg	/usr/share/icons/Adwaita/symbolic/devices/battery-symbolic.svg
bluetooth-symbolic.svg	/usr/share/icons/Adwaita/symbolic/devices/bluetooth-symbolic.svg
camera-photo-symbolic.svg	/usr/share/icons/Adwaita/symbolic/devices/camera-photo-symbolic.svg
camera-video-symbolic.svg	/usr/share/icons/Adwaita/symbolic/devices/camera-video-symbolic.svg
camera-web-symbolic.svg	/usr/share/icons/Adwaita/symbolic/devices/camera-web-symbolic.svg
colorimeter-colorhug-symbolic.svg	/usr/share/icons/Adwaita/symbolic/devices/colorimeter-colorhug-symbolic.svg
computer-apple-ipad-symbolic.svg	/usr/share/icons/Adwaita/symbolic/devices/computer-apple-ipad-symbolic.svg
computer-symbolic.svg	/usr/share/icons/Adwaita/symbolic/devices/computer-symbolic.svg
display-projector-symbolic.svg	/usr/share/icons/Adwaita/symbolic/devices/display-projector-symbolic.svg
drive-harddisk-ieee1394-symbolic.svg	/usr/share/icons/Adwaita/symbolic/devices/drive-harddisk-ieee1394-symbolic.svg
drive-harddisk-solidstate-symbolic.svg	/usr/share/icons/Adwaita/symbolic/devices/drive-harddisk-solidstate-symbolic.svg
drive-harddisk-symbolic.svg	/usr/share/icons/Adwaita/symbolic/devices/drive-harddisk-symbolic.svg
drive-harddisk-system-symbolic.svg	/usr/share/icons/Adwaita/symbolic/devices/drive-harddisk-system-symbolic.svg
drive-harddisk-usb-symbolic.svg	/usr/share/icons/Adwaita/symbolic/devices/drive-harddisk-usb-symbolic.svg
drive-multidisk-symbolic.svg	/usr/share/icons/Adwaita/symbolic/devices/drive-multidisk-symbolic.svg
drive-optical-symbolic.svg	/usr/share/icons/Adwaita/symbolic/devices/drive-optical-symbolic.svg
drive-removable-media-symbolic.svg	/usr/share/icons/Adwaita/symbolic/devices/drive-removable-media-symbolic.svg
input-dialpad-symbolic.svg	/usr/share/icons/Adwaita/symbolic/devices/input-dialpad-symbolic.svg
input-gaming-symbolic.svg	/usr/share/icons/Adwaita/symbolic/devices/input-gaming-symbolic.svg
input-keyboard-symbolic.svg	/usr/share/icons/Adwaita/symbolic/devices/input-keyboard-symbolic.svg
input-mouse-symbolic.svg	/usr/share/icons/Adwaita/symbolic/devices/input-mouse-symbolic.svg
input-tablet-symbolic.svg	/usr/share/icons/Adwaita/symbolic/devices/input-tablet-symbolic.svg
input-touchpad-symbolic.svg	/usr/share/icons/Adwaita/symbolic/devices/input-touchpad-symbolic.svg
media-flash-symbolic.svg	/usr/share/icons/Adwaita/symbolic/devices/media-flash-symbolic.svg
media-floppy-symbolic.svg	/usr/share/icons/Adwaita/symbolic/devices/media-floppy-symbolic.svg
media-optical-bd-symbolic.svg	/usr/share/icons/Adwaita/symbolic/devices/media-optical-bd-symbolic.svg
media-optical-cd-audio-symbolic.svg	/usr/share/icons/Adwaita/symbolic/devices/media-optical-cd-audio-symbolic.svg
media-optical-cd-symbolic.svg	/usr/share/icons/Adwaita/symbolic/devices/media-optical-cd-symbolic.svg
media-optical-dvd-symbolic.svg	/usr/share/icons/Adwaita/symbolic/devices/media-optical-dvd-symbolic.svg
media-optical-symbolic.svg	/usr/share/icons/Adwaita/symbolic/devices/media-optical-symbolic.svg
media-removable-symbolic.svg	/usr/share/icons/Adwaita/symbolic/devices/media-removable-symbolic.svg
media-tape-symbolic.svg	/usr/share/icons/Adwaita/symbolic/devices/media-tape-symbolic.svg
media-zip-symbolic.svg	/usr/share/icons/Adwaita/symbolic/devices/media-zip-symbolic.svg
modem-symbolic.svg	/usr/share/icons/Adwaita/symbolic/devices/modem-symbolic.svg
multimedia-player-apple-ipod-touch-symbolic.svg	/usr/share/icons/Adwaita/symbolic/devices/multimedia-player-apple-ipod-touch-symbolic.svg
multimedia-player-symbolic.svg	/usr/share/icons/Adwaita/symbolic/devices/multimedia-player-symbolic.svg
network-cellular-symbolic.svg	/usr/share/icons/Adwaita/symbolic/devices/network-cellular-symbolic.svg
network-wired-symbolic.svg	/usr/share/icons/Adwaita/symbolic/devices/network-wired-symbolic.svg
network-wireless-symbolic.svg	/usr/share/icons/Adwaita/symbolic/devices/network-wireless-symbolic.svg
pda-symbolic.svg	/usr/share/icons/Adwaita/symbolic/devices/pda-symbolic.svg
phone-apple-iphone-symbolic.svg	/usr/share/icons/Adwaita/symbolic/devices/phone-apple-iphone-symbolic.svg
phone-old-symbolic.svg	/usr/share/icons/Adwaita/symbolic/devices/phone-old-symbolic.svg
phone-symbolic.svg	/usr/share/icons/Adwaita/symbolic/devices/phone-symbolic.svg
printer-network-symbolic.svg	/usr/share/icons/Adwaita/symbolic/devices/printer-network-symbolic.svg
printer-symbolic.svg	/usr/share/icons/Adwaita/symbolic/devices/printer-symbolic.svg
scanner-symbolic.svg	/usr/share/icons/Adwaita/symbolic/devices/scanner-symbolic.svg
tablet-symbolic.svg	/usr/share/icons/Adwaita/symbolic/devices/tablet-symbolic.svg
thunderbolt-symbolic.svg	/usr/share/icons/Adwaita/symbolic/devices/thunderbolt-symbolic.svg
tv-symbolic.svg	/usr/share/icons/Adwaita/symbolic/devices/tv-symbolic.svg
uninterruptible-power-supply-symbolic.svg	/usr/share/icons/Adwaita/symbolic/devices/uninterruptible-power-supply-symbolic.svg
video-display-symbolic.svg	/usr/share/icons/Adwaita/symbolic/devices/video-display-symbolic.svg
video-joined-displays-symbolic.svg	/usr/share/icons/Adwaita/symbolic/devices/video-joined-displays-symbolic.svg
video-single-display-symbolic.svg	/usr/share/icons/Adwaita/symbolic/devices/video-single-display-symbolic.svg
emote-love-symbolic.svg	/usr/share/icons/Adwaita/symbolic/emotes/emote-love-symbolic.svg
face-angel-symbolic.svg	/usr/share/icons/Adwaita/symbolic/emotes/face-angel-symbolic.svg
face-angry-symbolic.svg	/usr/share/icons/Adwaita/symbolic/emotes/face-angry-symbolic.svg
face-confused-symbolic.svg	/usr/share/icons/Adwaita/symbolic/emotes/face-confused-symbolic.svg
face-cool-symbolic.svg	/usr/share/icons/Adwaita/symbolic/emotes/face-cool-symbolic.svg
face-crying-symbolic.svg	/usr/share/icons/Adwaita/symbolic/emotes/face-crying-symbolic.svg
face-devilish-symbolic.svg	/usr/share/icons/Adwaita/symbolic/emotes/face-devilish-symbolic.svg
face-embarrassed-symbolic.svg	/usr/share/icons/Adwaita/symbolic/emotes/face-embarrassed-symbolic.svg
face-glasses-symbolic.svg	/usr/share/icons/Adwaita/symbolic/emotes/face-glasses-symbolic.svg
face-kiss-symbolic.svg	/usr/share/icons/Adwaita/symbolic/emotes/face-kiss-symbolic.svg
face-laugh-symbolic.svg	/usr/share/icons/Adwaita/symbolic/emotes/face-laugh-symbolic.svg
face-monkey-symbolic.svg	/usr/share/icons/Adwaita/symbolic/emotes/face-monkey-symbolic.svg
face-plain-symbolic.svg	/usr/share/icons/Adwaita/symbolic/emotes/face-plain-symbolic.svg
face-raspberry-symbolic.svg	/usr/share/icons/Adwaita/symbolic/emotes/face-raspberry-symbolic.svg
face-sad-symbolic.svg	/usr/share/icons/Adwaita/symbolic/emotes/face-sad-symbolic.svg
face-shutmouth-symbolic.svg	/usr/share/icons/Adwaita/symbolic/emotes/face-shutmouth-symbolic.svg
face-sick-symbolic.svg	/usr/share/icons/Adwaita/symbolic/emotes/face-sick-symbolic.svg
face-smile-big-symbolic.svg	/usr/share/icons/Adwaita/symbolic/emotes/face-smile-big-symbolic.svg
face-smile-symbolic.svg	/usr/share/icons/Adwaita/symbolic/emotes/face-smile-symbolic.svg
face-smirk-symbolic.svg	/usr/share/icons/Adwaita/symbolic/emotes/face-smirk-symbolic.svg
face-surprise-symbolic.svg	/usr/share/icons/Adwaita/symbolic/emotes/face-surprise-symbolic.svg
face-tired-symbolic.svg	/usr/share/icons/Adwaita/symbolic/emotes/face-tired-symbolic.svg
face-uncertain-symbolic.svg	/usr/share/icons/Adwaita/symbolic/emotes/face-uncertain-symbolic.svg
face-wink-symbolic.svg	/usr/share/icons/Adwaita/symbolic/emotes/face-wink-symbolic.svg
face-worried-symbolic.svg	/usr/share/icons/Adwaita/symbolic/emotes/face-worried-symbolic.svg
face-yawn-symbolic.svg	/usr/share/icons/Adwaita/symbolic/emotes/face-yawn-symbolic.svg
accessories-calculator-symbolic.svg	/usr/share/icons/Adwaita/symbolic/legacy/accessories-calculator-symbolic.svg
accessories-character-map-symbolic.svg	/usr/share/icons/Adwaita/symbolic/legacy/accessories-character-map-symbolic.svg
accessories-dictionary-symbolic.svg	/usr/share/icons/Adwaita/symbolic/legacy/accessories-dictionary-symbolic.svg
accessories-text-editor-symbolic.svg	/usr/share/icons/Adwaita/symbolic/legacy/accessories-text-editor-symbolic.svg
applets-screenshooter-symbolic.svg	/usr/share/icons/Adwaita/symbolic/legacy/applets-screenshooter-symbolic.svg
battery-caution-charging-symbolic.svg	/usr/share/icons/Adwaita/symbolic/legacy/battery-caution-charging-symbolic.svg
battery-empty-charging-symbolic.svg	/usr/share/icons/Adwaita/symbolic/legacy/battery-empty-charging-symbolic.svg
battery-empty-symbolic.svg	/usr/share/icons/Adwaita/symbolic/legacy/battery-empty-symbolic.svg
battery-full-charged-symbolic.svg	/usr/share/icons/Adwaita/symbolic/legacy/battery-full-charged-symbolic.svg
battery-full-charging-symbolic.svg	/usr/share/icons/Adwaita/symbolic/legacy/battery-full-charging-symbolic.svg
battery-full-symbolic.svg	/usr/share/icons/Adwaita/symbolic/legacy/battery-full-symbolic.svg
battery-good-charging-symbolic.svg	/usr/share/icons/Adwaita/symbolic/legacy/battery-good-charging-symbolic.svg
battery-good-symbolic.svg	/usr/share/icons/Adwaita/symbolic/legacy/battery-good-symbolic.svg
battery-low-charging-symbolic.svg	/usr/share/icons/Adwaita/symbolic/legacy/battery-low-charging-symbolic.svg
emblem-important-symbolic.svg	/usr/share/icons/Adwaita/symbolic/legacy/emblem-important-symbolic.svg
emblem-system-symbolic.svg	/usr/share/icons/Adwaita/symbolic/legacy/emblem-system-symbolic.svg
gnome-power-manager-symbolic.svg	/usr/share/icons/Adwaita/symbolic/legacy/gnome-power-manager-symbolic.svg
goa-panel-symbolic.svg	/usr/share/icons/Adwaita/symbolic/legacy/goa-panel-symbolic.svg
help-browser-symbolic.svg	/usr/share/icons/Adwaita/symbolic/legacy/help-browser-symbolic.svg
help-contents-symbolic.svg	/usr/share/icons/Adwaita/symbolic/legacy/help-contents-symbolic.svg
help-faq-symbolic.svg	/usr/share/icons/Adwaita/symbolic/legacy/help-faq-symbolic.svg
multimedia-volume-control-symbolic.svg	/usr/share/icons/Adwaita/symbolic/legacy/multimedia-volume-control-symbolic.svg
preferences-color-symbolic.svg	/usr/share/icons/Adwaita/symbolic/legacy/preferences-color-symbolic.svg
preferences-desktop-accessibility-symbolic.svg	/usr/share/icons/Adwaita/symbolic/legacy/preferences-desktop-accessibility-symbolic.svg
preferences-desktop-appearance-symbolic.svg	/usr/share/icons/Adwaita/symbolic/legacy/preferences-desktop-appearance-symbolic.svg
preferences-desktop-apps-symbolic.svg	/usr/share/icons/Adwaita/symbolic/legacy/preferences-desktop-apps-symbolic.svg
preferences-desktop-display-symbolic.svg	/usr/share/icons/Adwaita/symbolic/legacy/preferences-desktop-display-symbolic.svg
preferences-desktop-font-symbolic.svg	/usr/share/icons/Adwaita/symbolic/legacy/preferences-desktop-font-symbolic.svg
preferences-desktop-keyboard-shortcuts-symbolic.svg	/usr/share/icons/Adwaita/symbolic/legacy/preferences-desktop-keyboard-shortcuts-symbolic.svg
preferences-desktop-keyboard-symbolic.svg	/usr/share/icons/Adwaita/symbolic/legacy/preferences-desktop-keyboard-symbolic.svg
preferences-desktop-locale-symbolic.svg	/usr/share/icons/Adwaita/symbolic/legacy/preferences-desktop-locale-symbolic.svg
preferences-desktop-multitasking-symbolic.svg	/usr/share/icons/Adwaita/symbolic/legacy/preferences-desktop-multitasking-symbolic.svg
preferences-desktop-remote-desktop-symbolic.svg	/usr/share/icons/Adwaita/symbolic/legacy/preferences-desktop-remote-desktop-symbolic.svg
preferences-desktop-screensaver-symbolic.svg	/usr/share/icons/Adwaita/symbolic/legacy/preferences-desktop-screensaver-symbolic.svg
preferences-desktop-wallpaper-symbolic.svg	/usr/share/icons/Adwaita/symbolic/legacy/preferences-desktop-wallpaper-symbolic.svg
preferences-system-details-symbolic.svg	/usr/share/icons/Adwaita/symbolic/legacy/preferences-system-details-symbolic.svg
preferences-system-devices-symbolic.svg	/usr/share/icons/Adwaita/symbolic/legacy/preferences-system-devices-symbolic.svg
preferences-system-network-proxy-symbolic.svg	/usr/share/icons/Adwaita/symbolic/legacy/preferences-system-network-proxy-symbolic.svg
preferences-system-network-symbolic.svg	/usr/share/icons/Adwaita/symbolic/legacy/preferences-system-network-symbolic.svg
preferences-system-notifications-symbolic.svg	/usr/share/icons/Adwaita/symbolic/legacy/preferences-system-notifications-symbolic.svg
preferences-system-parental-controls-symbolic.svg	/usr/share/icons/Adwaita/symbolic/legacy/preferences-system-parental-controls-symbolic.svg
preferences-system-privacy-symbolic.svg	/usr/share/icons/Adwaita/symbolic/legacy/preferences-system-privacy-symbolic.svg
preferences-system-search-symbolic.svg	/usr/share/icons/Adwaita/symbolic/legacy/preferences-system-search-symbolic.svg
preferences-system-sharing-symbolic.svg	/usr/share/icons/Adwaita/symbolic/legacy/preferences-system-sharing-symbolic.svg
preferences-system-time-symbolic.svg	/usr/share/icons/Adwaita/symbolic/legacy/preferences-system-time-symbolic.svg
system-file-manager-symbolic.svg	/usr/share/icons/Adwaita/symbolic/legacy/system-file-manager-symbolic.svg
system-software-install-symbolic.svg	/usr/share/icons/Adwaita/symbolic/legacy/system-software-install-symbolic.svg
system-users-symbolic.svg	/usr/share/icons/Adwaita/symbolic/legacy/system-users-symbolic.svg
text-editor-symbolic.svg	/usr/share/icons/Adwaita/symbolic/legacy/text-editor-symbolic.svg
user-info-symbolic.svg	/usr/share/icons/Adwaita/symbolic/legacy/user-info-symbolic.svg
utilities-terminal-symbolic.svg	/usr/share/icons/Adwaita/symbolic/legacy/utilities-terminal-symbolic.svg
web-browser-symbolic.svg	/usr/share/icons/Adwaita/symbolic/legacy/web-browser-symbolic.svg
application-certificate-symbolic.svg	/usr/share/icons/Adwaita/symbolic/mimetypes/application-certificate-symbolic.svg
application-rss+xml-symbolic.svg	/usr/share/icons/Adwaita/symbolic/mimetypes/application-rss+xml-symbolic.svg
application-x-addon-symbolic.svg	/usr/share/icons/Adwaita/symbolic/mimetypes/application-x-addon-symbolic.svg
application-x-appliance-symbolic.svg	/usr/share/icons/Adwaita/symbolic/mimetypes/application-x-appliance-symbolic.svg
application-x-executable-symbolic.svg	/usr/share/icons/Adwaita/symbolic/mimetypes/application-x-executable-symbolic.svg
application-x-firmware-symbolic.svg	/usr/share/icons/Adwaita/symbolic/mimetypes/application-x-firmware-symbolic.svg
application-x-sharedlib-symbolic.svg	/usr/share/icons/Adwaita/symbolic/mimetypes/application-x-sharedlib-symbolic.svg
audio-x-generic-symbolic.svg	/usr/share/icons/Adwaita/symbolic/mimetypes/audio-x-generic-symbolic.svg
font-x-generic-symbolic.svg	/usr/share/icons/Adwaita/symbolic/mimetypes/font-x-generic-symbolic.svg
image-x-generic-symbolic.svg	/usr/share/icons/Adwaita/symbolic/mimetypes/image-x-generic-symbolic.svg
inode-directory-symbolic.svg	/usr/share/icons/Adwaita/symbolic/mimetypes/inode-directory-symbolic.svg
package-x-generic-symbolic.svg	/usr/share/icons/Adwaita/symbolic/mimetypes/package-x-generic-symbolic.svg
text-x-generic-symbolic.svg	/usr/share/icons/Adwaita/symbolic/mimetypes/text-x-generic-symbolic.svg
video-x-generic-symbolic.svg	/usr/share/icons/Adwaita/symbolic/mimetypes/video-x-generic-symbolic.svg
x-office-address-book-symbolic.svg	/usr/share/icons/Adwaita/symbolic/mimetypes/x-office-address-book-symbolic.svg
x-office-calendar-symbolic.svg	/usr/share/icons/Adwaita/symbolic/mimetypes/x-office-calendar-symbolic.svg
x-office-document-symbolic.svg	/usr/share/icons/Adwaita/symbolic/mimetypes/x-office-document-symbolic.svg
x-office-drawing-symbolic.svg	/usr/share/icons/Adwaita/symbolic/mimetypes/x-office-drawing-symbolic.svg
x-office-presentation-symbolic.svg	/usr/share/icons/Adwaita/symbolic/mimetypes/x-office-presentation-symbolic.svg
x-office-spreadsheet-symbolic.svg	/usr/share/icons/Adwaita/symbolic/mimetypes/x-office-spreadsheet-symbolic.svg
folder-documents-symbolic.svg	/usr/share/icons/Adwaita/symbolic/places/folder-documents-symbolic.svg
folder-download-symbolic.svg	/usr/share/icons/Adwaita/symbolic/places/folder-download-symbolic.svg
folder-drag-accept-symbolic.svg	/usr/share/icons/Adwaita/symbolic/places/folder-drag-accept-symbolic.svg
folder-music-symbolic.svg	/usr/share/icons/Adwaita/symbolic/places/folder-music-symbolic.svg
folder-pictures-symbolic.svg	/usr/share/icons/Adwaita/symbolic/places/folder-pictures-symbolic.svg
folder-publicshare-symbolic.svg	/usr/share/icons/Adwaita/symbolic/places/folder-publicshare-symbolic.svg
folder-remote-symbolic.svg	/usr/share/icons/Adwaita/symbolic/places/folder-remote-symbolic.svg
folder-saved-search-symbolic.svg	/usr/share/icons/Adwaita/symbolic/places/folder-saved-search-symbolic.svg
folder-symbolic.svg	/usr/share/icons/Adwaita/symbolic/places/folder-symbolic.svg
folder-templates-symbolic.svg	/usr/share/icons/Adwaita/symbolic/places/folder-templates-symbolic.svg
folder-videos-symbolic.svg	/usr/share/icons/Adwaita/symbolic/places/folder-videos-symbolic.svg
network-server-symbolic.svg	/usr/share/icons/Adwaita/symbolic/places/network-server-symbolic.svg
network-workgroup-symbolic.svg	/usr/share/icons/Adwaita/symbolic/places/network-workgroup-symbolic.svg
start-here-symbolic.svg	/usr/share/icons/Adwaita/symbolic/places/start-here-symbolic.svg
user-bookmarks-symbolic.svg	/usr/share/icons/Adwaita/symbolic/places/user-bookmarks-symbolic.svg
user-desktop-symbolic.svg	/usr/share/icons/Adwaita/symbolic/places/user-desktop-symbolic.svg
user-home-symbolic.svg	/usr/share/icons/Adwaita/symbolic/places/user-home-symbolic.svg
user-trash-symbolic.svg	/usr/share/icons/Adwaita/symbolic/places/user-trash-symbolic.svg
airplane-mode-disabled-symbolic.svg	/usr/share/icons/Adwaita/symbolic/status/airplane-mode-disabled-symbolic.svg
airplane-mode-symbolic.svg	/usr/share/icons/Adwaita/symbolic/status/airplane-mode-symbolic.svg
alarm-symbolic.svg	/usr/share/icons/Adwaita/symbolic/status/alarm-symbolic.svg
appointment-missed-symbolic.svg	/usr/share/icons/Adwaita/symbolic/status/appointment-missed-symbolic.svg
appointment-soon-symbolic.svg	/usr/share/icons/Adwaita/symbolic/status/appointment-soon-symbolic.svg
audio-volume-high-rtl-symbolic.svg	/usr/share/icons/Adwaita/symbolic/status/audio-volume-high-rtl-symbolic.svg
audio-volume-high-symbolic-rtl.svg	/usr/share/icons/Adwaita/symbolic/status/audio-volume-high-symbolic-rtl.svg
audio-volume-high-symbolic.svg	/usr/share/icons/Adwaita/symbolic/status/audio-volume-high-symbolic.svg
audio-volume-low-rtl-symbolic.svg	/usr/share/icons/Adwaita/symbolic/status/audio-volume-low-rtl-symbolic.svg
audio-volume-low-symbolic-rtl.svg	/usr/share/icons/Adwaita/symbolic/status/audio-volume-low-symbolic-rtl.svg
audio-volume-low-symbolic.svg	/usr/share/icons/Adwaita/symbolic/status/audio-volume-low-symbolic.svg
audio-volume-medium-rtl-symbolic.svg	/usr/share/icons/Adwaita/symbolic/status/audio-volume-medium-rtl-symbolic.svg
audio-volume-medium-symbolic-rtl.svg	/usr/share/icons/Adwaita/symbolic/status/audio-volume-medium-symbolic-rtl.svg
audio-volume-medium-symbolic.svg	/usr/share/icons/Adwaita/symbolic/status/audio-volume-medium-symbolic.svg
audio-volume-muted-rtl-symbolic.svg	/usr/share/icons/Adwaita/symbolic/status/audio-volume-muted-rtl-symbolic.svg
audio-volume-muted-symbolic-rtl.svg	/usr/share/icons/Adwaita/symbolic/status/audio-volume-muted-symbolic-rtl.svg
audio-volume-muted-symbolic.svg	/usr/share/icons/Adwaita/symbolic/status/audio-volume-muted-symbolic.svg
audio-volume-overamplified-rtl-symbolic.svg	/usr/share/icons/Adwaita/symbolic/status/audio-volume-overamplified-rtl-symbolic.svg
audio-volume-overamplified-symbolic-rtl.svg	/usr/share/icons/Adwaita/symbolic/status/audio-volume-overamplified-symbolic-rtl.svg
audio-volume-overamplified-symbolic.svg	/usr/share/icons/Adwaita/symbolic/status/audio-volume-overamplified-symbolic.svg
auth-sim-locked-symbolic.svg	/usr/share/icons/Adwaita/symbolic/status/auth-sim-locked-symbolic.svg
auth-sim-missing-symbolic.svg	/usr/share/icons/Adwaita/symbolic/status/auth-sim-missing-symbolic.svg
avatar-default-symbolic.svg	/usr/share/icons/Adwaita/symbolic/status/avatar-default-symbolic.svg
battery-action-symbolic.svg	/usr/share/icons/Adwaita/symbolic/status/battery-action-symbolic.svg
battery-caution-symbolic.svg	/usr/share/icons/Adwaita/symbolic/status/battery-caution-symbolic.svg
battery-level-0-charging-symbolic.svg	/usr/share/icons/Adwaita/symbolic/status/battery-level-0-charging-symbolic.svg
battery-level-0-plugged-in-symbolic.svg	/usr/share/icons/Adwaita/symbolic/status/battery-level-0-plugged-in-symbolic.svg
battery-level-0-symbolic.svg	/usr/share/icons/Adwaita/symbolic/status/battery-level-0-symbolic.svg
battery-level-10-charging-symbolic.svg	/usr/share/icons/Adwaita/symbolic/status/battery-level-10-charging-symbolic.svg
battery-level-10-plugged-in-symbolic.svg	/usr/share/icons/Adwaita/symbolic/status/battery-level-10-plugged-in-symbolic.svg
battery-level-10-symbolic.svg	/usr/share/icons/Adwaita/symbolic/status/battery-level-10-symbolic.svg
battery-level-100-charged-symbolic.svg	/usr/share/icons/Adwaita/symbolic/status/battery-level-100-charged-symbolic.svg
battery-level-100-plugged-in-symbolic.svg	/usr/share/icons/Adwaita/symbolic/status/battery-level-100-plugged-in-symbolic.svg
battery-level-100-symbolic.svg	/usr/share/icons/Adwaita/symbolic/status/battery-level-100-symbolic.svg
battery-level-20-charging-symbolic.svg	/usr/share/icons/Adwaita/symbolic/status/battery-level-20-charging-symbolic.svg
battery-level-20-plugged-in-symbolic.svg	/usr/share/icons/Adwaita/symbolic/status/battery-level-20-plugged-in-symbolic.svg
battery-level-20-symbolic.svg	/usr/share/icons/Adwaita/symbolic/status/battery-level-20-symbolic.svg
battery-level-30-charging-symbolic.svg	/usr/share/icons/Adwaita/symbolic/status/battery-level-30-charging-symbolic.svg
battery-level-30-plugged-in-symbolic.svg	/usr/share/icons/Adwaita/symbolic/status/battery-level-30-plugged-in-symbolic.svg
battery-level-30-symbolic.svg	/usr/share/icons/Adwaita/symbolic/status/battery-level-30-symbolic.svg
battery-level-40-charging-symbolic.svg	/usr/share/icons/Adwaita/symbolic/status/battery-level-40-charging-symbolic.svg
battery-level-40-plugged-in-symbolic.svg	/usr/share/icons/Adwaita/symbolic/status/battery-level-40-plugged-in-symbolic.svg
battery-level-40-symbolic.svg	/usr/share/icons/Adwaita/symbolic/status/battery-level-40-symbolic.svg
battery-level-50-charging-symbolic.svg	/usr/share/icons/Adwaita/symbolic/status/battery-level-50-charging-symbolic.svg
battery-level-50-plugged-in-symbolic.svg	/usr/share/icons/Adwaita/symbolic/status/battery-level-50-plugged-in-symbolic.svg
battery-level-50-symbolic.svg	/usr/share/icons/Adwaita/symbolic/status/battery-level-50-symbolic.svg
battery-level-60-charging-symbolic.svg	/usr/share/icons/Adwaita/symbolic/status/battery-level-60-charging-symbolic.svg
battery-level-60-plugged-in-symbolic.svg	/usr/share/icons/Adwaita/symbolic/status/battery-level-60-plugged-in-symbolic.svg
battery-level-60-symbolic.svg	/usr/share/icons/Adwaita/symbolic/status/battery-level-60-symbolic.svg
battery-level-70-charging-symbolic.svg	/usr/share/icons/Adwaita/symbolic/status/battery-level-70-charging-symbolic.svg
battery-level-70-plugged-in-symbolic.svg	/usr/share/icons/Adwaita/symbolic/status/battery-level-70-plugged-in-symbolic.svg
battery-level-70-symbolic.svg	/usr/share/icons/Adwaita/symbolic/status/battery-level-70-symbolic.svg
battery-level-80-charging-symbolic.svg	/usr/share/icons/Adwaita/symbolic/status/battery-level-80-charging-symbolic.svg
battery-level-80-plugged-in-symbolic.svg	/usr/share/icons/Adwaita/symbolic/status/battery-level-80-plugged-in-symbolic.svg
battery-level-80-symbolic.svg	/usr/share/icons/Adwaita/symbolic/status/battery-level-80-symbolic.svg
battery-level-90-charging-symbolic.svg	/usr/share/icons/Adwaita/symbolic/status/battery-level-90-charging-symbolic.svg
battery-level-90-plugged-in-symbolic.svg	/usr/share/icons/Adwaita/symbolic/status/battery-level-90-plugged-in-symbolic.svg
battery-level-90-symbolic.svg	/usr/share/icons/Adwaita/symbolic/status/battery-level-90-symbolic.svg
battery-low-symbolic.svg	/usr/share/icons/Adwaita/symbolic/status/battery-low-symbolic.svg
battery-missing-symbolic.svg	/usr/share/icons/Adwaita/symbolic/status/battery-missing-symbolic.svg
bluetooth-acquiring-symbolic.svg	/usr/share/icons/Adwaita/symbolic/status/bluetooth-acquiring-symbolic.svg
bluetooth-active-symbolic.svg	/usr/share/icons/Adwaita/symbolic/status/bluetooth-active-symbolic.svg
bluetooth-disabled-symbolic.svg	/usr/share/icons/Adwaita/symbolic/status/bluetooth-disabled-symbolic.svg
bluetooth-disconnected-symbolic.svg	/usr/share/icons/Adwaita/symbolic/status/bluetooth-disconnected-symbolic.svg
bluetooth-hardware-disabled-symbolic.svg	/usr/share/icons/Adwaita/symbolic/status/bluetooth-hardware-disabled-symbolic.svg
call-incoming-symbolic.svg	/usr/share/icons/Adwaita/symbolic/status/call-incoming-symbolic.svg
call-missed-symbolic.svg	/usr/share/icons/Adwaita/symbolic/status/call-missed-symbolic.svg
call-outgoing-symbolic.svg	/usr/share/icons/Adwaita/symbolic/status/call-outgoing-symbolic.svg
camera-disabled-symbolic.svg	/usr/share/icons/Adwaita/symbolic/status/camera-disabled-symbolic.svg
camera-hardware-disabled-symbolic.svg	/usr/share/icons/Adwaita/symbolic/status/camera-hardware-disabled-symbolic.svg
changes-allow-symbolic.svg	/usr/share/icons/Adwaita/symbolic/status/changes-allow-symbolic.svg
changes-prevent-symbolic.svg	/usr/share/icons/Adwaita/symbolic/status/changes-prevent-symbolic.svg
channel-insecure-symbolic.svg	/usr/share/icons/Adwaita/symbolic/status/channel-insecure-symbolic.svg
channel-secure-symbolic.svg	/usr/share/icons/Adwaita/symbolic/status/channel-secure-symbolic.svg
computer-fail-symbolic.svg	/usr/share/icons/Adwaita/symbolic/status/computer-fail-symbolic.svg
content-loading-symbolic.svg	/usr/share/icons/Adwaita/symbolic/status/content-loading-symbolic.svg
daytime-sunrise-symbolic.svg	/usr/share/icons/Adwaita/symbolic/status/daytime-sunrise-symbolic.svg
daytime-sunset-symbolic.svg	/usr/share/icons/Adwaita/symbolic/status/daytime-sunset-symbolic.svg
dialog-error-symbolic.svg	/usr/share/icons/Adwaita/symbolic/status/dialog-error-symbolic.svg
dialog-information-symbolic.svg	/usr/share/icons/Adwaita/symbolic/status/dialog-information-symbolic.svg
dialog-password-symbolic.svg	/usr/share/icons/Adwaita/symbolic/status/dialog-password-symbolic.svg
dialog-question-symbolic.svg	/usr/share/icons/Adwaita/symbolic/status/dialog-question-symbolic.svg
dialog-warning-symbolic.svg	/usr/share/icons/Adwaita/symbolic/status/dialog-warning-symbolic.svg
display-brightness-symbolic.svg	/usr/share/icons/Adwaita/symbolic/status/display-brightness-symbolic.svg
folder-open-symbolic.svg	/usr/share/icons/Adwaita/symbolic/status/folder-open-symbolic.svg
folder-visiting-symbolic.svg	/usr/share/icons/Adwaita/symbolic/status/folder-visiting-symbolic.svg
image-loading-symbolic.svg	/usr/share/icons/Adwaita/symbolic/status/image-loading-symbolic.svg
image-missing-symbolic.svg	/usr/share/icons/Adwaita/symbolic/status/image-missing-symbolic.svg
keyboard-brightness-symbolic.svg	/usr/share/icons/Adwaita/symbolic/status/keyboard-brightness-symbolic.svg
location-services-active-symbolic.svg	/usr/share/icons/Adwaita/symbolic/status/location-services-active-symbolic.svg
location-services-disabled-symbolic.svg	/usr/share/icons/Adwaita/symbolic/status/location-services-disabled-symbolic.svg
mail-attachment-symbolic.svg	/usr/share/icons/Adwaita/symbolic/status/mail-attachment-symbolic.svg
mail-read-symbolic.svg	/usr/share/icons/Adwaita/symbolic/status/mail-read-symbolic.svg
mail-replied-rtl-symbolic.svg	/usr/share/icons/Adwaita/symbolic/status/mail-replied-rtl-symbolic.svg
mail-replied-symbolic-rtl.svg	/usr/share/icons/Adwaita/symbolic/status/mail-replied-symbolic-rtl.svg
mail-replied-symbolic.svg	/usr/share/icons/Adwaita/symbolic/status/mail-replied-symbolic.svg
mail-unread-symbolic.svg	/usr/share/icons/Adwaita/symbolic/status/mail-unread-symbolic.svg
media-playlist-consecutive-symbolic.svg	/usr/share/icons/Adwaita/symbolic/status/media-playlist-consecutive-symbolic.svg
media-playlist-repeat-song-symbolic.svg	/usr/share/icons/Adwaita/symbolic/status/media-playlist-repeat-song-symbolic.svg
media-playlist-repeat-symbolic.svg	/usr/share/icons/Adwaita/symbolic/status/media-playlist-repeat-symbolic.svg
media-playlist-shuffle-symbolic.svg	/usr/share/icons/Adwaita/symbolic/status/media-playlist-shuffle-symbolic.svg
microphone-disabled-symbolic.svg	/usr/share/icons/Adwaita/symbolic/status/microphone-disabled-symbolic.svg
microphone-hardware-disabled-symbolic.svg	/usr/share/icons/Adwaita/symbolic/status/microphone-hardware-disabled-symbolic.svg
microphone-sensitivity-high-symbolic.svg	/usr/share/icons/Adwaita/symbolic/status/microphone-sensitivity-high-symbolic.svg
microphone-sensitivity-low-symbolic.svg	/usr/share/icons/Adwaita/symbolic/status/microphone-sensitivity-low-symbolic.svg
microphone-sensitivity-medium-symbolic.svg	/usr/share/icons/Adwaita/symbolic/status/microphone-sensitivity-medium-symbolic.svg
microphone-sensitivity-muted-symbolic.svg	/usr/share/icons/Adwaita/symbolic/status/microphone-sensitivity-muted-symbolic.svg
network-cellular-2g-symbolic.svg	/usr/share/icons/Adwaita/symbolic/status/network-cellular-2g-symbolic.svg
network-cellular-3g-symbolic.svg	/usr/share/icons/Adwaita/symbolic/status/network-cellular-3g-symbolic.svg
network-cellular-4g-symbolic.svg	/usr/share/icons/Adwaita/symbolic/status/network-cellular-4g-symbolic.svg
network-cellular-5g-symbolic.svg	/usr/share/icons/Adwaita/symbolic/status/network-cellular-5g-symbolic.svg
network-cellular-acquiring-rtl-symbolic.svg	/usr/share/icons/Adwaita/symbolic/status/network-cellular-acquiring-rtl-symbolic.svg
network-cellular-acquiring-symbolic-rtl.svg	/usr/share/icons/Adwaita/symbolic/status/network-cellular-acquiring-symbolic-rtl.svg
network-cellular-acquiring-symbolic.svg	/usr/share/icons/Adwaita/symbolic/status/network-cellular-acquiring-symbolic.svg
network-cellular-connected-symbolic.svg	/usr/share/icons/Adwaita/symbolic/status/network-cellular-connected-symbolic.svg
network-cellular-disabled-rtl-symbolic.svg	/usr/share/icons/Adwaita/symbolic/status/network-cellular-disabled-rtl-symbolic.svg
network-cellular-disabled-symbolic-rtl.svg	/usr/share/icons/Adwaita/symbolic/status/network-cellular-disabled-symbolic-rtl.svg
network-cellular-disabled-symbolic.svg	/usr/share/icons/Adwaita/symbolic/status/network-cellular-disabled-symbolic.svg
network-cellular-edge-symbolic.svg	/usr/share/icons/Adwaita/symbolic/status/network-cellular-edge-symbolic.svg
network-cellular-gprs-symbolic.svg	/usr/share/icons/Adwaita/symbolic/status/network-cellular-gprs-symbolic.svg
network-cellular-hardware-disabled-rtl-symbolic.svg	/usr/share/icons/Adwaita/symbolic/status/network-cellular-hardware-disabled-rtl-symbolic.svg
network-cellular-hardware-disabled-symbolic-rtl.svg	/usr/share/icons/Adwaita/symbolic/status/network-cellular-hardware-disabled-symbolic-rtl.svg
network-cellular-hardware-disabled-symbolic.svg	/usr/share/icons/Adwaita/symbolic/status/network-cellular-hardware-disabled-symbolic.svg
network-cellular-hspa-symbolic.svg	/usr/share/icons/Adwaita/symbolic/status/network-cellular-hspa-symbolic.svg
network-cellular-no-route-rtl-symbolic.svg	/usr/share/icons/Adwaita/symbolic/status/network-cellular-no-route-rtl-symbolic.svg
network-cellular-no-route-symbolic-rtl.svg	/usr/share/icons/Adwaita/symbolic/status/network-cellular-no-route-symbolic-rtl.svg
network-cellular-no-route-symbolic.svg	/usr/share/icons/Adwaita/symbolic/status/network-cellular-no-route-symbolic.svg
network-cellular-offline-rtl-symbolic.svg	/usr/share/icons/Adwaita/symbolic/status/network-cellular-offline-rtl-symbolic.svg
network-cellular-offline-symbolic-rtl.svg	/usr/share/icons/Adwaita/symbolic/status/network-cellular-offline-symbolic-rtl.svg
network-cellular-offline-symbolic.svg	/usr/share/icons/Adwaita/symbolic/status/network-cellular-offline-symbolic.svg
network-cellular-signal-excellent-rtl-symbolic.svg	/usr/share/icons/Adwaita/symbolic/status/network-cellular-signal-excellent-rtl-symbolic.svg
network-cellular-signal-excellent-symbolic-rtl.svg	/usr/share/icons/Adwaita/symbolic/status/network-cellular-signal-excellent-symbolic-rtl.svg
network-cellular-signal-excellent-symbolic.svg	/usr/share/icons/Adwaita/symbolic/status/network-cellular-signal-excellent-symbolic.svg
network-cellular-signal-good-rtl-symbolic.svg	/usr/share/icons/Adwaita/symbolic/status/network-cellular-signal-good-rtl-symbolic.svg
network-cellular-signal-good-symbolic-rtl.svg	/usr/share/icons/Adwaita/symbolic/status/network-cellular-signal-good-symbolic-rtl.svg
network-cellular-signal-good-symbolic.svg	/usr/share/icons/Adwaita/symbolic/status/network-cellular-signal-good-symbolic.svg
network-cellular-signal-none-rtl-symbolic.svg	/usr/share/icons/Adwaita/symbolic/status/network-cellular-signal-none-rtl-symbolic.svg
network-cellular-signal-none-symbolic-rtl.svg	/usr/share/icons/Adwaita/symbolic/status/network-cellular-signal-none-symbolic-rtl.svg
network-cellular-signal-none-symbolic.svg	/usr/share/icons/Adwaita/symbolic/status/network-cellular-signal-none-symbolic.svg
network-cellular-signal-ok-rtl-symbolic.svg	/usr/share/icons/Adwaita/symbolic/status/network-cellular-signal-ok-rtl-symbolic.svg
network-cellular-signal-ok-symbolic-rtl.svg	/usr/share/icons/Adwaita/symbolic/status/network-cellular-signal-ok-symbolic-rtl.svg
network-cellular-signal-ok-symbolic.svg	/usr/share/icons/Adwaita/symbolic/status/network-cellular-signal-ok-symbolic.svg
network-cellular-signal-weak-rtl-symbolic.svg	/usr/share/icons/Adwaita/symbolic/status/network-cellular-signal-weak-rtl-symbolic.svg
network-cellular-signal-weak-symbolic-rtl.svg	/usr/share/icons/Adwaita/symbolic/status/network-cellular-signal-weak-symbolic-rtl.svg
network-cellular-signal-weak-symbolic.svg	/usr/share/icons/Adwaita/symbolic/status/network-cellular-signal-weak-symbolic.svg
network-error-symbolic.svg	/usr/share/icons/Adwaita/symbolic/status/network-error-symbolic.svg
network-idle-symbolic.svg	/usr/share/icons/Adwaita/symbolic/status/network-idle-symbolic.svg
network-no-route-symbolic.svg	/usr/share/icons/Adwaita/symbolic/status/network-no-route-symbolic.svg
network-offline-symbolic.svg	/usr/share/icons/Adwaita/symbolic/status/network-offline-symbolic.svg
network-receive-symbolic-rtl.svg	/usr/share/icons/Adwaita/symbolic/status/network-receive-symbolic-rtl.svg
network-receive-symbolic.svg	/usr/share/icons/Adwaita/symbolic/status/network-receive-symbolic.svg
network-transmit-receive-symbolic.svg	/usr/share/icons/Adwaita/symbolic/status/network-transmit-receive-symbolic.svg
network-transmit-symbolic-rtl.svg	/usr/share/icons/Adwaita/symbolic/status/network-transmit-symbolic-rtl.svg
network-transmit-symbolic.svg	/usr/share/icons/Adwaita/symbolic/status/network-transmit-symbolic.svg
network-vpn-acquiring-symbolic.svg	/usr/share/icons/Adwaita/symbolic/status/network-vpn-acquiring-symbolic.svg
network-vpn-disabled-symbolic.svg	/usr/share/icons/Adwaita/symbolic/status/network-vpn-disabled-symbolic.svg
network-vpn-disconnected-symbolic.svg	/usr/share/icons/Adwaita/symbolic/status/network-vpn-disconnected-symbolic.svg
network-vpn-no-route-symbolic.svg	/usr/share/icons/Adwaita/symbolic/status/network-vpn-no-route-symbolic.svg
network-vpn-symbolic.svg	/usr/share/icons/Adwaita/symbolic/status/network-vpn-symbolic.svg
network-wired-acquiring-symbolic.svg	/usr/share/icons/Adwaita/symbolic/status/network-wired-acquiring-symbolic.svg
network-wired-disconnected-symbolic.svg	/usr/share/icons/Adwaita/symbolic/status/network-wired-disconnected-symbolic.svg
network-wired-no-route-symbolic.svg	/usr/share/icons/Adwaita/symbolic/status/network-wired-no-route-symbolic.svg
network-wireless-acquiring-symbolic.svg	/usr/share/icons/Adwaita/symbolic/status/network-wireless-acquiring-symbolic.svg
network-wireless-connected-symbolic.svg	/usr/share/icons/Adwaita/symbolic/status/network-wireless-connected-symbolic.svg
network-wireless-disabled-symbolic.svg	/usr/share/icons/Adwaita/symbolic/status/network-wireless-disabled-symbolic.svg
network-wireless-encrypted-symbolic.svg	/usr/share/icons/Adwaita/symbolic/status/network-wireless-encrypted-symbolic.svg
network-wireless-hardware-disabled-symbolic.svg	/usr/share/icons/Adwaita/symbolic/status/network-wireless-hardware-disabled-symbolic.svg
network-wireless-hotspot-symbolic.svg	/usr/share/icons/Adwaita/symbolic/status/network-wireless-hotspot-symbolic.svg
network-wireless-no-route-symbolic.svg	/usr/share/icons/Adwaita/symbolic/status/network-wireless-no-route-symbolic.svg
network-wireless-offline-symbolic.svg	/usr/share/icons/Adwaita/symbolic/status/network-wireless-offline-symbolic.svg
network-wireless-signal-excellent-symbolic.svg	/usr/share/icons/Adwaita/symbolic/status/network-wireless-signal-excellent-symbolic.svg
network-wireless-signal-good-symbolic.svg	/usr/share/icons/Adwaita/symbolic/status/network-wireless-signal-good-symbolic.svg
network-wireless-signal-none-symbolic.svg	/usr/share/icons/Adwaita/symbolic/status/network-wireless-signal-none-symbolic.svg
network-wireless-signal-ok-symbolic.svg	/usr/share/icons/Adwaita/symbolic/status/network-wireless-signal-ok-symbolic.svg
network-wireless-signal-weak-symbolic.svg	/usr/share/icons/Adwaita/symbolic/status/network-wireless-signal-weak-symbolic.svg
night-light-disabled-symbolic.svg	/usr/share/icons/Adwaita/symbolic/status/night-light-disabled-symbolic.svg
night-light-symbolic.svg	/usr/share/icons/Adwaita/symbolic/status/night-light-symbolic.svg
non-starred-symbolic.svg	/usr/share/icons/Adwaita/symbolic/status/non-starred-symbolic.svg
notifications-disabled-symbolic.svg	/usr/share/icons/Adwaita/symbolic/status/notifications-disabled-symbolic.svg
orientation-landscape-inverse-symbolic.svg	/usr/share/icons/Adwaita/symbolic/status/orientation-landscape-inverse-symbolic.svg
orientation-landscape-symbolic.svg	/usr/share/icons/Adwaita/symbolic/status/orientation-landscape-symbolic.svg
orientation-portrait-left-symbolic-rtl.svg	/usr/share/icons/Adwaita/symbolic/status/orientation-portrait-left-symbolic-rtl.svg
orientation-portrait-left-symbolic.svg	/usr/share/icons/Adwaita/symbolic/status/orientation-portrait-left-symbolic.svg
orientation-portrait-right-symbolic-rtl.svg	/usr/share/icons/Adwaita/symbolic/status/orientation-portrait-right-symbolic-rtl.svg
orientation-portrait-right-symbolic.svg	/usr/share/icons/Adwaita/symbolic/status/orientation-portrait-right-symbolic.svg
power-profile-balanced-symbolic.svg	/usr/share/icons/Adwaita/symbolic/status/power-profile-balanced-symbolic.svg
power-profile-performance-symbolic.svg	/usr/share/icons/Adwaita/symbolic/status/power-profile-performance-symbolic.svg
power-profile-power-saver-symbolic.svg	/usr/share/icons/Adwaita/symbolic/status/power-profile-power-saver-symbolic.svg
printer-error-symbolic.svg	/usr/share/icons/Adwaita/symbolic/status/printer-error-symbolic.svg
printer-printing-symbolic.svg	/usr/share/icons/Adwaita/symbolic/status/printer-printing-symbolic.svg
printer-warning-symbolic.svg	/usr/share/icons/Adwaita/symbolic/status/printer-warning-symbolic.svg
rotation-allowed-symbolic.svg	/usr/share/icons/Adwaita/symbolic/status/rotation-allowed-symbolic.svg
rotation-locked-symbolic.svg	/usr/share/icons/Adwaita/symbolic/status/rotation-locked-symbolic.svg
screen-shared-symbolic.svg	/usr/share/icons/Adwaita/symbolic/status/screen-shared-symbolic.svg
security-high-symbolic.svg	/usr/share/icons/Adwaita/symbolic/status/security-high-symbolic.svg
security-low-symbolic.svg	/usr/share/icons/Adwaita/symbolic/status/security-low-symbolic.svg
security-medium-rtl-symbolic.svg	/usr/share/icons/Adwaita/symbolic/status/security-medium-rtl-symbolic.svg
security-medium-symbolic-rtl.svg	/usr/share/icons/Adwaita/symbolic/status/security-medium-symbolic-rtl.svg
security-medium-symbolic.svg	/usr/share/icons/Adwaita/symbolic/status/security-medium-symbolic.svg
semi-starred-rtl-symbolic.svg	/usr/share/icons/Adwaita/symbolic/status/semi-starred-rtl-symbolic.svg
semi-starred-symbolic-rtl.svg	/usr/share/icons/Adwaita/symbolic/status/semi-starred-symbolic-rtl.svg
semi-starred-symbolic.svg	/usr/share/icons/Adwaita/symbolic/status/semi-starred-symbolic.svg
software-update-available-symbolic.svg	/usr/share/icons/Adwaita/symbolic/status/software-update-available-symbolic.svg
software-update-urgent-symbolic.svg	/usr/share/icons/Adwaita/symbolic/status/software-update-urgent-symbolic.svg
starred-symbolic.svg	/usr/share/icons/Adwaita/symbolic/status/starred-symbolic.svg
system-lock-screen-symbolic.svg	/usr/share/icons/Adwaita/symbolic/status/system-lock-screen-symbolic.svg
task-due-symbolic.svg	/usr/share/icons/Adwaita/symbolic/status/task-due-symbolic.svg
task-past-due-symbolic.svg	/usr/share/icons/Adwaita/symbolic/status/task-past-due-symbolic.svg
thunderbolt-acquiring-symbolic.svg	/usr/share/icons/Adwaita/symbolic/status/thunderbolt-acquiring-symbolic.svg
touch-disabled-symbolic.svg	/usr/share/icons/Adwaita/symbolic/status/touch-disabled-symbolic.svg
touchpad-disabled-symbolic.svg	/usr/share/icons/Adwaita/symbolic/status/touchpad-disabled-symbolic.svg
user-available-symbolic.svg	/usr/share/icons/Adwaita/symbolic/status/user-available-symbolic.svg
user-away-symbolic.svg	/usr/share/icons/Adwaita/symbolic/status/user-away-symbolic.svg
user-busy-symbolic.svg	/usr/share/icons/Adwaita/symbolic/status/user-busy-symbolic.svg
user-idle-symbolic.svg	/usr/share/icons/Adwaita/symbolic/status/user-idle-symbolic.svg
user-invisible-symbolic.svg	/usr/share/icons/Adwaita/symbolic/status/user-invisible-symbolic.svg
user-not-tracked-symbolic.svg	/usr/share/icons/Adwaita/symbolic/status/user-not-tracked-symbolic.svg
user-offline-symbolic.svg	/usr/share/icons/Adwaita/symbolic/status/user-offline-symbolic.svg
user-status-pending-symbolic.svg	/usr/share/icons/Adwaita/symbolic/status/user-status-pending-symbolic.svg
user-trash-full-symbolic.svg	/usr/share/icons/Adwaita/symbolic/status/user-trash-full-symbolic.svg
view-wrapped-rtl-symbolic.svg	/usr/share/icons/Adwaita/symbolic/status/view-wrapped-rtl-symbolic.svg
view-wrapped-symbolic-rtl.svg	/usr/share/icons/Adwaita/symbolic/status/view-wrapped-symbolic-rtl.svg
view-wrapped-symbolic.svg	/usr/share/icons/Adwaita/symbolic/status/view-wrapped-symbolic.svg
weather-clear-night-symbolic.svg	/usr/share/icons/Adwaita/symbolic/status/weather-clear-night-symbolic.svg
weather-clear-symbolic.svg	/usr/share/icons/Adwaita/symbolic/status/weather-clear-symbolic.svg
weather-few-clouds-night-symbolic.svg	/usr/share/icons/Adwaita/symbolic/status/weather-few-clouds-night-symbolic.svg
weather-few-clouds-symbolic.svg	/usr/share/icons/Adwaita/symbolic/status/weather-few-clouds-symbolic.svg
weather-fog-symbolic.svg	/usr/share/icons/Adwaita/symbolic/status/weather-fog-symbolic.svg
weather-overcast-symbolic.svg	/usr/share/icons/Adwaita/symbolic/status/weather-overcast-symbolic.svg
weather-severe-alert-symbolic.svg	/usr/share/icons/Adwaita/symbolic/status/weather-severe-alert-symbolic.svg
weather-showers-scattered-symbolic.svg	/usr/share/icons/Adwaita/symbolic/status/weather-showers-scattered-symbolic.svg
weather-showers-symbolic.svg	/usr/share/icons/Adwaita/symbolic/status/weather-showers-symbolic.svg
weather-snow-symbolic.svg	/usr/share/icons/Adwaita/symbolic/status/weather-snow-symbolic.svg
weather-storm-symbolic.svg	/usr/share/icons/Adwaita/symbolic/status/weather-storm-symbolic.svg
weather-tornado-symbolic.svg	/usr/share/icons/Adwaita/symbolic/status/weather-tornado-symbolic.svg
weather-windy-symbolic.svg	/usr/share/icons/Adwaita/symbolic/status/weather-windy-symbolic.svg
checkbox-checked-symbolic.svg	/usr/share/icons/Adwaita/symbolic/ui/checkbox-checked-symbolic.svg
checkbox-mixed-symbolic.svg	/usr/share/icons/Adwaita/symbolic/ui/checkbox-mixed-symbolic.svg
checkbox-symbolic.svg	/usr/share/icons/Adwaita/symbolic/ui/checkbox-symbolic.svg
focus-legacy-systray-symbolic.svg	/usr/share/icons/Adwaita/symbolic/ui/focus-legacy-systray-symbolic.svg
focus-top-bar-symbolic.svg	/usr/share/icons/Adwaita/symbolic/ui/focus-top-bar-symbolic.svg
focus-windows-symbolic.svg	/usr/share/icons/Adwaita/symbolic/ui/focus-windows-symbolic.svg
list-drag-handle-symbolic.svg	/usr/share/icons/Adwaita/symbolic/ui/list-drag-handle-symbolic.svg
pan-down-symbolic.svg	/usr/share/icons/Adwaita/symbolic/ui/pan-down-symbolic.svg
pan-end-symbolic-rtl.svg	/usr/share/icons/Adwaita/symbolic/ui/pan-end-symbolic-rtl.svg
pan-end-symbolic.svg	/usr/share/icons/Adwaita/symbolic/ui/pan-end-symbolic.svg
pan-start-symbolic-rtl.svg	/usr/share/icons/Adwaita/symbolic/ui/pan-start-symbolic-rtl.svg
pan-start-symbolic.svg	/usr/share/icons/Adwaita/symbolic/ui/pan-start-symbolic.svg
pan-up-symbolic.svg	/usr/share/icons/Adwaita/symbolic/ui/pan-up-symbolic.svg
radio-checked-symbolic.svg	/usr/share/icons/Adwaita/symbolic/ui/radio-checked-symbolic.svg
radio-mixed-symbolic.svg	/usr/share/icons/Adwaita/symbolic/ui/radio-mixed-symbolic.svg
radio-symbolic.svg	/usr/share/icons/Adwaita/symbolic/ui/radio-symbolic.svg
selection-end-symbolic-rtl.svg	/usr/share/icons/Adwaita/symbolic/ui/selection-end-symbolic-rtl.svg
selection-end-symbolic.svg	/usr/share/icons/Adwaita/symbolic/ui/selection-end-symbolic.svg
selection-start-symbolic-rtl.svg	/usr/share/icons/Adwaita/symbolic/ui/selection-start-symbolic-rtl.svg
selection-start-symbolic.svg	/usr/share/icons/Adwaita/symbolic/ui/selection-start-symbolic.svg
window-close-symbolic.svg	/usr/share/icons/Adwaita/symbolic/ui/window-close-symbolic.svg
window-maximize-symbolic.svg	/usr/share/icons/Adwaita/symbolic/ui/window-maximize-symbolic.svg
window-minimize-symbolic.svg	/usr/share/icons/Adwaita/symbolic/ui/window-minimize-symbolic.svg
window-new-symbolic.svg	/usr/share/icons/Adwaita/symbolic/ui/window-new-symbolic.svg
window-restore-symbolic.svg	/usr/share/icons/Adwaita/symbolic/ui/window-restore-symbolic.svg
computer.png	/usr/share/icons/AdwaitaLegacy/16x16/devices/computer.png
drive-harddisk.png	/usr/share/icons/AdwaitaLegacy/16x16/devices/drive-harddisk.png
drive-removable-media.png	/usr/share/icons/AdwaitaLegacy/16x16/devices/drive-removable-media.png
input-gaming.png	/usr/share/icons/AdwaitaLegacy/16x16/devices/input-gaming.png
media-optical.png	/usr/share/icons/AdwaitaLegacy/16x16/devices/media-optical.png
media-removable.png	/usr/share/icons/AdwaitaLegacy/16x16/devices/media-removable.png
printer-network.png	/usr/share/icons/AdwaitaLegacy/16x16/devices/printer-network.png
printer.png	/usr/share/icons/AdwaitaLegacy/16x16/devices/printer.png
ac-adapter.png	/usr/share/icons/AdwaitaLegacy/16x16/legacy/ac-adapter.png
accessories-calculator.png	/usr/share/icons/AdwaitaLegacy/16x16/legacy/accessories-calculator.png
accessories-character-map.png	/usr/share/icons/AdwaitaLegacy/16x16/legacy/accessories-character-map.png
accessories-dictionary.png	/usr/share/icons/AdwaitaLegacy/16x16/legacy/accessories-dictionary.png
accessories-text-editor.png	/usr/share/icons/AdwaitaLegacy/16x16/legacy/accessories-text-editor.png
address-book-new.png	/usr/share/icons/AdwaitaLegacy/16x16/legacy/address-book-new.png
applets-screenshooter.png	/usr/share/icons/AdwaitaLegacy/16x16/legacy/applets-screenshooter.png
application-exit.png	/usr/share/icons/AdwaitaLegacy/16x16/legacy/application-exit.png
applications-accessories.png	/usr/share/icons/AdwaitaLegacy/16x16/legacy/applications-accessories.png
applications-development.png	/usr/share/icons/AdwaitaLegacy/16x16/legacy/applications-development.png
applications-engineering.png	/usr/share/icons/AdwaitaLegacy/16x16/legacy/applications-engineering.png
applications-games.png	/usr/share/icons/AdwaitaLegacy/16x16/legacy/applications-games.png
applications-graphics.png	/usr/share/icons/AdwaitaLegacy/16x16/legacy/applications-graphics.png
applications-internet.png	/usr/share/icons/AdwaitaLegacy/16x16/legacy/applications-internet.png
applications-office.png	/usr/share/icons/AdwaitaLegacy/16x16/legacy/applications-office.png
applications-other.png	/usr/share/icons/AdwaitaLegacy/16x16/legacy/applications-other.png
applications-science.png	/usr/share/icons/AdwaitaLegacy/16x16/legacy/applications-science.png
applications-system.png	/usr/share/icons/AdwaitaLegacy/16x16/legacy/applications-system.png
applications-utilities.png	/usr/share/icons/AdwaitaLegacy/16x16/legacy/applications-utilities.png
appointment-missed.png	/usr/share/icons/AdwaitaLegacy/16x16/legacy/appointment-missed.png
appointment-new.png	/usr/share/icons/AdwaitaLegacy/16x16/legacy/appointment-new.png
appointment-soon.png	/usr/share/icons/AdwaitaLegacy/16x16/legacy/appointment-soon.png
audio-card.png	/usr/share/icons/AdwaitaLegacy/16x16/legacy/audio-card.png
audio-speakers.png	/usr/share/icons/AdwaitaLegacy/16x16/legacy/audio-speakers.png
audio-volume-high.png	/usr/share/icons/AdwaitaLegacy/16x16/legacy/audio-volume-high.png
audio-volume-low.png	/usr/share/icons/AdwaitaLegacy/16x16/legacy/audio-volume-low.png
audio-volume-medium.png	/usr/share/icons/AdwaitaLegacy/16x16/legacy/audio-volume-medium.png
audio-volume-muted.png	/usr/share/icons/AdwaitaLegacy/16x16/legacy/audio-volume-muted.png
battery-caution-charging.png	/usr/share/icons/AdwaitaLegacy/16x16/legacy/battery-caution-charging.png
battery-caution.png	/usr/share/icons/AdwaitaLegacy/16x16/legacy/battery-caution.png
battery-empty.png	/usr/share/icons/AdwaitaLegacy/16x16/legacy/battery-empty.png
battery-full-charged.png	/usr/share/icons/AdwaitaLegacy/16x16/legacy/battery-full-charged.png
battery-full-charging.png	/usr/share/icons/AdwaitaLegacy/16x16/legacy/battery-full-charging.png
battery-full.png	/usr/share/icons/AdwaitaLegacy/16x16/legacy/battery-full.png
battery-good-charging.png	/usr/share/icons/AdwaitaLegacy/16x16/legacy/battery-good-charging.png
battery-good.png	/usr/share/icons/AdwaitaLegacy/16x16/legacy/battery-good.png
battery-low-charging.png	/usr/share/icons/AdwaitaLegacy/16x16/legacy/battery-low-charging.png
battery-low.png	/usr/share/icons/AdwaitaLegacy/16x16/legacy/battery-low.png
battery-missing.png	/usr/share/icons/AdwaitaLegacy/16x16/legacy/battery-missing.png
battery.png	/usr/share/icons/AdwaitaLegacy/16x16/legacy/battery.png
bookmark-new.png	/usr/share/icons/AdwaitaLegacy/16x16/legacy/bookmark-new.png
call-start.png	/usr/share/icons/AdwaitaLegacy/16x16/legacy/call-start.png
call-stop.png	/usr/share/icons/AdwaitaLegacy/16x16/legacy/call-stop.png
camera-photo.png	/usr/share/icons/AdwaitaLegacy/16x16/legacy/camera-photo.png
camera-video.png	/usr/share/icons/AdwaitaLegacy/16x16/legacy/camera-video.png
camera-web.png	/usr/share/icons/AdwaitaLegacy/16x16/legacy/camera-web.png
changes-allow.png	/usr/share/icons/AdwaitaLegacy/16x16/legacy/changes-allow.png
changes-prevent.png	/usr/share/icons/AdwaitaLegacy/16x16/legacy/changes-prevent.png
computer-fail.png	/usr/share/icons/AdwaitaLegacy/16x16/legacy/computer-fail.png
contact-new.png	/usr/share/icons/AdwaitaLegacy/16x16/legacy/contact-new.png
dialog-error.png	/usr/share/icons/AdwaitaLegacy/16x16/legacy/dialog-error.png
dialog-information.png	/usr/share/icons/AdwaitaLegacy/16x16/legacy/dialog-information.png
dialog-password.png	/usr/share/icons/AdwaitaLegacy/16x16/legacy/dialog-password.png
dialog-question.png	/usr/share/icons/AdwaitaLegacy/16x16/legacy/dialog-question.png
dialog-warning.png	/usr/share/icons/AdwaitaLegacy/16x16/legacy/dialog-warning.png
document-new.png	/usr/share/icons/AdwaitaLegacy/16x16/legacy/document-new.png
document-open-recent.png	/usr/share/icons/AdwaitaLegacy/16x16/legacy/document-open-recent.png
document-open.png	/usr/share/icons/AdwaitaLegacy/16x16/legacy/document-open.png
document-page-setup.png	/usr/share/icons/AdwaitaLegacy/16x16/legacy/document-page-setup.png
document-print-preview.png	/usr/share/icons/AdwaitaLegacy/16x16/legacy/document-print-preview.png
document-print.png	/usr/share/icons/AdwaitaLegacy/16x16/legacy/document-print.png
document-properties.png	/usr/share/icons/AdwaitaLegacy/16x16/legacy/document-properties.png
document-revert-rtl.png	/usr/share/icons/AdwaitaLegacy/16x16/legacy/document-revert-rtl.png
document-revert.png	/usr/share/icons/AdwaitaLegacy/16x16/legacy/document-revert.png
document-save-as.png	/usr/share/icons/AdwaitaLegacy/16x16/legacy/document-save-as.png
document-save.png	/usr/share/icons/AdwaitaLegacy/16x16/legacy/document-save.png
document-send.png	/usr/share/icons/AdwaitaLegacy/16x16/legacy/document-send.png
drive-multidisk.png	/usr/share/icons/AdwaitaLegacy/16x16/legacy/drive-multidisk.png
drive-optical.png	/usr/share/icons/AdwaitaLegacy/16x16/legacy/drive-optical.png
ebook-reader.png	/usr/share/icons/AdwaitaLegacy/16x16/legacy/ebook-reader.png
edit-clear-all.png	/usr/share/icons/AdwaitaLegacy/16x16/legacy/edit-clear-all.png
edit-clear-rtl.png	/usr/share/icons/AdwaitaLegacy/16x16/legacy/edit-clear-rtl.png
edit-clear.png	/usr/share/icons/AdwaitaLegacy/16x16/legacy/edit-clear.png
edit-copy.png	/usr/share/icons/AdwaitaLegacy/16x16/legacy/edit-copy.png
edit-cut.png	/usr/share/icons/AdwaitaLegacy/16x16/legacy/edit-cut.png
edit-delete.png	/usr/share/icons/AdwaitaLegacy/16x16/legacy/edit-delete.png
edit-find-replace.png	/usr/share/icons/AdwaitaLegacy/16x16/legacy/edit-find-replace.png
edit-find.png	/usr/share/icons/AdwaitaLegacy/16x16/legacy/edit-find.png
edit-paste.png	/usr/share/icons/AdwaitaLegacy/16x16/legacy/edit-paste.png
edit-redo-rtl.png	/usr/share/icons/AdwaitaLegacy/16x16/legacy/edit-redo-rtl.png
edit-redo.png	/usr/share/icons/AdwaitaLegacy/16x16/legacy/edit-redo.png
edit-select-all.png	/usr/share/icons/AdwaitaLegacy/16x16/legacy/edit-select-all.png
edit-undo-rtl.png	/usr/share/icons/AdwaitaLegacy/16x16/legacy/edit-undo-rtl.png
edit-undo.png	/usr/share/icons/AdwaitaLegacy/16x16/legacy/edit-undo.png
emblem-default.png	/usr/share/icons/AdwaitaLegacy/16x16/legacy/emblem-default.png
emblem-documents.png	/usr/share/icons/AdwaitaLegacy/16x16/legacy/emblem-documents.png
emblem-downloads.png	/usr/share/icons/AdwaitaLegacy/16x16/legacy/emblem-downloads.png
emblem-favorite.png	/usr/share/icons/AdwaitaLegacy/16x16/legacy/emblem-favorite.png
emblem-generic.png	/usr/share/icons/AdwaitaLegacy/16x16/legacy/emblem-generic.png
emblem-important.png	/usr/share/icons/AdwaitaLegacy/16x16/legacy/emblem-important.png
emblem-mail.png	/usr/share/icons/AdwaitaLegacy/16x16/legacy/emblem-mail.png
emblem-new.png	/usr/share/icons/AdwaitaLegacy/16x16/legacy/emblem-new.png
emblem-package.png	/usr/share/icons/AdwaitaLegacy/16x16/legacy/emblem-package.png
emblem-photos.png	/usr/share/icons/AdwaitaLegacy/16x16/legacy/emblem-photos.png
emblem-system.png	/usr/share/icons/AdwaitaLegacy/16x16/legacy/emblem-system.png
emblem-urgent.png	/usr/share/icons/AdwaitaLegacy/16x16/legacy/emblem-urgent.png
emblem-web.png	/usr/share/icons/AdwaitaLegacy/16x16/legacy/emblem-web.png
emote-love.png	/usr/share/icons/AdwaitaLegacy/16x16/legacy/emote-love.png
face-angel.png	/usr/share/icons/AdwaitaLegacy/16x16/legacy/face-angel.png
face-angry.png	/usr/share/icons/AdwaitaLegacy/16x16/legacy/face-angry.png
face-cool.png	/usr/share/icons/AdwaitaLegacy/16x16/legacy/face-cool.png
face-crying.png	/usr/share/icons/AdwaitaLegacy/16x16/legacy/face-crying.png
face-devilish.png	/usr/share/icons/AdwaitaLegacy/16x16/legacy/face-devilish.png
face-embarrassed.png	/usr/share/icons/AdwaitaLegacy/16x16/legacy/face-embarrassed.png
face-glasses.png	/usr/share/icons/AdwaitaLegacy/16x16/legacy/face-glasses.png
face-kiss.png	/usr/share/icons/AdwaitaLegacy/16x16/legacy/face-kiss.png
face-laugh.png	/usr/share/icons/AdwaitaLegacy/16x16/legacy/face-laugh.png
face-monkey.png	/usr/share/icons/AdwaitaLegacy/16x16/legacy/face-monkey.png
face-plain.png	/usr/share/icons/AdwaitaLegacy/16x16/legacy/face-plain.png
face-raspberry.png	/usr/share/icons/AdwaitaLegacy/16x16/legacy/face-raspberry.png
face-sad.png	/usr/share/icons/AdwaitaLegacy/16x16/legacy/face-sad.png
face-sick.png	/usr/share/icons/AdwaitaLegacy/16x16/legacy/face-sick.png
face-smile-big.png	/usr/share/icons/AdwaitaLegacy/16x16/legacy/face-smile-big.png
face-smile.png	/usr/share/icons/AdwaitaLegacy/16x16/legacy/face-smile.png
face-smirk.png	/usr/share/icons/AdwaitaLegacy/16x16/legacy/face-smirk.png
face-surprise.png	/usr/share/icons/AdwaitaLegacy/16x16/legacy/face-surprise.png
face-tired.png	/usr/share/icons/AdwaitaLegacy/16x16/legacy/face-tired.png
face-uncertain.png	/usr/share/icons/AdwaitaLegacy/16x16/legacy/face-uncertain.png
face-wink.png	/usr/share/icons/AdwaitaLegacy/16x16/legacy/face-wink.png
face-worried.png	/usr/share/icons/AdwaitaLegacy/16x16/legacy/face-worried.png
folder-new.png	/usr/share/icons/AdwaitaLegacy/16x16/legacy/folder-new.png
folder-visiting.png	/usr/share/icons/AdwaitaLegacy/16x16/legacy/folder-visiting.png
format-indent-less-rtl.png	/usr/share/icons/AdwaitaLegacy/16x16/legacy/format-indent-less-rtl.png
format-indent-less.png	/usr/share/icons/AdwaitaLegacy/16x16/legacy/format-indent-less.png
format-indent-more-rtl.png	/usr/share/icons/AdwaitaLegacy/16x16/legacy/format-indent-more-rtl.png
format-indent-more.png	/usr/share/icons/AdwaitaLegacy/16x16/legacy/format-indent-more.png
format-justify-center.png	/usr/share/icons/AdwaitaLegacy/16x16/legacy/format-justify-center.png
format-justify-fill.png	/usr/share/icons/AdwaitaLegacy/16x16/legacy/format-justify-fill.png
format-justify-left.png	/usr/share/icons/AdwaitaLegacy/16x16/legacy/format-justify-left.png
format-justify-right.png	/usr/share/icons/AdwaitaLegacy/16x16/legacy/format-justify-right.png
format-text-bold.png	/usr/share/icons/AdwaitaLegacy/16x16/legacy/format-text-bold.png
format-text-direction-ltr.png	/usr/share/icons/AdwaitaLegacy/16x16/legacy/format-text-direction-ltr.png
format-text-direction-rtl.png	/usr/share/icons/AdwaitaLegacy/16x16/legacy/format-text-direction-rtl.png
format-text-italic.png	/usr/share/icons/AdwaitaLegacy/16x16/legacy/format-text-italic.png
format-text-strikethrough.png	/usr/share/icons/AdwaitaLegacy/16x16/legacy/format-text-strikethrough.png
format-text-underline.png	/usr/share/icons/AdwaitaLegacy/16x16/legacy/format-text-underline.png
go-bottom.png	/usr/share/icons/AdwaitaLegacy/16x16/legacy/go-bottom.png
go-down.png	/usr/share/icons/AdwaitaLegacy/16x16/legacy/go-down.png
go-first-rtl.png	/usr/share/icons/AdwaitaLegacy/16x16/legacy/go-first-rtl.png
go-first.png	/usr/share/icons/AdwaitaLegacy/16x16/legacy/go-first.png
go-home.png	/usr/share/icons/AdwaitaLegacy/16x16/legacy/go-home.png
go-jump.png	/usr/share/icons/AdwaitaLegacy/16x16/legacy/go-jump.png
go-last-rtl.png	/usr/share/icons/AdwaitaLegacy/16x16/legacy/go-last-rtl.png
go-last.png	/usr/share/icons/AdwaitaLegacy/16x16/legacy/go-last.png
go-next-rtl.png	/usr/share/icons/AdwaitaLegacy/16x16/legacy/go-next-rtl.png
go-next.png	/usr/share/icons/AdwaitaLegacy/16x16/legacy/go-next.png
go-previous-rtl.png	/usr/share/icons/AdwaitaLegacy/16x16/legacy/go-previous-rtl.png
go-previous.png	/usr/share/icons/AdwaitaLegacy/16x16/legacy/go-previous.png
go-top.png	/usr/share/icons/AdwaitaLegacy/16x16/legacy/go-top.png
go-up.png	/usr/share/icons/AdwaitaLegacy/16x16/legacy/go-up.png
help-about.png	/usr/share/icons/AdwaitaLegacy/16x16/legacy/help-about.png
help-browser.png	/usr/share/icons/AdwaitaLegacy/16x16/legacy/help-browser.png
help-contents.png	/usr/share/icons/AdwaitaLegacy/16x16/legacy/help-contents.png
help-faq.png	/usr/share/icons/AdwaitaLegacy/16x16/legacy/help-faq.png
image-missing.png	/usr/share/icons/AdwaitaLegacy/16x16/legacy/image-missing.png
input-dialpad.png	/usr/share/icons/AdwaitaLegacy/16x16/legacy/input-dialpad.png
input-keyboard.png	/usr/share/icons/AdwaitaLegacy/16x16/legacy/input-keyboard.png
input-mouse.png	/usr/share/icons/AdwaitaLegacy/16x16/legacy/input-mouse.png
input-tablet.png	/usr/share/icons/AdwaitaLegacy/16x16/legacy/input-tablet.png
input-touchpad.png	/usr/share/icons/AdwaitaLegacy/16x16/legacy/input-touchpad.png
insert-image.png	/usr/share/icons/AdwaitaLegacy/16x16/legacy/insert-image.png
insert-link.png	/usr/share/icons/AdwaitaLegacy/16x16/legacy/insert-link.png
insert-object.png	/usr/share/icons/AdwaitaLegacy/16x16/legacy/insert-object.png
insert-text.png	/usr/share/icons/AdwaitaLegacy/16x16/legacy/insert-text.png
list-add.png	/usr/share/icons/AdwaitaLegacy/16x16/legacy/list-add.png
list-remove.png	/usr/share/icons/AdwaitaLegacy/16x16/legacy/list-remove.png
mail-attachment.png	/usr/share/icons/AdwaitaLegacy/16x16/legacy/mail-attachment.png
mail-forward.png	/usr/share/icons/AdwaitaLegacy/16x16/legacy/mail-forward.png
mail-mark-important.png	/usr/share/icons/AdwaitaLegacy/16x16/legacy/mail-mark-important.png
mail-mark-junk.png	/usr/share/icons/AdwaitaLegacy/16x16/legacy/mail-mark-junk.png
mail-mark-notjunk.png	/usr/share/icons/AdwaitaLegacy/16x16/legacy/mail-mark-notjunk.png
mail-mark-read.png	/usr/share/icons/AdwaitaLegacy/16x16/legacy/mail-mark-read.png
mail-mark-unread.png	/usr/share/icons/AdwaitaLegacy/16x16/legacy/mail-mark-unread.png
mail-message-new.png	/usr/share/icons/AdwaitaLegacy/16x16/legacy/mail-message-new.png
mail-read.png	/usr/share/icons/AdwaitaLegacy/16x16/legacy/mail-read.png
mail-replied.png	/usr/share/icons/AdwaitaLegacy/16x16/legacy/mail-replied.png
mail-reply-all.png	/usr/share/icons/AdwaitaLegacy/16x16/legacy/mail-reply-all.png
mail-reply-sender.png	/usr/share/icons/AdwaitaLegacy/16x16/legacy/mail-reply-sender.png
mail-send-receive.png	/usr/share/icons/AdwaitaLegacy/16x16/legacy/mail-send-receive.png
mail-send.png	/usr/share/icons/AdwaitaLegacy/16x16/legacy/mail-send.png
mail-signed-verified.png	/usr/share/icons/AdwaitaLegacy/16x16/legacy/mail-signed-verified.png
mail-signed.png	/usr/share/icons/AdwaitaLegacy/16x16/legacy/mail-signed.png
mail-unread.png	/usr/share/icons/AdwaitaLegacy/16x16/legacy/mail-unread.png
mark-location.png	/usr/share/icons/AdwaitaLegacy/16x16/legacy/mark-location.png
media-eject.png	/usr/share/icons/AdwaitaLegacy/16x16/legacy/media-eject.png
media-flash.png	/usr/share/icons/AdwaitaLegacy/16x16/legacy/media-flash.png
media-floppy.png	/usr/share/icons/AdwaitaLegacy/16x16/legacy/media-floppy.png
media-playback-pause.png	/usr/share/icons/AdwaitaLegacy/16x16/legacy/media-playback-pause.png
media-playback-start.png	/usr/share/icons/AdwaitaLegacy/16x16/legacy/media-playback-start.png
media-playback-stop.png	/usr/share/icons/AdwaitaLegacy/16x16/legacy/media-playback-stop.png
media-playlist-repeat.png	/usr/share/icons/AdwaitaLegacy/16x16/legacy/media-playlist-repeat.png
media-playlist-shuffle.png	/usr/share/icons/AdwaitaLegacy/16x16/legacy/media-playlist-shuffle.png
media-record.png	/usr/share/icons/AdwaitaLegacy/16x16/legacy/media-record.png
media-seek-backward.png	/usr/share/icons/AdwaitaLegacy/16x16/legacy/media-seek-backward.png
media-seek-forward.png	/usr/share/icons/AdwaitaLegacy/16x16/legacy/media-seek-forward.png
media-skip-backward.png	/usr/share/icons/AdwaitaLegacy/16x16/legacy/media-skip-backward.png
media-skip-forward.png	/usr/share/icons/AdwaitaLegacy/16x16/legacy/media-skip-forward.png
media-tape.png	/usr/share/icons/AdwaitaLegacy/16x16/legacy/media-tape.png
microphone-sensitivity-high.png	/usr/share/icons/AdwaitaLegacy/16x16/legacy/microphone-sensitivity-high.png
microphone-sensitivity-low.png	/usr/share/icons/AdwaitaLegacy/16x16/legacy/microphone-sensitivity-low.png
microphone-sensitivity-medium.png	/usr/share/icons/AdwaitaLegacy/16x16/legacy/microphone-sensitivity-medium.png
microphone-sensitivity-muted.png	/usr/share/icons/AdwaitaLegacy/16x16/legacy/microphone-sensitivity-muted.png
modem.png	/usr/share/icons/AdwaitaLegacy/16x16/legacy/modem.png
multimedia-player.png	/usr/share/icons/AdwaitaLegacy/16x16/legacy/multimedia-player.png
multimedia-volume-control.png	/usr/share/icons/AdwaitaLegacy/16x16/legacy/multimedia-volume-control.png
network-cellular-connected.png	/usr/share/icons/AdwaitaLegacy/16x16/legacy/network-cellular-connected.png
network-error.png	/usr/share/icons/AdwaitaLegacy/16x16/legacy/network-error.png
network-idle.png	/usr/share/icons/AdwaitaLegacy/16x16/legacy/network-idle.png
network-offline.png	/usr/share/icons/AdwaitaLegacy/16x16/legacy/network-offline.png
network-receive.png	/usr/share/icons/AdwaitaLegacy/16x16/legacy/network-receive.png
network-transmit-receive.png	/usr/share/icons/AdwaitaLegacy/16x16/legacy/network-transmit-receive.png
network-transmit.png	/usr/share/icons/AdwaitaLegacy/16x16/legacy/network-transmit.png
network-vpn.png	/usr/share/icons/AdwaitaLegacy/16x16/legacy/network-vpn.png
network-wired-disconnected.png	/usr/share/icons/AdwaitaLegacy/16x16/legacy/network-wired-disconnected.png
network-wired.png	/usr/share/icons/AdwaitaLegacy/16x16/legacy/network-wired.png
network-wireless-encrypted.png	/usr/share/icons/AdwaitaLegacy/16x16/legacy/network-wireless-encrypted.png
network-wireless.png	/usr/share/icons/AdwaitaLegacy/16x16/legacy/network-wireless.png
non-starred.png	/usr/share/icons/AdwaitaLegacy/16x16/legacy/non-starred.png
object-flip-horizontal.png	/usr/share/icons/AdwaitaLegacy/16x16/legacy/object-flip-horizontal.png
object-flip-vertical.png	/usr/share/icons/AdwaitaLegacy/16x16/legacy/object-flip-vertical.png
object-rotate-left.png	/usr/share/icons/AdwaitaLegacy/16x16/legacy/object-rotate-left.png
object-rotate-right.png	/usr/share/icons/AdwaitaLegacy/16x16/legacy/object-rotate-right.png
pda.png	/usr/share/icons/AdwaitaLegacy/16x16/legacy/pda.png
phone.png	/usr/share/icons/AdwaitaLegacy/16x16/legacy/phone.png
preferences-desktop-accessibility.png	/usr/share/icons/AdwaitaLegacy/16x16/legacy/preferences-desktop-accessibility.png
preferences-desktop-display.png	/usr/share/icons/AdwaitaLegacy/16x16/legacy/preferences-desktop-display.png
preferences-desktop-font.png	/usr/share/icons/AdwaitaLegacy/16x16/legacy/preferences-desktop-font.png
preferences-desktop-keyboard-shortcuts.png	/usr/share/icons/AdwaitaLegacy/16x16/legacy/preferences-desktop-keyboard-shortcuts.png
preferences-desktop-keyboard.png	/usr/share/icons/AdwaitaLegacy/16x16/legacy/preferences-desktop-keyboard.png
preferences-desktop-locale.png	/usr/share/icons/AdwaitaLegacy/16x16/legacy/preferences-desktop-locale.png
preferences-desktop-peripherals.png	/usr/share/icons/AdwaitaLegacy/16x16/legacy/preferences-desktop-peripherals.png
preferences-desktop-personal.png	/usr/share/icons/AdwaitaLegacy/16x16/legacy/preferences-desktop-personal.png
preferences-desktop-remote-desktop.png	/usr/share/icons/AdwaitaLegacy/16x16/legacy/preferences-desktop-remote-desktop.png
preferences-desktop-screensaver.png	/usr/share/icons/AdwaitaLegacy/16x16/legacy/preferences-desktop-screensaver.png
preferences-desktop-theme.png	/usr/share/icons/AdwaitaLegacy/16x16/legacy/preferences-desktop-theme.png
preferences-desktop-wallpaper.png	/usr/share/icons/AdwaitaLegacy/16x16/legacy/preferences-desktop-wallpaper.png
preferences-desktop.png	/usr/share/icons/AdwaitaLegacy/16x16/legacy/preferences-desktop.png
preferences-other.png	/usr/share/icons/AdwaitaLegacy/16x16/legacy/preferences-other.png
preferences-system-network.png	/usr/share/icons/AdwaitaLegacy/16x16/legacy/preferences-system-network.png
preferences-system-notifications.png	/usr/share/icons/AdwaitaLegacy/16x16/legacy/preferences-system-notifications.png
preferences-system-privacy.png	/usr/share/icons/AdwaitaLegacy/16x16/legacy/preferences-system-privacy.png
preferences-system-search.png	/usr/share/icons/AdwaitaLegacy/16x16/legacy/preferences-system-search.png
preferences-system-sharing.png	/usr/share/icons/AdwaitaLegacy/16x16/legacy/preferences-system-sharing.png
preferences-system-windows.png	/usr/share/icons/AdwaitaLegacy/16x16/legacy/preferences-system-windows.png
preferences-system.png	/usr/share/icons/AdwaitaLegacy/16x16/legacy/preferences-system.png
printer-error.png	/usr/share/icons/AdwaitaLegacy/16x16/legacy/printer-error.png
printer-printing.png	/usr/share/icons/AdwaitaLegacy/16x16/legacy/printer-printing.png
process-stop.png	/usr/share/icons/AdwaitaLegacy/16x16/legacy/process-stop.png
scanner.png	/usr/share/icons/AdwaitaLegacy/16x16/legacy/scanner.png
security-high.png	/usr/share/icons/AdwaitaLegacy/16x16/legacy/security-high.png
security-low.png	/usr/share/icons/AdwaitaLegacy/16x16/legacy/security-low.png
security-medium.png	/usr/share/icons/AdwaitaLegacy/16x16/legacy/security-medium.png
semi-starred-rtl.png	/usr/share/icons/AdwaitaLegacy/16x16/legacy/semi-starred-rtl.png
semi-starred.png	/usr/share/icons/AdwaitaLegacy/16x16/legacy/semi-starred.png
software-update-available.png	/usr/share/icons/AdwaitaLegacy/16x16/legacy/software-update-available.png
software-update-urgent.png	/usr/share/icons/AdwaitaLegacy/16x16/legacy/software-update-urgent.png
starred.png	/usr/share/icons/AdwaitaLegacy/16x16/legacy/starred.png
system-file-manager.png	/usr/share/icons/AdwaitaLegacy/16x16/legacy/system-file-manager.png
system-help.png	/usr/share/icons/AdwaitaLegacy/16x16/legacy/system-help.png
system-lock-screen.png	/usr/share/icons/AdwaitaLegacy/16x16/legacy/system-lock-screen.png
system-log-out.png	/usr/share/icons/AdwaitaLegacy/16x16/legacy/system-log-out.png
system-run.png	/usr/share/icons/AdwaitaLegacy/16x16/legacy/system-run.png
system-search.png	/usr/share/icons/AdwaitaLegacy/16x16/legacy/system-search.png
system-shutdown.png	/usr/share/icons/AdwaitaLegacy/16x16/legacy/system-shutdown.png
system-software-install.png	/usr/share/icons/AdwaitaLegacy/16x16/legacy/system-software-install.png
system-software-update.png	/usr/share/icons/AdwaitaLegacy/16x16/legacy/system-software-update.png
system-users.png	/usr/share/icons/AdwaitaLegacy/16x16/legacy/system-users.png
tab-new.png	/usr/share/icons/AdwaitaLegacy/16x16/legacy/tab-new.png
task-due.png	/usr/share/icons/AdwaitaLegacy/16x16/legacy/task-due.png
task-past-due.png	/usr/share/icons/AdwaitaLegacy/16x16/legacy/task-past-due.png
tools-check-spelling.png	/usr/share/icons/AdwaitaLegacy/16x16/legacy/tools-check-spelling.png
trophy-bronze.png	/usr/share/icons/AdwaitaLegacy/16x16/legacy/trophy-bronze.png
trophy-gold.png	/usr/share/icons/AdwaitaLegacy/16x16/legacy/trophy-gold.png
trophy-silver.png	/usr/share/icons/AdwaitaLegacy/16x16/legacy/trophy-silver.png
uninterruptible-power-supply.png	/usr/share/icons/AdwaitaLegacy/16x16/legacy/uninterruptible-power-supply.png
user-available.png	/usr/share/icons/AdwaitaLegacy/16x16/legacy/user-available.png
user-away.png	/usr/share/icons/AdwaitaLegacy/16x16/legacy/user-away.png
user-busy.png	/usr/share/icons/AdwaitaLegacy/16x16/legacy/user-busy.png
user-idle.png	/usr/share/icons/AdwaitaLegacy/16x16/legacy/user-idle.png
user-info.png	/usr/share/icons/AdwaitaLegacy/16x16/legacy/user-info.png
user-invisible.png	/usr/share/icons/AdwaitaLegacy/16x16/legacy/user-invisible.png
user-offline.png	/usr/share/icons/AdwaitaLegacy/16x16/legacy/user-offline.png
utilities-terminal.png	/usr/share/icons/AdwaitaLegacy/16x16/legacy/utilities-terminal.png
video-display.png	/usr/share/icons/AdwaitaLegacy/16x16/legacy/video-display.png
view-fullscreen.png	/usr/share/icons/AdwaitaLegacy/16x16/legacy/view-fullscreen.png
view-refresh.png	/usr/share/icons/AdwaitaLegacy/16x16/legacy/view-refresh.png
view-restore.png	/usr/share/icons/AdwaitaLegacy/16x16/legacy/view-restore.png
view-sort-ascending.png	/usr/share/icons/AdwaitaLegacy/16x16/legacy/view-sort-ascending.png
view-sort-descending.png	/usr/share/icons/AdwaitaLegacy/16x16/legacy/view-sort-descending.png
web-browser.png	/usr/share/icons/AdwaitaLegacy/16x16/legacy/web-browser.png
window-close.png	/usr/share/icons/AdwaitaLegacy/16x16/legacy/window-close.png
window-new.png	/usr/share/icons/AdwaitaLegacy/16x16/legacy/window-new.png
zoom-fit-best.png	/usr/share/icons/AdwaitaLegacy/16x16/legacy/zoom-fit-best.png
zoom-in.png	/usr/share/icons/AdwaitaLegacy/16x16/legacy/zoom-in.png
zoom-original.png	/usr/share/icons/AdwaitaLegacy/16x16/legacy/zoom-original.png
zoom-out.png	/usr/share/icons/AdwaitaLegacy/16x16/legacy/zoom-out.png
text-x-generic-template.png	/usr/share/icons/AdwaitaLegacy/16x16/mimetypes/text-x-generic-template.png
x-office-address-book.png	/usr/share/icons/AdwaitaLegacy/16x16/mimetypes/x-office-address-book.png
x-office-calendar.png	/usr/share/icons/AdwaitaLegacy/16x16/mimetypes/x-office-calendar.png
x-office-drawing-template.png	/usr/share/icons/AdwaitaLegacy/16x16/mimetypes/x-office-drawing-template.png
folder-open.png	/usr/share/icons/AdwaitaLegacy/16x16/places/folder-open.png
folder-saved-search.png	/usr/share/icons/AdwaitaLegacy/16x16/places/folder-saved-search.png
start-here.png	/usr/share/icons/AdwaitaLegacy/16x16/places/start-here.png
avatar-default.png	/usr/share/icons/AdwaitaLegacy/16x16/status/avatar-default.png
image-loading.png	/usr/share/icons/AdwaitaLegacy/16x16/status/image-loading.png
user-trash-full.png	/usr/share/icons/AdwaitaLegacy/16x16/status/user-trash-full.png
emblem-desktop.png	/usr/share/icons/AdwaitaLegacy/48x48/legacy/emblem-desktop.png
gnome-main-menu.png	/usr/share/icons/Bluecurve/16x16/apps/gnome-main-menu.png
icon-panel-menu.png	/usr/share/icons/Bluecurve/16x16/apps/icon-panel-menu.png
kmenu.png	/usr/share/icons/Bluecurve/16x16/apps/kmenu.png
external-link-symbolic.svg	/usr/share/icons/breeze-dark/actions/12/external-link-symbolic.svg
mobile-close-app.svg	/usr/share/icons/breeze-dark/actions/12/mobile-close-app.svg
mobile-task-switcher.svg	/usr/share/icons/breeze-dark/actions/12/mobile-task-switcher.svg
object-fill.svg	/usr/share/icons/breeze-dark/actions/12/object-fill.svg
object-stroke-style.svg	/usr/share/icons/breeze-dark/actions/12/object-stroke-style.svg
object-stroke.svg	/usr/share/icons/breeze-dark/actions/12/object-stroke.svg
open-link-symbolic.svg	/usr/share/icons/breeze-dark/actions/12/open-link-symbolic.svg
open-link.svg	/usr/share/icons/breeze-dark/actions/12/open-link.svg
transform-affect-gradient.svg	/usr/share/icons/breeze-dark/actions/12/transform-affect-gradient.svg
transform-affect-pattern.svg	/usr/share/icons/breeze-dark/actions/12/transform-affect-pattern.svg
transform-affect-rounded-corners.svg	/usr/share/icons/breeze-dark/actions/12/transform-affect-rounded-corners.svg
transform-affect-stroke.svg	/usr/share/icons/breeze-dark/actions/12/transform-affect-stroke.svg
CVnamespace-symbolic.svg	/usr/share/icons/breeze-dark/actions/16/CVnamespace-symbolic.svg
CVnamespace.svg	/usr/share/icons/breeze-dark/actions/16/CVnamespace.svg
Info-amarok-symbolic.svg	/usr/share/icons/breeze-dark/actions/16/Info-amarok-symbolic.svg
Info-amarok.svg	/usr/share/icons/breeze-dark/actions/16/Info-amarok.svg
PrePostCondition-symbolic.svg	/usr/share/icons/breeze-dark/actions/16/PrePostCondition-symbolic.svg
PrePostCondition.svg	/usr/share/icons/breeze-dark/actions/16/PrePostCondition.svg
accept_signal-symbolic.svg	/usr/share/icons/breeze-dark/actions/16/accept_signal-symbolic.svg
accept_signal.svg	/usr/share/icons/breeze-dark/actions/16/accept_signal.svg
accept_time_event-symbolic.svg	/usr/share/icons/breeze-dark/actions/16/accept_time_event-symbolic.svg
accept_time_event.svg	/usr/share/icons/breeze-dark/actions/16/accept_time_event.svg
acrobat-symbolic.svg	/usr/share/icons/breeze-dark/actions/16/acrobat-symbolic.svg
acrobat.svg	/usr/share/icons/breeze-dark/actions/16/acrobat.svg
action-albumfolder-importdir2-symbolic.svg	/usr/share/icons/breeze-dark/actions/16/action-albumfolder-importdir2-symbolic.svg
action-albumfolder-importdir2.svg	/usr/share/icons/breeze-dark/actions/16/action-albumfolder-importdir2.svg
action-rss_tag-symbolic.svg	/usr/share/icons/breeze-dark/actions/16/action-rss_tag-symbolic.svg
action-rss_tag.svg	/usr/share/icons/breeze-dark/actions/16/action-rss_tag.svg
activities-symbolic.svg	/usr/share/icons/breeze-dark/actions/16/activities-symbolic.svg
activities.svg	/usr/share/icons/breeze-dark/actions/16/activities.svg
activity-fork-symbolic.svg	/usr/share/icons/breeze-dark/actions/16/activity-fork-symbolic.svg
activity-fork.svg	/usr/share/icons/breeze-dark/actions/16/activity-fork.svg
actor-symbolic.svg	/usr/share/icons/breeze-dark/actions/16/actor-symbolic.svg
actor.svg	/usr/share/icons/breeze-dark/actions/16/actor.svg
add-placemark-symbolic.svg	/usr/share/icons/breeze-dark/actions/16/add-placemark-symbolic.svg
add-placemark.svg	/usr/share/icons/breeze-dark/actions/16/add-placemark.svg
add-subtitle-symbolic.svg	/usr/share/icons/breeze-dark/actions/16/add-subtitle-symbolic.svg
add-subtitle.svg	/usr/share/icons/breeze-dark/actions/16/add-subtitle.svg
address-book-new.svg	/usr/share/icons/breeze-dark/actions/16/address-book-new.svg
addressbook-details-symbolic.svg	/usr/share/icons/breeze-dark/actions/16/addressbook-details-symbolic.svg
addressbook-details.svg	/usr/share/icons/breeze-dark/actions/16/addressbook-details.svg
adjustcol-symbolic.svg	/usr/share/icons/breeze-dark/actions/16/adjustcol-symbolic.svg
adjustcol.svg	/usr/share/icons/breeze-dark/actions/16/adjustcol.svg
adjustrow-symbolic.svg	/usr/share/icons/breeze-dark/actions/16/adjustrow-symbolic.svg
adjustrow.svg	/usr/share/icons/breeze-dark/actions/16/adjustrow.svg
adress-book-new-symbolic.svg	/usr/share/icons/breeze-dark/actions/16/adress-book-new-symbolic.svg
adress-book-new.svg	/usr/share/icons/breeze-dark/actions/16/adress-book-new.svg
aggregation-symbolic.svg	/usr/share/icons/breeze-dark/actions/16/aggregation-symbolic.svg
aggregation.svg	/usr/share/icons/breeze-dark/actions/16/aggregation.svg
akonadi-phone-home-symbolic.svg	/usr/share/icons/breeze-dark/actions/16/akonadi-phone-home-symbolic.svg
akonadi-phone-home.svg	/usr/share/icons/breeze-dark/actions/16/akonadi-phone-home.svg
albumfolder-importdir-symbolic.svg	/usr/share/icons/breeze-dark/actions/16/albumfolder-importdir-symbolic.svg
albumfolder-importdir.svg	/usr/share/icons/breeze-dark/actions/16/albumfolder-importdir.svg
albumfolder-importimages-symbolic.svg	/usr/share/icons/breeze-dark/actions/16/albumfolder-importimages-symbolic.svg
albumfolder-importimages.svg	/usr/share/icons/breeze-dark/actions/16/albumfolder-importimages.svg
albumfolder-new-symbolic.svg	/usr/share/icons/breeze-dark/actions/16/albumfolder-new-symbolic.svg
albumfolder-new.svg	/usr/share/icons/breeze-dark/actions/16/albumfolder-new.svg
albumfolder-properties-symbolic.svg	/usr/share/icons/breeze-dark/actions/16/albumfolder-properties-symbolic.svg
albumfolder-properties.svg	/usr/share/icons/breeze-dark/actions/16/albumfolder-properties.svg
albumfolder-user-trash-symbolic.svg	/usr/share/icons/breeze-dark/actions/16/albumfolder-user-trash-symbolic.svg
albumfolder-user-trash.svg	/usr/share/icons/breeze-dark/actions/16/albumfolder-user-trash.svg
align-horizontal-baseline-symbolic.svg	/usr/share/icons/breeze-dark/actions/16/align-horizontal-baseline-symbolic.svg
align-horizontal-baseline.svg	/usr/share/icons/breeze-dark/actions/16/align-horizontal-baseline.svg
align-horizontal-bottom-out-symbolic.svg	/usr/share/icons/breeze-dark/actions/16/align-horizontal-bottom-out-symbolic.svg
align-horizontal-bottom-out.svg	/usr/share/icons/breeze-dark/actions/16/align-horizontal-bottom-out.svg
align-horizontal-center-symbolic.svg	/usr/share/icons/breeze-dark/actions/16/align-horizontal-center-symbolic.svg
align-horizontal-center.svg	/usr/share/icons/breeze-dark/actions/16/align-horizontal-center.svg
align-horizontal-left-out-symbolic.svg	/usr/share/icons/breeze-dark/actions/16/align-horizontal-left-out-symbolic.svg
align-horizontal-left-out.svg	/usr/share/icons/breeze-dark/actions/16/align-horizontal-left-out.svg
align-horizontal-left-symbolic.svg	/usr/share/icons/breeze-dark/actions/16/align-horizontal-left-symbolic.svg
align-horizontal-left-to-anchor-symbolic.svg	/usr/share/icons/breeze-dark/actions/16/align-horizontal-left-to-anchor-symbolic.svg
align-horizontal-left-to-anchor.svg	/usr/share/icons/breeze-dark/actions/16/align-horizontal-left-to-anchor.svg
align-horizontal-left.svg	/usr/share/icons/breeze-dark/actions/16/align-horizontal-left.svg
align-horizontal-right-out-symbolic.svg	/usr/share/icons/breeze-dark/actions/16/align-horizontal-right-out-symbolic.svg
align-horizontal-right-out.svg	/usr/share/icons/breeze-dark/actions/16/align-horizontal-right-out.svg
align-horizontal-right-symbolic.svg	/usr/share/icons/breeze-dark/actions/16/align-horizontal-right-symbolic.svg
align-horizontal-right-to-anchor-symbolic.svg	/usr/share/icons/breeze-dark/actions/16/align-horizontal-right-to-anchor-symbolic.svg
align-horizontal-right-to-anchor.svg	/usr/share/icons/breeze-dark/actions/16/align-horizontal-right-to-anchor.svg
align-horizontal-right.svg	/usr/share/icons/breeze-dark/actions/16/align-horizontal-right.svg
align-horizontal-top-out-symbolic.svg	/usr/share/icons/breeze-dark/actions/16/align-horizontal-top-out-symbolic.svg
align-horizontal-top-out.svg	/usr/share/icons/breeze-dark/actions/16/align-horizontal-top-out.svg
align-vertical-baseline-symbolic.svg	/usr/share/icons/breeze-dark/actions/16/align-vertical-baseline-symbolic.svg
align-vertical-baseline.svg	/usr/share/icons/breeze-dark/actions/16/align-vertical-baseline.svg
align-vertical-bottom-out-symbolic.svg	/usr/share/icons/breeze-dark/actions/16/align-vertical-bottom-out-symbolic.svg
align-vertical-bottom-out.svg	/usr/share/icons/breeze-dark/actions/16/align-vertical-bottom-out.svg
align-vertical-bottom-symbolic.svg	/usr/share/icons/breeze-dark/actions/16/align-vertical-bottom-symbolic.svg
align-vertical-bottom-to-anchor-symbolic.svg	/usr/share/icons/breeze-dark/actions/16/align-vertical-bottom-to-anchor-symbolic.svg
align-vertical-bottom-to-anchor.svg	/usr/share/icons/breeze-dark/actions/16/align-vertical-bottom-to-anchor.svg
align-vertical-bottom.svg	/usr/share/icons/breeze-dark/actions/16/align-vertical-bottom.svg
align-vertical-center-symbolic.svg	/usr/share/icons/breeze-dark/actions/16/align-vertical-center-symbolic.svg
align-vertical-center.svg	/usr/share/icons/breeze-dark/actions/16/align-vertical-center.svg
align-vertical-top-out-symbolic.svg	/usr/share/icons/breeze-dark/actions/16/align-vertical-top-out-symbolic.svg
align-vertical-top-out.svg	/usr/share/icons/breeze-dark/actions/16/align-vertical-top-out.svg
align-vertical-top-symbolic.svg	/usr/share/icons/breeze-dark/actions/16/align-vertical-top-symbolic.svg
align-vertical-top-to-anchor-symbolic.svg	/usr/share/icons/breeze-dark/actions/16/align-vertical-top-to-anchor-symbolic.svg
align-vertical-top-to-anchor.svg	/usr/share/icons/breeze-dark/actions/16/align-vertical-top-to-anchor.svg
align-vertical-top.svg	/usr/share/icons/breeze-dark/actions/16/align-vertical-top.svg
amarok_artist-symbolic.svg	/usr/share/icons/breeze-dark/actions/16/amarok_artist-symbolic.svg
amarok_artist.svg	/usr/share/icons/breeze-dark/actions/16/amarok_artist.svg
amarok_cart_add-symbolic.svg	/usr/share/icons/breeze-dark/actions/16/amarok_cart_add-symbolic.svg
amarok_cart_add.svg	/usr/share/icons/breeze-dark/actions/16/amarok_cart_add.svg
amarok_cart_remove-symbolic.svg	/usr/share/icons/breeze-dark/actions/16/amarok_cart_remove-symbolic.svg
amarok_cart_remove.svg	/usr/share/icons/breeze-dark/actions/16/amarok_cart_remove.svg
amarok_cart_view-symbolic.svg	/usr/share/icons/breeze-dark/actions/16/amarok_cart_view-symbolic.svg
amarok_cart_view.svg	/usr/share/icons/breeze-dark/actions/16/amarok_cart_view.svg
amarok_change_language-symbolic.svg	/usr/share/icons/breeze-dark/actions/16/amarok_change_language-symbolic.svg
amarok_change_language.svg	/usr/share/icons/breeze-dark/actions/16/amarok_change_language.svg
amarok_clock-symbolic.svg	/usr/share/icons/breeze-dark/actions/16/amarok_clock-symbolic.svg
amarok_clock.svg	/usr/share/icons/breeze-dark/actions/16/amarok_clock.svg
amarok_lyrics-symbolic.svg	/usr/share/icons/breeze-dark/actions/16/amarok_lyrics-symbolic.svg
amarok_lyrics.svg	/usr/share/icons/breeze-dark/actions/16/amarok_lyrics.svg
amarok_playcount-symbolic.svg	/usr/share/icons/breeze-dark/actions/16/amarok_playcount-symbolic.svg
amarok_playcount.svg	/usr/share/icons/breeze-dark/actions/16/amarok_playcount.svg
amarok_playlist-symbolic.svg	/usr/share/icons/breeze-dark/actions/16/amarok_playlist-symbolic.svg
amarok_playlist.svg	/usr/share/icons/breeze-dark/actions/16/amarok_playlist.svg
amarok_playlist_refresh-symbolic.svg	/usr/share/icons/breeze-dark/actions/16/amarok_playlist_refresh-symbolic.svg
amarok_playlist_refresh.svg	/usr/share/icons/breeze-dark/actions/16/amarok_playlist_refresh.svg
amarok_scripts-symbolic.svg	/usr/share/icons/breeze-dark/actions/16/amarok_scripts-symbolic.svg
amarok_scripts.svg	/usr/share/icons/breeze-dark/actions/16/amarok_scripts.svg
anchor-symbolic.svg	/usr/share/icons/breeze-dark/actions/16/anchor-symbolic.svg
anchor.svg	/usr/share/icons/breeze-dark/actions/16/anchor.svg
animation-stage-symbolic.svg	/usr/share/icons/breeze-dark/actions/16/animation-stage-symbolic.svg
animation-stage.svg	/usr/share/icons/breeze-dark/actions/16/animation-stage.svg
answer-correct-symbolic.svg	/usr/share/icons/breeze-dark/actions/16/answer-correct-symbolic.svg
answer-correct.svg	/usr/share/icons/breeze-dark/actions/16/answer-correct.svg
answer-symbolic.svg	/usr/share/icons/breeze-dark/actions/16/answer-symbolic.svg
answer.svg	/usr/share/icons/breeze-dark/actions/16/answer.svg
application-exit.svg	/usr/share/icons/breeze-dark/actions/16/application-exit.svg
application-menu-symbolic.svg	/usr/share/icons/breeze-dark/actions/16/application-menu-symbolic.svg
application-menu.svg	/usr/share/icons/breeze-dark/actions/16/application-menu.svg
appointment-new.svg	/usr/share/icons/breeze-dark/actions/16/appointment-new.svg
approved-symbolic.svg	/usr/share/icons/breeze-dark/actions/16/approved-symbolic.svg
approved.svg	/usr/share/icons/breeze-dark/actions/16/approved.svg
archive-extract-symbolic.svg	/usr/share/icons/breeze-dark/actions/16/archive-extract-symbolic.svg
archive-extract.svg	/usr/share/icons/breeze-dark/actions/16/archive-extract.svg
archive-insert-directory-symbolic.svg	/usr/share/icons/breeze-dark/actions/16/archive-insert-directory-symbolic.svg
archive-insert-directory.svg	/usr/share/icons/breeze-dark/actions/16/archive-insert-directory.svg
archive-insert-symbolic.svg	/usr/share/icons/breeze-dark/actions/16/archive-insert-symbolic.svg
archive-insert.svg	/usr/share/icons/breeze-dark/actions/16/archive-insert.svg
archive-remove-symbolic.svg	/usr/share/icons/breeze-dark/actions/16/archive-remove-symbolic.svg
archive-remove.svg	/usr/share/icons/breeze-dark/actions/16/archive-remove.svg
arrow-down-double-symbolic.svg	/usr/share/icons/breeze-dark/actions/16/arrow-down-double-symbolic.svg
arrow-down-double.svg	/usr/share/icons/breeze-dark/actions/16/arrow-down-double.svg
arrow-down-symbolic.svg	/usr/share/icons/breeze-dark/actions/16/arrow-down-symbolic.svg
arrow-down.svg	/usr/share/icons/breeze-dark/actions/16/arrow-down.svg
arrow-left-double-symbolic.svg	/usr/share/icons/breeze-dark/actions/16/arrow-left-double-symbolic.svg
arrow-left-double.svg	/usr/share/icons/breeze-dark/actions/16/arrow-left-double.svg
arrow-left-symbolic.svg	/usr/share/icons/breeze-dark/actions/16/arrow-left-symbolic.svg
arrow-left.svg	/usr/share/icons/breeze-dark/actions/16/arrow-left.svg
arrow-right-double-symbolic.svg	/usr/share/icons/breeze-dark/actions/16/arrow-right-double-symbolic.svg
arrow-right-double.svg	/usr/share/icons/breeze-dark/actions/16/arrow-right-double.svg
arrow-right-symbolic.svg	/usr/share/icons/breeze-dark/actions/16/arrow-right-symbolic.svg
arrow-right.svg	/usr/share/icons/breeze-dark/actions/16/arrow-right.svg
arrow-symbolic.svg	/usr/share/icons/breeze-dark/actions/16/arrow-symbolic.svg
arrow-up-double-symbolic.svg	/usr/share/icons/breeze-dark/actions/16/arrow-up-double-symbolic.svg
arrow-up-double.svg	/usr/share/icons/breeze-dark/actions/16/arrow-up-double.svg
arrow-up-symbolic.svg	/usr/share/icons/breeze-dark/actions/16/arrow-up-symbolic.svg
arrow-up.svg	/usr/share/icons/breeze-dark/actions/16/arrow-up.svg
arrow.svg	/usr/share/icons/breeze-dark/actions/16/arrow.svg
artifact-symbolic.svg	/usr/share/icons/breeze-dark/actions/16/artifact-symbolic.svg
artifact.svg	/usr/share/icons/breeze-dark/actions/16/artifact.svg
artistictext-tool-symbolic.svg	/usr/share/icons/breeze-dark/actions/16/artistictext-tool-symbolic.svg
artistictext-tool.svg	/usr/share/icons/breeze-dark/actions/16/artistictext-tool.svg
association-symbolic.svg	/usr/share/icons/breeze-dark/actions/16/association-symbolic.svg
association.svg	/usr/share/icons/breeze-dark/actions/16/association.svg
atmosphere-symbolic.svg	/usr/share/icons/breeze-dark/actions/16/atmosphere-symbolic.svg
atmosphere.svg	/usr/share/icons/breeze-dark/actions/16/atmosphere.svg
auto-scale-all-symbolic.svg	/usr/share/icons/breeze-dark/actions/16/auto-scale-all-symbolic.svg
auto-scale-all.svg	/usr/share/icons/breeze-dark/actions/16/auto-scale-all.svg
auto-scale-x-symbolic.svg	/usr/share/icons/breeze-dark/actions/16/auto-scale-x-symbolic.svg
auto-scale-x.svg	/usr/share/icons/breeze-dark/actions/16/auto-scale-x.svg
auto-scale-y-symbolic.svg	/usr/share/icons/breeze-dark/actions/16/auto-scale-y-symbolic.svg
auto-scale-y.svg	/usr/share/icons/breeze-dark/actions/16/auto-scale-y.svg
autocorrection-symbolic.svg	/usr/share/icons/breeze-dark/actions/16/autocorrection-symbolic.svg
autocorrection.svg	/usr/share/icons/breeze-dark/actions/16/autocorrection.svg
automated-tasks-symbolic.svg	/usr/share/icons/breeze-dark/actions/16/automated-tasks-symbolic.svg
automated-tasks.svg	/usr/share/icons/breeze-dark/actions/16/automated-tasks.svg
backup-symbolic.svg	/usr/share/icons/breeze-dark/actions/16/backup-symbolic.svg
backup.svg	/usr/share/icons/breeze-dark/actions/16/backup.svg
beamerblock-symbolic.svg	/usr/share/icons/breeze-dark/actions/16/beamerblock-symbolic.svg
beamerblock.svg	/usr/share/icons/breeze-dark/actions/16/beamerblock.svg
beamerframe-symbolic.svg	/usr/share/icons/breeze-dark/actions/16/beamerframe-symbolic.svg
beamerframe.svg	/usr/share/icons/breeze-dark/actions/16/beamerframe.svg
bibtex-symbolic.svg	/usr/share/icons/breeze-dark/actions/16/bibtex-symbolic.svg
bibtex.svg	/usr/share/icons/breeze-dark/actions/16/bibtex.svg
bigskip-symbolic.svg	/usr/share/icons/breeze-dark/actions/16/bigskip-symbolic.svg
bigskip.svg	/usr/share/icons/breeze-dark/actions/16/bigskip.svg
bitmap-trace-symbolic.svg	/usr/share/icons/breeze-dark/actions/16/bitmap-trace-symbolic.svg
bitmap-trace.svg	/usr/share/icons/breeze-dark/actions/16/bitmap-trace.svg
black_sum-symbolic.svg	/usr/share/icons/breeze-dark/actions/16/black_sum-symbolic.svg
black_sum.svg	/usr/share/icons/breeze-dark/actions/16/black_sum.svg
blur-symbolic.svg	/usr/share/icons/breeze-dark/actions/16/blur-symbolic.svg
blur.svg	/usr/share/icons/breeze-dark/actions/16/blur.svg
bookmark-add-folder-symbolic.svg	/usr/share/icons/breeze-dark/actions/16/bookmark-add-folder-symbolic.svg
bookmark-add-folder.svg	/usr/share/icons/breeze-dark/actions/16/bookmark-add-folder.svg
bookmark-add-symbolic.svg	/usr/share/icons/breeze-dark/actions/16/bookmark-add-symbolic.svg
bookmark-edit-symbolic.svg	/usr/share/icons/breeze-dark/actions/16/bookmark-edit-symbolic.svg
bookmark-edit.svg	/usr/share/icons/breeze-dark/actions/16/bookmark-edit.svg
bookmark-new-list-symbolic.svg	/usr/share/icons/breeze-dark/actions/16/bookmark-new-list-symbolic.svg
bookmark-new-list.svg	/usr/share/icons/breeze-dark/actions/16/bookmark-new-list.svg
bookmark-new.svg	/usr/share/icons/breeze-dark/actions/16/bookmark-new.svg
bookmark-remove-symbolic.svg	/usr/share/icons/breeze-dark/actions/16/bookmark-remove-symbolic.svg
bookmark-remove.svg	/usr/share/icons/breeze-dark/actions/16/bookmark-remove.svg
bookmark-toolbar-symbolic.svg	/usr/share/icons/breeze-dark/actions/16/bookmark-toolbar-symbolic.svg
bookmark-toolbar.svg	/usr/share/icons/breeze-dark/actions/16/bookmark-toolbar.svg
bookmarks-bookmarked-symbolic.svg	/usr/share/icons/breeze-dark/actions/16/bookmarks-bookmarked-symbolic.svg
bookmarks-bookmarked.svg	/usr/share/icons/breeze-dark/actions/16/bookmarks-bookmarked.svg
bookmarks-organize-symbolic.svg	/usr/share/icons/breeze-dark/actions/16/bookmarks-organize-symbolic.svg
bookmarks-organize.svg	/usr/share/icons/breeze-dark/actions/16/bookmarks-organize.svg
bookmarks-symbolic.svg	/usr/share/icons/breeze-dark/actions/16/bookmarks-symbolic.svg
bookmarks.svg	/usr/share/icons/breeze-dark/actions/16/bookmarks.svg
boost-boosted-symbolic.svg	/usr/share/icons/breeze-dark/actions/16/boost-boosted-symbolic.svg
boost-boosted.svg	/usr/share/icons/breeze-dark/actions/16/boost-boosted.svg
boost-symbolic.svg	/usr/share/icons/breeze-dark/actions/16/boost-symbolic.svg
boost.svg	/usr/share/icons/breeze-dark/actions/16/boost.svg
borderpainter-symbolic.svg	/usr/share/icons/breeze-dark/actions/16/borderpainter-symbolic.svg
borderpainter.svg	/usr/share/icons/breeze-dark/actions/16/borderpainter.svg
bordertool-symbolic.svg	/usr/share/icons/breeze-dark/actions/16/bordertool-symbolic.svg
bordertool.svg	/usr/share/icons/breeze-dark/actions/16/bordertool.svg
box-symbolic.svg	/usr/share/icons/breeze-dark/actions/16/box-symbolic.svg
box.svg	/usr/share/icons/breeze-dark/actions/16/box.svg
bqm-add-symbolic.svg	/usr/share/icons/breeze-dark/actions/16/bqm-add-symbolic.svg
bqm-add.svg	/usr/share/icons/breeze-dark/actions/16/bqm-add.svg
bqm-addqueue-symbolic.svg	/usr/share/icons/breeze-dark/actions/16/bqm-addqueue-symbolic.svg
bqm-addqueue.svg	/usr/share/icons/breeze-dark/actions/16/bqm-addqueue.svg
bqm-commit-symbolic.svg	/usr/share/icons/breeze-dark/actions/16/bqm-commit-symbolic.svg
bqm-commit.svg	/usr/share/icons/breeze-dark/actions/16/bqm-commit.svg
bqm-diff-symbolic.svg	/usr/share/icons/breeze-dark/actions/16/bqm-diff-symbolic.svg
bqm-diff.svg	/usr/share/icons/breeze-dark/actions/16/bqm-diff.svg
bqm-remove-symbolic.svg	/usr/share/icons/breeze-dark/actions/16/bqm-remove-symbolic.svg
bqm-remove.svg	/usr/share/icons/breeze-dark/actions/16/bqm-remove.svg
bqm-rmqueue-symbolic.svg	/usr/share/icons/breeze-dark/actions/16/bqm-rmqueue-symbolic.svg
bqm-rmqueue.svg	/usr/share/icons/breeze-dark/actions/16/bqm-rmqueue.svg
bqm-update-symbolic.svg	/usr/share/icons/breeze-dark/actions/16/bqm-update-symbolic.svg
bqm-update.svg	/usr/share/icons/breeze-dark/actions/16/bqm-update.svg
branch-symbolic.svg	/usr/share/icons/breeze-dark/actions/16/branch-symbolic.svg
branch.svg	/usr/share/icons/breeze-dark/actions/16/branch.svg
builder-view-left-pane-symbolic.svg	/usr/share/icons/breeze-dark/actions/16/builder-view-left-pane-symbolic.svg
call-end-symbolic.svg	/usr/share/icons/breeze-dark/actions/16/call-end-symbolic.svg
call-start.svg	/usr/share/icons/breeze-dark/actions/16/call-start.svg
call-stop.svg	/usr/share/icons/breeze-dark/actions/16/call-stop.svg
call-voicemail-symbolic.svg	/usr/share/icons/breeze-dark/actions/16/call-voicemail-symbolic.svg
call-voicemail.svg	/usr/share/icons/breeze-dark/actions/16/call-voicemail.svg
callout-shape-symbolic.svg	/usr/share/icons/breeze-dark/actions/16/callout-shape-symbolic.svg
callout-shape.svg	/usr/share/icons/breeze-dark/actions/16/callout-shape.svg
cards-block-symbolic.svg	/usr/share/icons/breeze-dark/actions/16/cards-block-symbolic.svg
cards-block.svg	/usr/share/icons/breeze-dark/actions/16/cards-block.svg
category-symbolic.svg	/usr/share/icons/breeze-dark/actions/16/category-symbolic.svg
category.svg	/usr/share/icons/breeze-dark/actions/16/category.svg
category2parent-symbolic.svg	/usr/share/icons/breeze-dark/actions/16/category2parent-symbolic.svg
category2parent.svg	/usr/share/icons/breeze-dark/actions/16/category2parent.svg
cell_edit-symbolic.svg	/usr/share/icons/breeze-dark/actions/16/cell_edit-symbolic.svg
cell_edit.svg	/usr/share/icons/breeze-dark/actions/16/cell_edit.svg
cell_layout-symbolic.svg	/usr/share/icons/breeze-dark/actions/16/cell_layout-symbolic.svg
cell_layout.svg	/usr/share/icons/breeze-dark/actions/16/cell_layout.svg
change-date-symbolic.svg	/usr/share/icons/breeze-dark/actions/16/change-date-symbolic.svg
character-set-symbolic.svg	/usr/share/icons/breeze-dark/actions/16/character-set-symbolic.svg
character-set.svg	/usr/share/icons/breeze-dark/actions/16/character-set.svg
check_constraint-symbolic.svg	/usr/share/icons/breeze-dark/actions/16/check_constraint-symbolic.svg
check_constraint.svg	/usr/share/icons/breeze-dark/actions/16/check_constraint.svg
checkbox.svg	/usr/share/icons/breeze-dark/actions/16/checkbox.svg
checkmark-symbolic.svg	/usr/share/icons/breeze-dark/actions/16/checkmark-symbolic.svg
checkmark.svg	/usr/share/icons/breeze-dark/actions/16/checkmark.svg
child2category-symbolic.svg	/usr/share/icons/breeze-dark/actions/16/child2category-symbolic.svg
child2category.svg	/usr/share/icons/breeze-dark/actions/16/child2category.svg
choice-rhomb-symbolic.svg	/usr/share/icons/breeze-dark/actions/16/choice-rhomb-symbolic.svg
choice-rhomb.svg	/usr/share/icons/breeze-dark/actions/16/choice-rhomb.svg
choice-round-symbolic.svg	/usr/share/icons/breeze-dark/actions/16/choice-round-symbolic.svg
choice-round.svg	/usr/share/icons/breeze-dark/actions/16/choice-round.svg
chronometer-lap-symbolic.svg	/usr/share/icons/breeze-dark/actions/16/chronometer-lap-symbolic.svg
chronometer-lap.svg	/usr/share/icons/breeze-dark/actions/16/chronometer-lap.svg
chronometer-pause-symbolic.svg	/usr/share/icons/breeze-dark/actions/16/chronometer-pause-symbolic.svg
chronometer-pause.svg	/usr/share/icons/breeze-dark/actions/16/chronometer-pause.svg
chronometer-reset-symbolic.svg	/usr/share/icons/breeze-dark/actions/16/chronometer-reset-symbolic.svg
chronometer-reset.svg	/usr/share/icons/breeze-dark/actions/16/chronometer-reset.svg
chronometer-start-symbolic.svg	/usr/share/icons/breeze-dark/actions/16/chronometer-start-symbolic.svg
chronometer-start.svg	/usr/share/icons/breeze-dark/actions/16/chronometer-start.svg
chronometer-symbolic.svg	/usr/share/icons/breeze-dark/actions/16/chronometer-symbolic.svg
chronometer.svg	/usr/share/icons/breeze-dark/actions/16/chronometer.svg
circular-arrow-shape-symbolic.svg	/usr/share/icons/breeze-dark/actions/16/circular-arrow-shape-symbolic.svg
circular-arrow-shape.svg	/usr/share/icons/breeze-dark/actions/16/circular-arrow-shape.svg
class-or-package-symbolic.svg	/usr/share/icons/breeze-dark/actions/16/class-or-package-symbolic.svg
class-or-package.svg	/usr/share/icons/breeze-dark/actions/16/class-or-package.svg
class-symbolic.svg	/usr/share/icons/breeze-dark/actions/16/class-symbolic.svg
class.svg	/usr/share/icons/breeze-dark/actions/16/class.svg
clock-large-symbolic.svg	/usr/share/icons/breeze-dark/actions/16/clock-large-symbolic.svg
clock-large.svg	/usr/share/icons/breeze-dark/actions/16/clock-large.svg
clock-symbolic.svg	/usr/share/icons/breeze-dark/actions/16/clock-symbolic.svg
clock.svg	/usr/share/icons/breeze-dark/actions/16/clock.svg
cloud-download-symbolic.svg	/usr/share/icons/breeze-dark/actions/16/cloud-download-symbolic.svg
cloud-download.svg	/usr/share/icons/breeze-dark/actions/16/cloud-download.svg
cloud-upload-symbolic.svg	/usr/share/icons/breeze-dark/actions/16/cloud-upload-symbolic.svg
cloud-upload.svg	/usr/share/icons/breeze-dark/actions/16/cloud-upload.svg
code-block-symbolic.svg	/usr/share/icons/breeze-dark/actions/16/code-block-symbolic.svg
code-block.svg	/usr/share/icons/breeze-dark/actions/16/code-block.svg
code-class-symbolic.svg	/usr/share/icons/breeze-dark/actions/16/code-class-symbolic.svg
code-class.svg	/usr/share/icons/breeze-dark/actions/16/code-class.svg
code-context-symbolic.svg	/usr/share/icons/breeze-dark/actions/16/code-context-symbolic.svg
code-context.svg	/usr/share/icons/breeze-dark/actions/16/code-context.svg
code-function-symbolic.svg	/usr/share/icons/breeze-dark/actions/16/code-function-symbolic.svg
code-function.svg	/usr/share/icons/breeze-dark/actions/16/code-function.svg
code-typedef-symbolic.svg	/usr/share/icons/breeze-dark/actions/16/code-typedef-symbolic.svg
code-typedef.svg	/usr/share/icons/breeze-dark/actions/16/code-typedef.svg
code-variable-symbolic.svg	/usr/share/icons/breeze-dark/actions/16/code-variable-symbolic.svg
code-variable.svg	/usr/share/icons/breeze-dark/actions/16/code-variable.svg
collapse-all-symbolic.svg	/usr/share/icons/breeze-dark/actions/16/collapse-all-symbolic.svg
collapse-all.svg	/usr/share/icons/breeze-dark/actions/16/collapse-all.svg
collapse-symbolic.svg	/usr/share/icons/breeze-dark/actions/16/collapse-symbolic.svg
collapse.svg	/usr/share/icons/breeze-dark/actions/16/collapse.svg
collection-rescan-amarok-symbolic.svg	/usr/share/icons/breeze-dark/actions/16/collection-rescan-amarok-symbolic.svg
collection-rescan-amarok.svg	/usr/share/icons/breeze-dark/actions/16/collection-rescan-amarok.svg
color-fill-symbolic.svg	/usr/share/icons/breeze-dark/actions/16/color-fill-symbolic.svg
color-fill.svg	/usr/share/icons/breeze-dark/actions/16/color-fill.svg
color-gradient-symbolic.svg	/usr/share/icons/breeze-dark/actions/16/color-gradient-symbolic.svg
color-gradient.svg	/usr/share/icons/breeze-dark/actions/16/color-gradient.svg
color-management-symbolic.svg	/usr/share/icons/breeze-dark/actions/16/color-management-symbolic.svg
color-management.svg	/usr/share/icons/breeze-dark/actions/16/color-management.svg
color-mode-black-white-symbolic.svg	/usr/share/icons/breeze-dark/actions/16/color-mode-black-white-symbolic.svg
color-mode-black-white.svg	/usr/share/icons/breeze-dark/actions/16/color-mode-black-white.svg
color-mode-hue-shift-negative-symbolic.svg	/usr/share/icons/breeze-dark/actions/16/color-mode-hue-shift-negative-symbolic.svg
color-mode-hue-shift-negative.svg	/usr/share/icons/breeze-dark/actions/16/color-mode-hue-shift-negative.svg
color-mode-hue-shift-positive-symbolic.svg	/usr/share/icons/breeze-dark/actions/16/color-mode-hue-shift-positive-symbolic.svg
color-mode-hue-shift-positive.svg	/usr/share/icons/breeze-dark/actions/16/color-mode-hue-shift-positive.svg
color-mode-invert-image-symbolic.svg	/usr/share/icons/breeze-dark/actions/16/color-mode-invert-image-symbolic.svg
color-mode-invert-image.svg	/usr/share/icons/breeze-dark/actions/16/color-mode-invert-image.svg
color-mode-invert-text-symbolic.svg	/usr/share/icons/breeze-dark/actions/16/color-mode-invert-text-symbolic.svg
color-mode-invert-text.svg	/usr/share/icons/breeze-dark/actions/16/color-mode-invert-text.svg
color-picker-black-symbolic.svg	/usr/share/icons/breeze-dark/actions/16/color-picker-black-symbolic.svg
color-picker-black.svg	/usr/share/icons/breeze-dark/actions/16/color-picker-black.svg
color-picker-grey-symbolic.svg	/usr/share/icons/breeze-dark/actions/16/color-picker-grey-symbolic.svg
color-picker-grey.svg	/usr/share/icons/breeze-dark/actions/16/color-picker-grey.svg
color-picker-symbolic.svg	/usr/share/icons/breeze-dark/actions/16/color-picker-symbolic.svg
color-picker-white-symbolic.svg	/usr/share/icons/breeze-dark/actions/16/color-picker-white-symbolic.svg
color-picker-white.svg	/usr/share/icons/breeze-dark/actions/16/color-picker-white.svg
color-picker.svg	/usr/share/icons/breeze-dark/actions/16/color-picker.svg
color-profile-symbolic.svg	/usr/share/icons/breeze-dark/actions/16/color-profile-symbolic.svg
color-profile.svg	/usr/share/icons/breeze-dark/actions/16/color-profile.svg
colormanagement-symbolic.svg	/usr/share/icons/breeze-dark/actions/16/colormanagement-symbolic.svg
colormanagement.svg	/usr/share/icons/breeze-dark/actions/16/colormanagement.svg
colors-chromablue-symbolic.svg	/usr/share/icons/breeze-dark/actions/16/colors-chromablue-symbolic.svg
colors-chromablue.svg	/usr/share/icons/breeze-dark/actions/16/colors-chromablue.svg
colors-chromagreen-symbolic.svg	/usr/share/icons/breeze-dark/actions/16/colors-chromagreen-symbolic.svg
colors-chromagreen.svg	/usr/share/icons/breeze-dark/actions/16/colors-chromagreen.svg
colors-chromared-symbolic.svg	/usr/share/icons/breeze-dark/actions/16/colors-chromared-symbolic.svg
colors-chromared.svg	/usr/share/icons/breeze-dark/actions/16/colors-chromared.svg
colors-luma-symbolic.svg	/usr/share/icons/breeze-dark/actions/16/colors-luma-symbolic.svg
colors-luma.svg	/usr/share/icons/breeze-dark/actions/16/colors-luma.svg
combined_fragment-symbolic.svg	/usr/share/icons/breeze-dark/actions/16/combined_fragment-symbolic.svg
combined_fragment.svg	/usr/share/icons/breeze-dark/actions/16/combined_fragment.svg
comment-symbolic.svg	/usr/share/icons/breeze-dark/actions/16/comment-symbolic.svg
compass-symbolic.svg	/usr/share/icons/breeze-dark/actions/16/compass-symbolic.svg
compass.svg	/usr/share/icons/breeze-dark/actions/16/compass.svg
component-symbolic.svg	/usr/share/icons/breeze-dark/actions/16/component-symbolic.svg
component.svg	/usr/share/icons/breeze-dark/actions/16/component.svg
composition-symbolic.svg	/usr/share/icons/breeze-dark/actions/16/composition-symbolic.svg
composition.svg	/usr/share/icons/breeze-dark/actions/16/composition.svg
configure-shortcuts-symbolic.svg	/usr/share/icons/breeze-dark/actions/16/configure-shortcuts-symbolic.svg
configure-shortcuts.svg	/usr/share/icons/breeze-dark/actions/16/configure-shortcuts.svg
configure-symbolic.svg	/usr/share/icons/breeze-dark/actions/16/configure-symbolic.svg
configure-toolbars-symbolic.svg	/usr/share/icons/breeze-dark/actions/16/configure-toolbars-symbolic.svg
configure-toolbars.svg	/usr/share/icons/breeze-dark/actions/16/configure-toolbars.svg
configure.svg	/usr/share/icons/breeze-dark/actions/16/configure.svg
configure_kile-symbolic.svg	/usr/share/icons/breeze-dark/actions/16/configure_kile-symbolic.svg
configure_kile.svg	/usr/share/icons/breeze-dark/actions/16/configure_kile.svg
configure_project-symbolic.svg	/usr/share/icons/breeze-dark/actions/16/configure_project-symbolic.svg
configure_project.svg	/usr/share/icons/breeze-dark/actions/16/configure_project.svg
contact-new.svg	/usr/share/icons/breeze-dark/actions/16/contact-new.svg
containment-symbolic.svg	/usr/share/icons/breeze-dark/actions/16/containment-symbolic.svg
containment.svg	/usr/share/icons/breeze-dark/actions/16/containment.svg
contents-symbolic.svg	/usr/share/icons/breeze-dark/actions/16/contents-symbolic.svg
contents.svg	/usr/share/icons/breeze-dark/actions/16/contents.svg
convert-symbolic.svg	/usr/share/icons/breeze-dark/actions/16/convert-symbolic.svg
convert.svg	/usr/share/icons/breeze-dark/actions/16/convert.svg
createpath-symbolic.svg	/usr/share/icons/breeze-dark/actions/16/createpath-symbolic.svg
createpath.svg	/usr/share/icons/breeze-dark/actions/16/createpath.svg
cross-shape-symbolic.svg	/usr/share/icons/breeze-dark/actions/16/cross-shape-symbolic.svg
cross-shape.svg	/usr/share/icons/breeze-dark/actions/16/cross-shape.svg
crosshairs-symbolic.svg	/usr/share/icons/breeze-dark/actions/16/crosshairs-symbolic.svg
crosshairs.svg	/usr/share/icons/breeze-dark/actions/16/crosshairs.svg
cursor-arrow-symbolic.svg	/usr/share/icons/breeze-dark/actions/16/cursor-arrow-symbolic.svg
cursor-arrow.svg	/usr/share/icons/breeze-dark/actions/16/cursor-arrow.svg
curve-connector-symbolic.svg	/usr/share/icons/breeze-dark/actions/16/curve-connector-symbolic.svg
curve-connector.svg	/usr/share/icons/breeze-dark/actions/16/curve-connector.svg
dashboard-show-symbolic.svg	/usr/share/icons/breeze-dark/actions/16/dashboard-show-symbolic.svg
dashboard-show.svg	/usr/share/icons/breeze-dark/actions/16/dashboard-show.svg
database-index-symbolic.svg	/usr/share/icons/breeze-dark/actions/16/database-index-symbolic.svg
database-index.svg	/usr/share/icons/breeze-dark/actions/16/database-index.svg
datatype-symbolic.svg	/usr/share/icons/breeze-dark/actions/16/datatype-symbolic.svg
datatype.svg	/usr/share/icons/breeze-dark/actions/16/datatype.svg
dblatex-symbolic.svg	/usr/share/icons/breeze-dark/actions/16/dblatex-symbolic.svg
dblatex.svg	/usr/share/icons/breeze-dark/actions/16/dblatex.svg
debug-execute-from-cursor-symbolic.svg	/usr/share/icons/breeze-dark/actions/16/debug-execute-from-cursor-symbolic.svg
debug-execute-from-cursor.svg	/usr/share/icons/breeze-dark/actions/16/debug-execute-from-cursor.svg
debug-execute-to-cursor-symbolic.svg	/usr/share/icons/breeze-dark/actions/16/debug-execute-to-cursor-symbolic.svg
debug-execute-to-cursor.svg	/usr/share/icons/breeze-dark/actions/16/debug-execute-to-cursor.svg
debug-run-cursor-symbolic.svg	/usr/share/icons/breeze-dark/actions/16/debug-run-cursor-symbolic.svg
debug-run-cursor.svg	/usr/share/icons/breeze-dark/actions/16/debug-run-cursor.svg
debug-run-symbolic.svg	/usr/share/icons/breeze-dark/actions/16/debug-run-symbolic.svg
debug-run.svg	/usr/share/icons/breeze-dark/actions/16/debug-run.svg
debug-step-instruction-symbolic.svg	/usr/share/icons/breeze-dark/actions/16/debug-step-instruction-symbolic.svg
debug-step-instruction.svg	/usr/share/icons/breeze-dark/actions/16/debug-step-instruction.svg
debug-step-into-instruction-symbolic.svg	/usr/share/icons/breeze-dark/actions/16/debug-step-into-instruction-symbolic.svg
debug-step-into-instruction.svg	/usr/share/icons/breeze-dark/actions/16/debug-step-into-instruction.svg
debug-step-into-symbolic.svg	/usr/share/icons/breeze-dark/actions/16/debug-step-into-symbolic.svg
debug-step-into.svg	/usr/share/icons/breeze-dark/actions/16/debug-step-into.svg
debug-step-out-symbolic.svg	/usr/share/icons/breeze-dark/actions/16/debug-step-out-symbolic.svg
debug-step-out.svg	/usr/share/icons/breeze-dark/actions/16/debug-step-out.svg
debug-step-over-symbolic.svg	/usr/share/icons/breeze-dark/actions/16/debug-step-over-symbolic.svg
debug-step-over.svg	/usr/share/icons/breeze-dark/actions/16/debug-step-over.svg
deep-history-symbolic.svg	/usr/share/icons/breeze-dark/actions/16/deep-history-symbolic.svg
deep-history.svg	/usr/share/icons/breeze-dark/actions/16/deep-history.svg
delete-comment-symbolic.svg	/usr/share/icons/breeze-dark/actions/16/delete-comment-symbolic.svg
delete-comment.svg	/usr/share/icons/breeze-dark/actions/16/delete-comment.svg
delete-symbolic.svg	/usr/share/icons/breeze-dark/actions/16/delete-symbolic.svg
delete-table-row-symbolic.svg	/usr/share/icons/breeze-dark/actions/16/delete-table-row-symbolic.svg
delete-table-row.svg	/usr/share/icons/breeze-dark/actions/16/delete-table-row.svg
delete.svg	/usr/share/icons/breeze-dark/actions/16/delete.svg
delete_table-symbolic.svg	/usr/share/icons/breeze-dark/actions/16/delete_table-symbolic.svg
delete_table.svg	/usr/share/icons/breeze-dark/actions/16/delete_table.svg
deletecell-symbolic.svg	/usr/share/icons/breeze-dark/actions/16/deletecell-symbolic.svg
deletecell.svg	/usr/share/icons/breeze-dark/actions/16/deletecell.svg
dependency-symbolic.svg	/usr/share/icons/breeze-dark/actions/16/dependency-symbolic.svg
dependency.svg	/usr/share/icons/breeze-dark/actions/16/dependency.svg
diag_activity-symbolic.svg	/usr/share/icons/breeze-dark/actions/16/diag_activity-symbolic.svg
diag_activity.svg	/usr/share/icons/breeze-dark/actions/16/diag_activity.svg
diag_class-symbolic.svg	/usr/share/icons/breeze-dark/actions/16/diag_class-symbolic.svg
diag_class.svg	/usr/share/icons/breeze-dark/actions/16/diag_class.svg
diag_component-symbolic.svg	/usr/share/icons/breeze-dark/actions/16/diag_component-symbolic.svg
diag_component.svg	/usr/share/icons/breeze-dark/actions/16/diag_component.svg
dialog-align-and-distribute-symbolic.svg	/usr/share/icons/breeze-dark/actions/16/dialog-align-and-distribute-symbolic.svg
dialog-align-and-distribute.svg	/usr/share/icons/breeze-dark/actions/16/dialog-align-and-distribute.svg
dialog-cancel-symbolic.svg	/usr/share/icons/breeze-dark/actions/16/dialog-cancel-symbolic.svg
dialog-cancel.svg	/usr/share/icons/breeze-dark/actions/16/dialog-cancel.svg
dialog-close-symbolic.svg	/usr/share/icons/breeze-dark/actions/16/dialog-close-symbolic.svg
dialog-close.svg	/usr/share/icons/breeze-dark/actions/16/dialog-close.svg
dialog-fill-and-stroke-symbolic.svg	/usr/share/icons/breeze-dark/actions/16/dialog-fill-and-stroke-symbolic.svg
dialog-fill-and-stroke.svg	/usr/share/icons/breeze-dark/actions/16/dialog-fill-and-stroke.svg
dialog-filters-symbolic.svg	/usr/share/icons/breeze-dark/actions/16/dialog-filters-symbolic.svg
dialog-filters.svg	/usr/share/icons/breeze-dark/actions/16/dialog-filters.svg
dialog-icon-preview-symbolic.svg	/usr/share/icons/breeze-dark/actions/16/dialog-icon-preview-symbolic.svg
dialog-icon-preview.svg	/usr/share/icons/breeze-dark/actions/16/dialog-icon-preview.svg
dialog-input-devices-symbolic.svg	/usr/share/icons/breeze-dark/actions/16/dialog-input-devices-symbolic.svg
dialog-input-devices.svg	/usr/share/icons/breeze-dark/actions/16/dialog-input-devices.svg
dialog-layers-symbolic.svg	/usr/share/icons/breeze-dark/actions/16/dialog-layers-symbolic.svg
dialog-layers.svg	/usr/share/icons/breeze-dark/actions/16/dialog-layers.svg
dialog-memory-symbolic.svg	/usr/share/icons/breeze-dark/actions/16/dialog-memory-symbolic.svg
dialog-memory.svg	/usr/share/icons/breeze-dark/actions/16/dialog-memory.svg
dialog-messages-symbolic.svg	/usr/share/icons/breeze-dark/actions/16/dialog-messages-symbolic.svg
dialog-messages.svg	/usr/share/icons/breeze-dark/actions/16/dialog-messages.svg
dialog-object-properties-symbolic.svg	/usr/share/icons/breeze-dark/actions/16/dialog-object-properties-symbolic.svg
dialog-object-properties.svg	/usr/share/icons/breeze-dark/actions/16/dialog-object-properties.svg
dialog-ok-apply-symbolic.svg	/usr/share/icons/breeze-dark/actions/16/dialog-ok-apply-symbolic.svg
dialog-ok-apply.svg	/usr/share/icons/breeze-dark/actions/16/dialog-ok-apply.svg
dialog-ok-symbolic.svg	/usr/share/icons/breeze-dark/actions/16/dialog-ok-symbolic.svg
dialog-ok.svg	/usr/share/icons/breeze-dark/actions/16/dialog-ok.svg
dialog-rows-and-columns-symbolic.svg	/usr/share/icons/breeze-dark/actions/16/dialog-rows-and-columns-symbolic.svg
dialog-rows-and-columns.svg	/usr/share/icons/breeze-dark/actions/16/dialog-rows-and-columns.svg
dialog-scripts-symbolic.svg	/usr/share/icons/breeze-dark/actions/16/dialog-scripts-symbolic.svg
dialog-scripts.svg	/usr/share/icons/breeze-dark/actions/16/dialog-scripts.svg
dialog-text-and-font-symbolic.svg	/usr/share/icons/breeze-dark/actions/16/dialog-text-and-font-symbolic.svg
dialog-text-and-font.svg	/usr/share/icons/breeze-dark/actions/16/dialog-text-and-font.svg
dialog-tile-clones-symbolic.svg	/usr/share/icons/breeze-dark/actions/16/dialog-tile-clones-symbolic.svg
dialog-tile-clones.svg	/usr/share/icons/breeze-dark/actions/16/dialog-tile-clones.svg
dialog-transform-symbolic.svg	/usr/share/icons/breeze-dark/actions/16/dialog-transform-symbolic.svg
dialog-transform.svg	/usr/share/icons/breeze-dark/actions/16/dialog-transform.svg
dialog-xml-editor-symbolic.svg	/usr/share/icons/breeze-dark/actions/16/dialog-xml-editor-symbolic.svg
dialog-xml-editor.svg	/usr/share/icons/breeze-dark/actions/16/dialog-xml-editor.svg
dirsync-symbolic.svg	/usr/share/icons/breeze-dark/actions/16/dirsync-symbolic.svg
dirsync.svg	/usr/share/icons/breeze-dark/actions/16/dirsync.svg
displaymathmode-symbolic.svg	/usr/share/icons/breeze-dark/actions/16/displaymathmode-symbolic.svg
displaymathmode.svg	/usr/share/icons/breeze-dark/actions/16/displaymathmode.svg
dissociatecell-symbolic.svg	/usr/share/icons/breeze-dark/actions/16/dissociatecell-symbolic.svg
dissociatecell.svg	/usr/share/icons/breeze-dark/actions/16/dissociatecell.svg
distortionfx-symbolic.svg	/usr/share/icons/breeze-dark/actions/16/distortionfx-symbolic.svg
distortionfx.svg	/usr/share/icons/breeze-dark/actions/16/distortionfx.svg
distribute-horizontal-baseline-symbolic.svg	/usr/share/icons/breeze-dark/actions/16/distribute-horizontal-baseline-symbolic.svg
distribute-horizontal-baseline.svg	/usr/share/icons/breeze-dark/actions/16/distribute-horizontal-baseline.svg
distribute-horizontal-center-symbolic.svg	/usr/share/icons/breeze-dark/actions/16/distribute-horizontal-center-symbolic.svg
distribute-horizontal-center.svg	/usr/share/icons/breeze-dark/actions/16/distribute-horizontal-center.svg
distribute-horizontal-equal-symbolic.svg	/usr/share/icons/breeze-dark/actions/16/distribute-horizontal-equal-symbolic.svg
distribute-horizontal-equal.svg	/usr/share/icons/breeze-dark/actions/16/distribute-horizontal-equal.svg
distribute-horizontal-gaps-symbolic.svg	/usr/share/icons/breeze-dark/actions/16/distribute-horizontal-gaps-symbolic.svg
distribute-horizontal-gaps.svg	/usr/share/icons/breeze-dark/actions/16/distribute-horizontal-gaps.svg
distribute-horizontal-left-symbolic.svg	/usr/share/icons/breeze-dark/actions/16/distribute-horizontal-left-symbolic.svg
distribute-horizontal-left.svg	/usr/share/icons/breeze-dark/actions/16/distribute-horizontal-left.svg
distribute-horizontal-margin-symbolic.svg	/usr/share/icons/breeze-dark/actions/16/distribute-horizontal-margin-symbolic.svg
distribute-horizontal-margin.svg	/usr/share/icons/breeze-dark/actions/16/distribute-horizontal-margin.svg
distribute-horizontal-page-symbolic.svg	/usr/share/icons/breeze-dark/actions/16/distribute-horizontal-page-symbolic.svg
distribute-horizontal-page.svg	/usr/share/icons/breeze-dark/actions/16/distribute-horizontal-page.svg
distribute-horizontal-right-symbolic.svg	/usr/share/icons/breeze-dark/actions/16/distribute-horizontal-right-symbolic.svg
distribute-horizontal-right.svg	/usr/share/icons/breeze-dark/actions/16/distribute-horizontal-right.svg
distribute-horizontal-symbolic.svg	/usr/share/icons/breeze-dark/actions/16/distribute-horizontal-symbolic.svg
distribute-horizontal-x-symbolic.svg	/usr/share/icons/breeze-dark/actions/16/distribute-horizontal-x-symbolic.svg
distribute-horizontal-x.svg	/usr/share/icons/breeze-dark/actions/16/distribute-horizontal-x.svg
distribute-horizontal.svg	/usr/share/icons/breeze-dark/actions/16/distribute-horizontal.svg
distribute-vertical-baseline-symbolic.svg	/usr/share/icons/breeze-dark/actions/16/distribute-vertical-baseline-symbolic.svg
distribute-vertical-baseline.svg	/usr/share/icons/breeze-dark/actions/16/distribute-vertical-baseline.svg
distribute-vertical-bottom-symbolic.svg	/usr/share/icons/breeze-dark/actions/16/distribute-vertical-bottom-symbolic.svg
distribute-vertical-bottom.svg	/usr/share/icons/breeze-dark/actions/16/distribute-vertical-bottom.svg
distribute-vertical-center-symbolic.svg	/usr/share/icons/breeze-dark/actions/16/distribute-vertical-center-symbolic.svg
distribute-vertical-center.svg	/usr/share/icons/breeze-dark/actions/16/distribute-vertical-center.svg
distribute-vertical-equal-symbolic.svg	/usr/share/icons/breeze-dark/actions/16/distribute-vertical-equal-symbolic.svg
distribute-vertical-equal.svg	/usr/share/icons/breeze-dark/actions/16/distribute-vertical-equal.svg
distribute-vertical-gaps-symbolic.svg	/usr/share/icons/breeze-dark/actions/16/distribute-vertical-gaps-symbolic.svg
distribute-vertical-gaps.svg	/usr/share/icons/breeze-dark/actions/16/distribute-vertical-gaps.svg
distribute-vertical-margin-symbolic.svg	/usr/share/icons/breeze-dark/actions/16/distribute-vertical-margin-symbolic.svg
distribute-vertical-margin.svg	/usr/share/icons/breeze-dark/actions/16/distribute-vertical-margin.svg
distribute-vertical-page-symbolic.svg	/usr/share/icons/breeze-dark/actions/16/distribute-vertical-page-symbolic.svg
distribute-vertical-page.svg	/usr/share/icons/breeze-dark/actions/16/distribute-vertical-page.svg
distribute-vertical-symbolic.svg	/usr/share/icons/breeze-dark/actions/16/distribute-vertical-symbolic.svg
distribute-vertical-top-symbolic.svg	/usr/share/icons/breeze-dark/actions/16/distribute-vertical-top-symbolic.svg
distribute-vertical-top.svg	/usr/share/icons/breeze-dark/actions/16/distribute-vertical-top.svg
distribute-vertical-y-symbolic.svg	/usr/share/icons/breeze-dark/actions/16/distribute-vertical-y-symbolic.svg
distribute-vertical-y.svg	/usr/share/icons/breeze-dark/actions/16/distribute-vertical-y.svg
distribute-vertical.svg	/usr/share/icons/breeze-dark/actions/16/distribute-vertical.svg
document-cleanup-symbolic.svg	/usr/share/icons/breeze-dark/actions/16/document-cleanup-symbolic.svg
document-cleanup.svg	/usr/share/icons/breeze-dark/actions/16/document-cleanup.svg
document-close-symbolic.svg	/usr/share/icons/breeze-dark/actions/16/document-close-symbolic.svg
document-close.svg	/usr/share/icons/breeze-dark/actions/16/document-close.svg
document-compareleft-symbolic.svg	/usr/share/icons/breeze-dark/actions/16/document-compareleft-symbolic.svg
document-compareleft.svg	/usr/share/icons/breeze-dark/actions/16/document-compareleft.svg
document-compareright-symbolic.svg	/usr/share/icons/breeze-dark/actions/16/document-compareright-symbolic.svg
document-compareright.svg	/usr/share/icons/breeze-dark/actions/16/document-compareright.svg
document-decrypt-symbolic.svg	/usr/share/icons/breeze-dark/actions/16/document-decrypt-symbolic.svg
document-decrypt.svg	/usr/share/icons/breeze-dark/actions/16/document-decrypt.svg
document-duplicate-symbolic.svg	/usr/share/icons/breeze-dark/actions/16/document-duplicate-symbolic.svg
document-duplicate.svg	/usr/share/icons/breeze-dark/actions/16/document-duplicate.svg
document-edit-decrypt-symbolic.svg	/usr/share/icons/breeze-dark/actions/16/document-edit-decrypt-symbolic.svg
document-edit-decrypt-verify-symbolic.svg	/usr/share/icons/breeze-dark/actions/16/document-edit-decrypt-verify-symbolic.svg
document-edit-decrypt-verify.svg	/usr/share/icons/breeze-dark/actions/16/document-edit-decrypt-verify.svg
document-edit-decrypt.svg	/usr/share/icons/breeze-dark/actions/16/document-edit-decrypt.svg
document-edit-encrypt-symbolic.svg	/usr/share/icons/breeze-dark/actions/16/document-edit-encrypt-symbolic.svg
document-edit-encrypt.svg	/usr/share/icons/breeze-dark/actions/16/document-edit-encrypt.svg
document-edit-sign-encrypt-symbolic.svg	/usr/share/icons/breeze-dark/actions/16/document-edit-sign-encrypt-symbolic.svg
document-edit-sign-encrypt.svg	/usr/share/icons/breeze-dark/actions/16/document-edit-sign-encrypt.svg
document-edit-sign-symbolic.svg	/usr/share/icons/breeze-dark/actions/16/document-edit-sign-symbolic.svg
document-edit-sign.svg	/usr/share/icons/breeze-dark/actions/16/document-edit-sign.svg
document-edit-verify-symbolic.svg	/usr/share/icons/breeze-dark/actions/16/document-edit-verify-symbolic.svg
document-edit-verify.svg	/usr/share/icons/breeze-dark/actions/16/document-edit-verify.svg
document-edit.svg	/usr/share/icons/breeze-dark/actions/16/document-edit.svg
document-encrypt-symbolic.svg	/usr/share/icons/breeze-dark/actions/16/document-encrypt-symbolic.svg
document-encrypt.svg	/usr/share/icons/breeze-dark/actions/16/document-encrypt.svg
document-encrypted-symbolic.svg	/usr/share/icons/breeze-dark/actions/16/document-encrypted-symbolic.svg
document-encrypted.svg	/usr/share/icons/breeze-dark/actions/16/document-encrypted.svg
document-equal-symbolic.svg	/usr/share/icons/breeze-dark/actions/16/document-equal-symbolic.svg
document-equal.svg	/usr/share/icons/breeze-dark/actions/16/document-equal.svg
document-export-ocal-symbolic.svg	/usr/share/icons/breeze-dark/actions/16/document-export-ocal-symbolic.svg
document-export-ocal.svg	/usr/share/icons/breeze-dark/actions/16/document-export-ocal.svg
document-export-symbolic.svg	/usr/share/icons/breeze-dark/actions/16/document-export-symbolic.svg
document-export-table-symbolic.svg	/usr/share/icons/breeze-dark/actions/16/document-export-table-symbolic.svg
document-export-table.svg	/usr/share/icons/breeze-dark/actions/16/document-export-table.svg
document-export.svg	/usr/share/icons/breeze-dark/actions/16/document-export.svg
document-import-ocal-symbolic.svg	/usr/share/icons/breeze-dark/actions/16/document-import-ocal-symbolic.svg
document-import-ocal.svg	/usr/share/icons/breeze-dark/actions/16/document-import-ocal.svg
document-import-symbolic.svg	/usr/share/icons/breeze-dark/actions/16/document-import-symbolic.svg
document-import.svg	/usr/share/icons/breeze-dark/actions/16/document-import.svg
document-multiple-symbolic.svg	/usr/share/icons/breeze-dark/actions/16/document-multiple-symbolic.svg
document-multiple.svg	/usr/share/icons/breeze-dark/actions/16/document-multiple.svg
document-new-from-template-symbolic.svg	/usr/share/icons/breeze-dark/actions/16/document-new-from-template-symbolic.svg
document-new-from-template.svg	/usr/share/icons/breeze-dark/actions/16/document-new-from-template.svg
document-new.svg	/usr/share/icons/breeze-dark/actions/16/document-new.svg
document-open-data-symbolic.svg	/usr/share/icons/breeze-dark/actions/16/document-open-data-symbolic.svg
document-open-data.svg	/usr/share/icons/breeze-dark/actions/16/document-open-data.svg
document-open-folder-symbolic.svg	/usr/share/icons/breeze-dark/actions/16/document-open-folder-symbolic.svg
document-open-folder.svg	/usr/share/icons/breeze-dark/actions/16/document-open-folder.svg
document-open-recent.svg	/usr/share/icons/breeze-dark/actions/16/document-open-recent.svg
document-open-remote-symbolic.svg	/usr/share/icons/breeze-dark/actions/16/document-open-remote-symbolic.svg
document-open-remote.svg	/usr/share/icons/breeze-dark/actions/16/document-open-remote.svg
document-open.svg	/usr/share/icons/breeze-dark/actions/16/document-open.svg
document-preview-archive-symbolic.svg	/usr/share/icons/breeze-dark/actions/16/document-preview-archive-symbolic.svg
document-preview-archive.svg	/usr/share/icons/breeze-dark/actions/16/document-preview-archive.svg
document-preview-symbolic.svg	/usr/share/icons/breeze-dark/actions/16/document-preview-symbolic.svg
document-preview.svg	/usr/share/icons/breeze-dark/actions/16/document-preview.svg
document-print-direct-symbolic.svg	/usr/share/icons/breeze-dark/actions/16/document-print-direct-symbolic.svg
document-print-direct.svg	/usr/share/icons/breeze-dark/actions/16/document-print-direct.svg
document-print-frame-symbolic.svg	/usr/share/icons/breeze-dark/actions/16/document-print-frame-symbolic.svg
document-print-frame.svg	/usr/share/icons/breeze-dark/actions/16/document-print-frame.svg
document-print-preview.svg	/usr/share/icons/breeze-dark/actions/16/document-print-preview.svg
document-print.svg	/usr/share/icons/breeze-dark/actions/16/document-print.svg
document-properties.svg	/usr/share/icons/breeze-dark/actions/16/document-properties.svg
document-replace-symbolic.svg	/usr/share/icons/breeze-dark/actions/16/document-replace-symbolic.svg
document-replace.svg	/usr/share/icons/breeze-dark/actions/16/document-replace.svg
document-revert.svg	/usr/share/icons/breeze-dark/actions/16/document-revert.svg
document-save-all-symbolic.svg	/usr/share/icons/breeze-dark/actions/16/document-save-all-symbolic.svg
document-save-all.svg	/usr/share/icons/breeze-dark/actions/16/document-save-all.svg
document-save-as.svg	/usr/share/icons/breeze-dark/actions/16/document-save-as.svg
document-save.svg	/usr/share/icons/breeze-dark/actions/16/document-save.svg
document-scan-symbolic.svg	/usr/share/icons/breeze-dark/actions/16/document-scan-symbolic.svg
document-scan.svg	/usr/share/icons/breeze-dark/actions/16/document-scan.svg
document-send-rtl.svg	/usr/share/icons/breeze-dark/actions/16/document-send-rtl.svg
document-send-symbolic-rtl.svg	/usr/share/icons/breeze-dark/actions/16/document-send-symbolic-rtl.svg
document-send.svg	/usr/share/icons/breeze-dark/actions/16/document-send.svg
document-share-symbolic.svg	/usr/share/icons/breeze-dark/actions/16/document-share-symbolic.svg
document-share.svg	/usr/share/icons/breeze-dark/actions/16/document-share.svg
document-sign-symbolic.svg	/usr/share/icons/breeze-dark/actions/16/document-sign-symbolic.svg
document-sign.svg	/usr/share/icons/breeze-dark/actions/16/document-sign.svg
document-single-symbolic.svg	/usr/share/icons/breeze-dark/actions/16/document-single-symbolic.svg
document-single.svg	/usr/share/icons/breeze-dark/actions/16/document-single.svg
document-swap-symbolic.svg	/usr/share/icons/breeze-dark/actions/16/document-swap-symbolic.svg
document-swap.svg	/usr/share/icons/breeze-dark/actions/16/document-swap.svg
document-unequal-symbolic.svg	/usr/share/icons/breeze-dark/actions/16/document-unequal-symbolic.svg
document-unequal.svg	/usr/share/icons/breeze-dark/actions/16/document-unequal.svg
documentation-symbolic.svg	/usr/share/icons/breeze-dark/actions/16/documentation-symbolic.svg
documentation.svg	/usr/share/icons/breeze-dark/actions/16/documentation.svg
documentinfo-symbolic.svg	/usr/share/icons/breeze-dark/actions/16/documentinfo-symbolic.svg
documentinfo.svg	/usr/share/icons/breeze-dark/actions/16/documentinfo.svg
donate-symbolic.svg	/usr/share/icons/breeze-dark/actions/16/donate-symbolic.svg
donate.svg	/usr/share/icons/breeze-dark/actions/16/donate.svg
download-amarok-symbolic.svg	/usr/share/icons/breeze-dark/actions/16/download-amarok-symbolic.svg
download-amarok.svg	/usr/share/icons/breeze-dark/actions/16/download-amarok.svg
download-later-symbolic.svg	/usr/share/icons/breeze-dark/actions/16/download-later-symbolic.svg
download-later.svg	/usr/share/icons/breeze-dark/actions/16/download-later.svg
download-symbolic.svg	/usr/share/icons/breeze-dark/actions/16/download-symbolic.svg
download.svg	/usr/share/icons/breeze-dark/actions/16/download.svg
drag-handle-symbolic.svg	/usr/share/icons/breeze-dark/actions/16/drag-handle-symbolic.svg
draw-arrow-back-symbolic.svg	/usr/share/icons/breeze-dark/actions/16/draw-arrow-back-symbolic.svg
draw-arrow-back.svg	/usr/share/icons/breeze-dark/actions/16/draw-arrow-back.svg
draw-arrow-down-symbolic.svg	/usr/share/icons/breeze-dark/actions/16/draw-arrow-down-symbolic.svg
draw-arrow-down.svg	/usr/share/icons/breeze-dark/actions/16/draw-arrow-down.svg
draw-arrow-forward-symbolic.svg	/usr/share/icons/breeze-dark/actions/16/draw-arrow-forward-symbolic.svg
draw-arrow-forward.svg	/usr/share/icons/breeze-dark/actions/16/draw-arrow-forward.svg
draw-arrow-symbolic.svg	/usr/share/icons/breeze-dark/actions/16/draw-arrow-symbolic.svg
draw-arrow-up-symbolic.svg	/usr/share/icons/breeze-dark/actions/16/draw-arrow-up-symbolic.svg
draw-arrow-up.svg	/usr/share/icons/breeze-dark/actions/16/draw-arrow-up.svg
draw-arrow.svg	/usr/share/icons/breeze-dark/actions/16/draw-arrow.svg
draw-bezier-curves-symbolic.svg	/usr/share/icons/breeze-dark/actions/16/draw-bezier-curves-symbolic.svg
draw-bezier-curves.svg	/usr/share/icons/breeze-dark/actions/16/draw-bezier-curves.svg
draw-brush-symbolic.svg	/usr/share/icons/breeze-dark/actions/16/draw-brush-symbolic.svg
draw-brush.svg	/usr/share/icons/breeze-dark/actions/16/draw-brush.svg
draw-circle-symbolic.svg	/usr/share/icons/breeze-dark/actions/16/draw-circle-symbolic.svg
draw-circle.svg	/usr/share/icons/breeze-dark/actions/16/draw-circle.svg
draw-connector-symbolic.svg	/usr/share/icons/breeze-dark/actions/16/draw-connector-symbolic.svg
draw-connector.svg	/usr/share/icons/breeze-dark/actions/16/draw-connector.svg
draw-cross-symbolic.svg	/usr/share/icons/breeze-dark/actions/16/draw-cross-symbolic.svg
draw-cross.svg	/usr/share/icons/breeze-dark/actions/16/draw-cross.svg
draw-cuboid-symbolic.svg	/usr/share/icons/breeze-dark/actions/16/draw-cuboid-symbolic.svg
draw-cuboid.svg	/usr/share/icons/breeze-dark/actions/16/draw-cuboid.svg
draw-donut-symbolic.svg	/usr/share/icons/breeze-dark/actions/16/draw-donut-symbolic.svg
draw-donut.svg	/usr/share/icons/breeze-dark/actions/16/draw-donut.svg
draw-ellipse-arc-symbolic.svg	/usr/share/icons/breeze-dark/actions/16/draw-ellipse-arc-symbolic.svg
draw-ellipse-arc.svg	/usr/share/icons/breeze-dark/actions/16/draw-ellipse-arc.svg
draw-ellipse-segment-symbolic.svg	/usr/share/icons/breeze-dark/actions/16/draw-ellipse-segment-symbolic.svg
draw-ellipse-segment.svg	/usr/share/icons/breeze-dark/actions/16/draw-ellipse-segment.svg
draw-ellipse-symbolic.svg	/usr/share/icons/breeze-dark/actions/16/draw-ellipse-symbolic.svg
draw-ellipse-whole-symbolic.svg	/usr/share/icons/breeze-dark/actions/16/draw-ellipse-whole-symbolic.svg
draw-ellipse-whole.svg	/usr/share/icons/breeze-dark/actions/16/draw-ellipse-whole.svg
draw-ellipse.svg	/usr/share/icons/breeze-dark/actions/16/draw-ellipse.svg
draw-eraser-delete-objects-symbolic.svg	/usr/share/icons/breeze-dark/actions/16/draw-eraser-delete-objects-symbolic.svg
draw-eraser-delete-objects.svg	/usr/share/icons/breeze-dark/actions/16/draw-eraser-delete-objects.svg
draw-eraser-symbolic.svg	/usr/share/icons/breeze-dark/actions/16/draw-eraser-symbolic.svg
draw-eraser.svg	/usr/share/icons/breeze-dark/actions/16/draw-eraser.svg
draw-freehand-symbolic.svg	/usr/share/icons/breeze-dark/actions/16/draw-freehand-symbolic.svg
draw-freehand.svg	/usr/share/icons/breeze-dark/actions/16/draw-freehand.svg
draw-halfcircle1-symbolic.svg	/usr/share/icons/breeze-dark/actions/16/draw-halfcircle1-symbolic.svg
draw-halfcircle1.svg	/usr/share/icons/breeze-dark/actions/16/draw-halfcircle1.svg
draw-halfcircle2-symbolic.svg	/usr/share/icons/breeze-dark/actions/16/draw-halfcircle2-symbolic.svg
draw-halfcircle2.svg	/usr/share/icons/breeze-dark/actions/16/draw-halfcircle2.svg
draw-halfcircle3-symbolic.svg	/usr/share/icons/breeze-dark/actions/16/draw-halfcircle3-symbolic.svg
draw-halfcircle3.svg	/usr/share/icons/breeze-dark/actions/16/draw-halfcircle3.svg
draw-halfcircle4-symbolic.svg	/usr/share/icons/breeze-dark/actions/16/draw-halfcircle4-symbolic.svg
draw-halfcircle4.svg	/usr/share/icons/breeze-dark/actions/16/draw-halfcircle4.svg
draw-highlight-symbolic.svg	/usr/share/icons/breeze-dark/actions/16/draw-highlight-symbolic.svg
draw-highlight.svg	/usr/share/icons/breeze-dark/actions/16/draw-highlight.svg
draw-line-symbolic.svg	/usr/share/icons/breeze-dark/actions/16/draw-line-symbolic.svg
draw-line.svg	/usr/share/icons/breeze-dark/actions/16/draw-line.svg
draw-path-symbolic.svg	/usr/share/icons/breeze-dark/actions/16/draw-path-symbolic.svg
draw-path.svg	/usr/share/icons/breeze-dark/actions/16/draw-path.svg
draw-polygon-star-symbolic.svg	/usr/share/icons/breeze-dark/actions/16/draw-polygon-star-symbolic.svg
draw-polygon-star.svg	/usr/share/icons/breeze-dark/actions/16/draw-polygon-star.svg
draw-polygon-symbolic.svg	/usr/share/icons/breeze-dark/actions/16/draw-polygon-symbolic.svg
draw-polygon.svg	/usr/share/icons/breeze-dark/actions/16/draw-polygon.svg
draw-polyline-symbolic.svg	/usr/share/icons/breeze-dark/actions/16/draw-polyline-symbolic.svg
draw-polyline.svg	/usr/share/icons/breeze-dark/actions/16/draw-polyline.svg
draw-rectangle-rounded-symbolic.svg	/usr/share/icons/breeze-dark/actions/16/draw-rectangle-rounded-symbolic.svg
draw-rectangle-rounded.svg	/usr/share/icons/breeze-dark/actions/16/draw-rectangle-rounded.svg
draw-rectangle-symbolic.svg	/usr/share/icons/breeze-dark/actions/16/draw-rectangle-symbolic.svg
draw-rectangle.svg	/usr/share/icons/breeze-dark/actions/16/draw-rectangle.svg
draw-spiral-symbolic.svg	/usr/share/icons/breeze-dark/actions/16/draw-spiral-symbolic.svg
draw-spiral.svg	/usr/share/icons/breeze-dark/actions/16/draw-spiral.svg
draw-square-inverted-corners-symbolic.svg	/usr/share/icons/breeze-dark/actions/16/draw-square-inverted-corners-symbolic.svg
draw-square-inverted-corners.svg	/usr/share/icons/breeze-dark/actions/16/draw-square-inverted-corners.svg
draw-star-symbolic.svg	/usr/share/icons/breeze-dark/actions/16/draw-star-symbolic.svg
draw-star.svg	/usr/share/icons/breeze-dark/actions/16/draw-star.svg
draw-text-symbolic.svg	/usr/share/icons/breeze-dark/actions/16/draw-text-symbolic.svg
draw-text.svg	/usr/share/icons/breeze-dark/actions/16/draw-text.svg
draw-triangle-symbolic.svg	/usr/share/icons/breeze-dark/actions/16/draw-triangle-symbolic.svg
draw-triangle.svg	/usr/share/icons/breeze-dark/actions/16/draw-triangle.svg
draw-triangle1-symbolic.svg	/usr/share/icons/breeze-dark/actions/16/draw-triangle1-symbolic.svg
draw-triangle1.svg	/usr/share/icons/breeze-dark/actions/16/draw-triangle1.svg
draw-triangle2-symbolic.svg	/usr/share/icons/breeze-dark/actions/16/draw-triangle2-symbolic.svg
draw-triangle2.svg	/usr/share/icons/breeze-dark/actions/16/draw-triangle2.svg
draw-triangle3-symbolic.svg	/usr/share/icons/breeze-dark/actions/16/draw-triangle3-symbolic.svg
draw-triangle3.svg	/usr/share/icons/breeze-dark/actions/16/draw-triangle3.svg
draw-triangle4-symbolic.svg	/usr/share/icons/breeze-dark/actions/16/draw-triangle4-symbolic.svg
draw-triangle4.svg	/usr/share/icons/breeze-dark/actions/16/draw-triangle4.svg
draw-watercolor-symbolic.svg	/usr/share/icons/breeze-dark/actions/16/draw-watercolor-symbolic.svg
draw-watercolor.svg	/usr/share/icons/breeze-dark/actions/16/draw-watercolor.svg
dvipdf-symbolic.svg	/usr/share/icons/breeze-dark/actions/16/dvipdf-symbolic.svg
dvipdf.svg	/usr/share/icons/breeze-dark/actions/16/dvipdf.svg
dvipng-symbolic.svg	/usr/share/icons/breeze-dark/actions/16/dvipng-symbolic.svg
dvipng.svg	/usr/share/icons/breeze-dark/actions/16/dvipng.svg
dvips-symbolic.svg	/usr/share/icons/breeze-dark/actions/16/dvips-symbolic.svg
dvips.svg	/usr/share/icons/breeze-dark/actions/16/dvips.svg
dynamic-amarok-symbolic.svg	/usr/share/icons/breeze-dark/actions/16/dynamic-amarok-symbolic.svg
dynamic-amarok.svg	/usr/share/icons/breeze-dark/actions/16/dynamic-amarok.svg
edit-bomb-symbolic.svg	/usr/share/icons/breeze-dark/actions/16/edit-bomb-symbolic.svg
edit-bomb.svg	/usr/share/icons/breeze-dark/actions/16/edit-bomb.svg
edit-clear-all.svg	/usr/share/icons/breeze-dark/actions/16/edit-clear-all.svg
edit-clear-history-symbolic.svg	/usr/share/icons/breeze-dark/actions/16/edit-clear-history-symbolic.svg
edit-clear-history.svg	/usr/share/icons/breeze-dark/actions/16/edit-clear-history.svg
edit-clear-list-symbolic.svg	/usr/share/icons/breeze-dark/actions/16/edit-clear-list-symbolic.svg
edit-clear-list.svg	/usr/share/icons/breeze-dark/actions/16/edit-clear-list.svg
edit-clear-locationbar-ltr-symbolic.svg	/usr/share/icons/breeze-dark/actions/16/edit-clear-locationbar-ltr-symbolic.svg
edit-clear-locationbar-ltr.svg	/usr/share/icons/breeze-dark/actions/16/edit-clear-locationbar-ltr.svg
edit-clear-locationbar-rtl-symbolic.svg	/usr/share/icons/breeze-dark/actions/16/edit-clear-locationbar-rtl-symbolic.svg
edit-clear-locationbar-rtl.svg	/usr/share/icons/breeze-dark/actions/16/edit-clear-locationbar-rtl.svg
edit-clear.svg	/usr/share/icons/breeze-dark/actions/16/edit-clear.svg
edit-clone-symbolic.svg	/usr/share/icons/breeze-dark/actions/16/edit-clone-symbolic.svg
edit-clone-unlink-symbolic.svg	/usr/share/icons/breeze-dark/actions/16/edit-clone-unlink-symbolic.svg
edit-clone-unlink.svg	/usr/share/icons/breeze-dark/actions/16/edit-clone-unlink.svg
edit-clone.svg	/usr/share/icons/breeze-dark/actions/16/edit-clone.svg
edit-comment-symbolic.svg	/usr/share/icons/breeze-dark/actions/16/edit-comment-symbolic.svg
edit-comment.svg	/usr/share/icons/breeze-dark/actions/16/edit-comment.svg
edit-copy-path-symbolic.svg	/usr/share/icons/breeze-dark/actions/16/edit-copy-path-symbolic.svg
edit-copy-path.svg	/usr/share/icons/breeze-dark/actions/16/edit-copy-path.svg
edit-copy.svg	/usr/share/icons/breeze-dark/actions/16/edit-copy.svg
edit-cut.svg	/usr/share/icons/breeze-dark/actions/16/edit-cut.svg
edit-delete-remove-symbolic.svg	/usr/share/icons/breeze-dark/actions/16/edit-delete-remove-symbolic.svg
edit-delete-remove.svg	/usr/share/icons/breeze-dark/actions/16/edit-delete-remove.svg
edit-delete-shred-symbolic.svg	/usr/share/icons/breeze-dark/actions/16/edit-delete-shred-symbolic.svg
edit-delete-shred.svg	/usr/share/icons/breeze-dark/actions/16/edit-delete-shred.svg
edit-delete.svg	/usr/share/icons/breeze-dark/actions/16/edit-delete.svg
edit-download-symbolic.svg	/usr/share/icons/breeze-dark/actions/16/edit-download-symbolic.svg
edit-download.svg	/usr/share/icons/breeze-dark/actions/16/edit-download.svg
edit-duplicate-symbolic.svg	/usr/share/icons/breeze-dark/actions/16/edit-duplicate-symbolic.svg
edit-duplicate.svg	/usr/share/icons/breeze-dark/actions/16/edit-duplicate.svg
edit-entry-symbolic.svg	/usr/share/icons/breeze-dark/actions/16/edit-entry-symbolic.svg
edit-entry.svg	/usr/share/icons/breeze-dark/actions/16/edit-entry.svg
edit-find-mail-symbolic.svg	/usr/share/icons/breeze-dark/actions/16/edit-find-mail-symbolic.svg
edit-find-mail.svg	/usr/share/icons/breeze-dark/actions/16/edit-find-mail.svg
edit-find-project-symbolic.svg	/usr/share/icons/breeze-dark/actions/16/edit-find-project-symbolic.svg
edit-find-project.svg	/usr/share/icons/breeze-dark/actions/16/edit-find-project.svg
edit-find-replace.svg	/usr/share/icons/breeze-dark/actions/16/edit-find-replace.svg
edit-find-user-symbolic.svg	/usr/share/icons/breeze-dark/actions/16/edit-find-user-symbolic.svg
edit-find-user.svg	/usr/share/icons/breeze-dark/actions/16/edit-find-user.svg
edit-find.svg	/usr/share/icons/breeze-dark/actions/16/edit-find.svg
edit-guides-symbolic.svg	/usr/share/icons/breeze-dark/actions/16/edit-guides-symbolic.svg
edit-guides.svg	/usr/share/icons/breeze-dark/actions/16/edit-guides.svg
edit-image-face-add-symbolic.svg	/usr/share/icons/breeze-dark/actions/16/edit-image-face-add-symbolic.svg
edit-image-face-add.svg	/usr/share/icons/breeze-dark/actions/16/edit-image-face-add.svg
edit-image-face-detect-symbolic.svg	/usr/share/icons/breeze-dark/actions/16/edit-image-face-detect-symbolic.svg
edit-image-face-detect.svg	/usr/share/icons/breeze-dark/actions/16/edit-image-face-detect.svg
edit-image-face-recognize-symbolic.svg	/usr/share/icons/breeze-dark/actions/16/edit-image-face-recognize-symbolic.svg
edit-image-face-recognize.svg	/usr/share/icons/breeze-dark/actions/16/edit-image-face-recognize.svg
edit-image-face-show-symbolic.svg	/usr/share/icons/breeze-dark/actions/16/edit-image-face-show-symbolic.svg
edit-image-face-show.svg	/usr/share/icons/breeze-dark/actions/16/edit-image-face-show.svg
edit-image-symbolic.svg	/usr/share/icons/breeze-dark/actions/16/edit-image-symbolic.svg
edit-image.svg	/usr/share/icons/breeze-dark/actions/16/edit-image.svg
edit-line-width-symbolic.svg	/usr/share/icons/breeze-dark/actions/16/edit-line-width-symbolic.svg
edit-line-width.svg	/usr/share/icons/breeze-dark/actions/16/edit-line-width.svg
edit-link-symbolic.svg	/usr/share/icons/breeze-dark/actions/16/edit-link-symbolic.svg
edit-link.svg	/usr/share/icons/breeze-dark/actions/16/edit-link.svg
edit-map-symbolic.svg	/usr/share/icons/breeze-dark/actions/16/edit-map-symbolic.svg
edit-map.svg	/usr/share/icons/breeze-dark/actions/16/edit-map.svg
edit-move-symbolic.svg	/usr/share/icons/breeze-dark/actions/16/edit-move-symbolic.svg
edit-move.svg	/usr/share/icons/breeze-dark/actions/16/edit-move.svg
edit-node-symbolic.svg	/usr/share/icons/breeze-dark/actions/16/edit-node-symbolic.svg
edit-node.svg	/usr/share/icons/breeze-dark/actions/16/edit-node.svg
edit-none-symbolic.svg	/usr/share/icons/breeze-dark/actions/16/edit-none-symbolic.svg
edit-none.svg	/usr/share/icons/breeze-dark/actions/16/edit-none.svg
edit-opacity-symbolic.svg	/usr/share/icons/breeze-dark/actions/16/edit-opacity-symbolic.svg
edit-opacity.svg	/usr/share/icons/breeze-dark/actions/16/edit-opacity.svg
edit-paste-in-place-symbolic.svg	/usr/share/icons/breeze-dark/actions/16/edit-paste-in-place-symbolic.svg
edit-paste-in-place.svg	/usr/share/icons/breeze-dark/actions/16/edit-paste-in-place.svg
edit-paste-style-symbolic.svg	/usr/share/icons/breeze-dark/actions/16/edit-paste-style-symbolic.svg
edit-paste-style.svg	/usr/share/icons/breeze-dark/actions/16/edit-paste-style.svg
edit-paste.svg	/usr/share/icons/breeze-dark/actions/16/edit-paste.svg
edit-redo-rtl-symbolic.svg	/usr/share/icons/breeze-dark/actions/16/edit-redo-rtl-symbolic.svg
edit-redo.svg	/usr/share/icons/breeze-dark/actions/16/edit-redo.svg
edit-rename-symbolic.svg	/usr/share/icons/breeze-dark/actions/16/edit-rename-symbolic.svg
edit-rename.svg	/usr/share/icons/breeze-dark/actions/16/edit-rename.svg
edit-reset-symbolic.svg	/usr/share/icons/breeze-dark/actions/16/edit-reset-symbolic.svg
edit-reset.svg	/usr/share/icons/breeze-dark/actions/16/edit-reset.svg
edit-select-all-layers-symbolic.svg	/usr/share/icons/breeze-dark/actions/16/edit-select-all-layers-symbolic.svg
edit-select-all-layers.svg	/usr/share/icons/breeze-dark/actions/16/edit-select-all-layers.svg
edit-select-all.svg	/usr/share/icons/breeze-dark/actions/16/edit-select-all.svg
edit-select-invert-symbolic.svg	/usr/share/icons/breeze-dark/actions/16/edit-select-invert-symbolic.svg
edit-select-invert.svg	/usr/share/icons/breeze-dark/actions/16/edit-select-invert.svg
edit-select-none-symbolic.svg	/usr/share/icons/breeze-dark/actions/16/edit-select-none-symbolic.svg
edit-select-none.svg	/usr/share/icons/breeze-dark/actions/16/edit-select-none.svg
edit-select-original-symbolic.svg	/usr/share/icons/breeze-dark/actions/16/edit-select-original-symbolic.svg
edit-select-original.svg	/usr/share/icons/breeze-dark/actions/16/edit-select-original.svg
edit-select-text-symbolic.svg	/usr/share/icons/breeze-dark/actions/16/edit-select-text-symbolic.svg
edit-select-text.svg	/usr/share/icons/breeze-dark/actions/16/edit-select-text.svg
edit-select.svg	/usr/share/icons/breeze-dark/actions/16/edit-select.svg
edit-symbolic.svg	/usr/share/icons/breeze-dark/actions/16/edit-symbolic.svg
edit-table-cell-merge-symbolic.svg	/usr/share/icons/breeze-dark/actions/16/edit-table-cell-merge-symbolic.svg
edit-table-cell-merge.svg	/usr/share/icons/breeze-dark/actions/16/edit-table-cell-merge.svg
edit-table-cell-split-symbolic.svg	/usr/share/icons/breeze-dark/actions/16/edit-table-cell-split-symbolic.svg
edit-table-cell-split.svg	/usr/share/icons/breeze-dark/actions/16/edit-table-cell-split.svg
edit-table-delete-column-symbolic.svg	/usr/share/icons/breeze-dark/actions/16/edit-table-delete-column-symbolic.svg
edit-table-delete-column.svg	/usr/share/icons/breeze-dark/actions/16/edit-table-delete-column.svg
edit-table-delete-row-symbolic.svg	/usr/share/icons/breeze-dark/actions/16/edit-table-delete-row-symbolic.svg
edit-table-delete-row.svg	/usr/share/icons/breeze-dark/actions/16/edit-table-delete-row.svg
edit-table-insert-column-left-symbolic.svg	/usr/share/icons/breeze-dark/actions/16/edit-table-insert-column-left-symbolic.svg
edit-table-insert-column-left.svg	/usr/share/icons/breeze-dark/actions/16/edit-table-insert-column-left.svg
edit-table-insert-column-right-symbolic.svg	/usr/share/icons/breeze-dark/actions/16/edit-table-insert-column-right-symbolic.svg
edit-table-insert-column-right.svg	/usr/share/icons/breeze-dark/actions/16/edit-table-insert-column-right.svg
edit-table-insert-row-above-symbolic.svg	/usr/share/icons/breeze-dark/actions/16/edit-table-insert-row-above-symbolic.svg
edit-table-insert-row-above.svg	/usr/share/icons/breeze-dark/actions/16/edit-table-insert-row-above.svg
edit-table-insert-row-below-symbolic.svg	/usr/share/icons/breeze-dark/actions/16/edit-table-insert-row-below-symbolic.svg
edit-table-insert-row-below.svg	/usr/share/icons/breeze-dark/actions/16/edit-table-insert-row-below.svg
edit-table-insert-row-under-symbolic.svg	/usr/share/icons/breeze-dark/actions/16/edit-table-insert-row-under-symbolic.svg
edit-table-insert-row-under.svg	/usr/share/icons/breeze-dark/actions/16/edit-table-insert-row-under.svg
edit-text-frame-update-symbolic.svg	/usr/share/icons/breeze-dark/actions/16/edit-text-frame-update-symbolic.svg
edit-text-frame-update.svg	/usr/share/icons/breeze-dark/actions/16/edit-text-frame-update.svg
edit-undo-history-symbolic.svg	/usr/share/icons/breeze-dark/actions/16/edit-undo-history-symbolic.svg
edit-undo-history.svg	/usr/share/icons/breeze-dark/actions/16/edit-undo-history.svg
edit-undo-rtl-symbolic.svg	/usr/share/icons/breeze-dark/actions/16/edit-undo-rtl-symbolic.svg
edit-undo.svg	/usr/share/icons/breeze-dark/actions/16/edit-undo.svg
editimage-symbolic.svg	/usr/share/icons/breeze-dark/actions/16/editimage-symbolic.svg
editimage.svg	/usr/share/icons/breeze-dark/actions/16/editimage.svg
editor-symbolic.svg	/usr/share/icons/breeze-dark/actions/16/editor-symbolic.svg
editor.svg	/usr/share/icons/breeze-dark/actions/16/editor.svg
editpath-symbolic.svg	/usr/share/icons/breeze-dark/actions/16/editpath-symbolic.svg
editpath.svg	/usr/share/icons/breeze-dark/actions/16/editpath.svg
edittext-symbolic.svg	/usr/share/icons/breeze-dark/actions/16/edittext-symbolic.svg
edittext.svg	/usr/share/icons/breeze-dark/actions/16/edittext.svg
ellipse-shape-symbolic.svg	/usr/share/icons/breeze-dark/actions/16/ellipse-shape-symbolic.svg
ellipse-shape.svg	/usr/share/icons/breeze-dark/actions/16/ellipse-shape.svg
emph-symbolic.svg	/usr/share/icons/breeze-dark/actions/16/emph-symbolic.svg
emph.svg	/usr/share/icons/breeze-dark/actions/16/emph.svg
end_of_life-symbolic.svg	/usr/share/icons/breeze-dark/actions/16/end_of_life-symbolic.svg
end_of_life.svg	/usr/share/icons/breeze-dark/actions/16/end_of_life.svg
end_state-symbolic.svg	/usr/share/icons/breeze-dark/actions/16/end_state-symbolic.svg
end_state.svg	/usr/share/icons/breeze-dark/actions/16/end_state.svg
entity-symbolic.svg	/usr/share/icons/breeze-dark/actions/16/entity-symbolic.svg
entity.svg	/usr/share/icons/breeze-dark/actions/16/entity.svg
entry-clone-symbolic.svg	/usr/share/icons/breeze-dark/actions/16/entry-clone-symbolic.svg
entry-clone.svg	/usr/share/icons/breeze-dark/actions/16/entry-clone.svg
entry-delete-symbolic.svg	/usr/share/icons/breeze-dark/actions/16/entry-delete-symbolic.svg
entry-delete.svg	/usr/share/icons/breeze-dark/actions/16/entry-delete.svg
entry-edit-symbolic.svg	/usr/share/icons/breeze-dark/actions/16/entry-edit-symbolic.svg
entry-edit.svg	/usr/share/icons/breeze-dark/actions/16/entry-edit.svg
enum-symbolic.svg	/usr/share/icons/breeze-dark/actions/16/enum-symbolic.svg
enum.svg	/usr/share/icons/breeze-dark/actions/16/enum.svg
enumerate-symbolic.svg	/usr/share/icons/breeze-dark/actions/16/enumerate-symbolic.svg
enumerate.svg	/usr/share/icons/breeze-dark/actions/16/enumerate.svg
error-symbolic.svg	/usr/share/icons/breeze-dark/actions/16/error-symbolic.svg
error.svg	/usr/share/icons/breeze-dark/actions/16/error.svg
escape-direction-all-symbolic.svg	/usr/share/icons/breeze-dark/actions/16/escape-direction-all-symbolic.svg
escape-direction-all.svg	/usr/share/icons/breeze-dark/actions/16/escape-direction-all.svg
escape-direction-down-symbolic.svg	/usr/share/icons/breeze-dark/actions/16/escape-direction-down-symbolic.svg
escape-direction-down.svg	/usr/share/icons/breeze-dark/actions/16/escape-direction-down.svg
escape-direction-horizontal-symbolic.svg	/usr/share/icons/breeze-dark/actions/16/escape-direction-horizontal-symbolic.svg
escape-direction-horizontal.svg	/usr/share/icons/breeze-dark/actions/16/escape-direction-horizontal.svg
escape-direction-left-symbolic.svg	/usr/share/icons/breeze-dark/actions/16/escape-direction-left-symbolic.svg
escape-direction-left.svg	/usr/share/icons/breeze-dark/actions/16/escape-direction-left.svg
escape-direction-right-symbolic.svg	/usr/share/icons/breeze-dark/actions/16/escape-direction-right-symbolic.svg
escape-direction-right.svg	/usr/share/icons/breeze-dark/actions/16/escape-direction-right.svg
escape-direction-up-symbolic.svg	/usr/share/icons/breeze-dark/actions/16/escape-direction-up-symbolic.svg
escape-direction-up.svg	/usr/share/icons/breeze-dark/actions/16/escape-direction-up.svg
escape-direction-vertical-symbolic.svg	/usr/share/icons/breeze-dark/actions/16/escape-direction-vertical-symbolic.svg
escape-direction-vertical.svg	/usr/share/icons/breeze-dark/actions/16/escape-direction-vertical.svg
exception-symbolic.svg	/usr/share/icons/breeze-dark/actions/16/exception-symbolic.svg
exception.svg	/usr/share/icons/breeze-dark/actions/16/exception.svg
exifinfo-symbolic.svg	/usr/share/icons/breeze-dark/actions/16/exifinfo-symbolic.svg
exifinfo.svg	/usr/share/icons/breeze-dark/actions/16/exifinfo.svg
expand-all-symbolic.svg	/usr/share/icons/breeze-dark/actions/16/expand-all-symbolic.svg
expand-all.svg	/usr/share/icons/breeze-dark/actions/16/expand-all.svg
expand-symbolic.svg	/usr/share/icons/breeze-dark/actions/16/expand-symbolic.svg
expand.svg	/usr/share/icons/breeze-dark/actions/16/expand.svg
export-symbolic.svg	/usr/share/icons/breeze-dark/actions/16/export-symbolic.svg
extension-symbolic.svg	/usr/share/icons/breeze-dark/actions/16/extension-symbolic.svg
favorite-genres-amarok-symbolic.svg	/usr/share/icons/breeze-dark/actions/16/favorite-genres-amarok-symbolic.svg
favorite-genres-amarok.svg	/usr/share/icons/breeze-dark/actions/16/favorite-genres-amarok.svg
feed-subscribe-symbolic.svg	/usr/share/icons/breeze-dark/actions/16/feed-subscribe-symbolic.svg
feed-subscribe.svg	/usr/share/icons/breeze-dark/actions/16/feed-subscribe.svg
file-catalog-symbolic.svg	/usr/share/icons/breeze-dark/actions/16/file-catalog-symbolic.svg
file-library-symbolic.svg	/usr/share/icons/breeze-dark/actions/16/file-library-symbolic.svg
file-search-symbolic.svg	/usr/share/icons/breeze-dark/actions/16/file-search-symbolic.svg
file-zoom-in-symbolic.svg	/usr/share/icons/breeze-dark/actions/16/file-zoom-in-symbolic.svg
file-zoom-in.svg	/usr/share/icons/breeze-dark/actions/16/file-zoom-in.svg
file-zoom-out-symbolic.svg	/usr/share/icons/breeze-dark/actions/16/file-zoom-out-symbolic.svg
file-zoom-out.svg	/usr/share/icons/breeze-dark/actions/16/file-zoom-out.svg
filegrep-symbolic.svg	/usr/share/icons/breeze-dark/actions/16/filegrep-symbolic.svg
filegrep.svg	/usr/share/icons/breeze-dark/actions/16/filegrep.svg
filename-album-amarok-symbolic.svg	/usr/share/icons/breeze-dark/actions/16/filename-album-amarok-symbolic.svg
filename-album-amarok.svg	/usr/share/icons/breeze-dark/actions/16/filename-album-amarok.svg
filename-and-amarok-symbolic.svg	/usr/share/icons/breeze-dark/actions/16/filename-and-amarok-symbolic.svg
filename-and-amarok.svg	/usr/share/icons/breeze-dark/actions/16/filename-and-amarok.svg
filename-artist-amarok-symbolic.svg	/usr/share/icons/breeze-dark/actions/16/filename-artist-amarok-symbolic.svg
filename-artist-amarok.svg	/usr/share/icons/breeze-dark/actions/16/filename-artist-amarok.svg
filename-bpm-amarok-symbolic.svg	/usr/share/icons/breeze-dark/actions/16/filename-bpm-amarok-symbolic.svg
filename-bpm-amarok.svg	/usr/share/icons/breeze-dark/actions/16/filename-bpm-amarok.svg
filename-comment-amarok-symbolic.svg	/usr/share/icons/breeze-dark/actions/16/filename-comment-amarok-symbolic.svg
filename-comment-amarok.svg	/usr/share/icons/breeze-dark/actions/16/filename-comment-amarok.svg
filename-composer-amarok-symbolic.svg	/usr/share/icons/breeze-dark/actions/16/filename-composer-amarok-symbolic.svg
filename-composer-amarok.svg	/usr/share/icons/breeze-dark/actions/16/filename-composer-amarok.svg
filename-dash-amarok-symbolic.svg	/usr/share/icons/breeze-dark/actions/16/filename-dash-amarok-symbolic.svg
filename-dash-amarok.svg	/usr/share/icons/breeze-dark/actions/16/filename-dash-amarok.svg
filename-discnumber-amarok-symbolic.svg	/usr/share/icons/breeze-dark/actions/16/filename-discnumber-amarok-symbolic.svg
filename-discnumber-amarok.svg	/usr/share/icons/breeze-dark/actions/16/filename-discnumber-amarok.svg
filename-divider-symbolic.svg	/usr/share/icons/breeze-dark/actions/16/filename-divider-symbolic.svg
filename-divider.svg	/usr/share/icons/breeze-dark/actions/16/filename-divider.svg
filename-dot-amarok-symbolic.svg	/usr/share/icons/breeze-dark/actions/16/filename-dot-amarok-symbolic.svg
filename-dot-amarok.svg	/usr/share/icons/breeze-dark/actions/16/filename-dot-amarok.svg
filename-filetype-amarok-symbolic.svg	/usr/share/icons/breeze-dark/actions/16/filename-filetype-amarok-symbolic.svg
filename-filetype-amarok.svg	/usr/share/icons/breeze-dark/actions/16/filename-filetype-amarok.svg
filename-genre-amarok-symbolic.svg	/usr/share/icons/breeze-dark/actions/16/filename-genre-amarok-symbolic.svg
filename-genre-amarok.svg	/usr/share/icons/breeze-dark/actions/16/filename-genre-amarok.svg
filename-group-length-symbolic.svg	/usr/share/icons/breeze-dark/actions/16/filename-group-length-symbolic.svg
filename-group-length.svg	/usr/share/icons/breeze-dark/actions/16/filename-group-length.svg
filename-group-tracks-symbolic.svg	/usr/share/icons/breeze-dark/actions/16/filename-group-tracks-symbolic.svg
filename-group-tracks.svg	/usr/share/icons/breeze-dark/actions/16/filename-group-tracks.svg
filename-ignore-amarok-symbolic.svg	/usr/share/icons/breeze-dark/actions/16/filename-ignore-amarok-symbolic.svg
filename-ignore-amarok.svg	/usr/share/icons/breeze-dark/actions/16/filename-ignore-amarok.svg
filename-initial-amarok-symbolic.svg	/usr/share/icons/breeze-dark/actions/16/filename-initial-amarok-symbolic.svg
filename-initial-amarok.svg	/usr/share/icons/breeze-dark/actions/16/filename-initial-amarok.svg
filename-last-played-symbolic.svg	/usr/share/icons/breeze-dark/actions/16/filename-last-played-symbolic.svg
filename-last-played.svg	/usr/share/icons/breeze-dark/actions/16/filename-last-played.svg
filename-moodbar-symbolic.svg	/usr/share/icons/breeze-dark/actions/16/filename-moodbar-symbolic.svg
filename-moodbar.svg	/usr/share/icons/breeze-dark/actions/16/filename-moodbar.svg
filename-sample-rate-symbolic.svg	/usr/share/icons/breeze-dark/actions/16/filename-sample-rate-symbolic.svg
filename-sample-rate.svg	/usr/share/icons/breeze-dark/actions/16/filename-sample-rate.svg
filename-slash-amarok-symbolic.svg	/usr/share/icons/breeze-dark/actions/16/filename-slash-amarok-symbolic.svg
filename-slash-amarok.svg	/usr/share/icons/breeze-dark/actions/16/filename-slash-amarok.svg
filename-space-amarok-symbolic.svg	/usr/share/icons/breeze-dark/actions/16/filename-space-amarok-symbolic.svg
filename-space-amarok.svg	/usr/share/icons/breeze-dark/actions/16/filename-space-amarok.svg
filename-title-amarok-symbolic.svg	/usr/share/icons/breeze-dark/actions/16/filename-title-amarok-symbolic.svg
filename-title-amarok.svg	/usr/share/icons/breeze-dark/actions/16/filename-title-amarok.svg
filename-track-amarok-symbolic.svg	/usr/share/icons/breeze-dark/actions/16/filename-track-amarok-symbolic.svg
filename-track-amarok.svg	/usr/share/icons/breeze-dark/actions/16/filename-track-amarok.svg
filename-underscore-amarok-symbolic.svg	/usr/share/icons/breeze-dark/actions/16/filename-underscore-amarok-symbolic.svg
filename-underscore-amarok.svg	/usr/share/icons/breeze-dark/actions/16/filename-underscore-amarok.svg
filename-year-amarok-symbolic.svg	/usr/share/icons/breeze-dark/actions/16/filename-year-amarok-symbolic.svg
filename-year-amarok.svg	/usr/share/icons/breeze-dark/actions/16/filename-year-amarok.svg
fileview-preview-symbolic.svg	/usr/share/icons/breeze-dark/actions/16/fileview-preview-symbolic.svg
fileview-preview.svg	/usr/share/icons/breeze-dark/actions/16/fileview-preview.svg
fill-color-symbolic.svg	/usr/share/icons/breeze-dark/actions/16/fill-color-symbolic.svg
fill-color.svg	/usr/share/icons/breeze-dark/actions/16/fill-color.svg
fill-rule-even-odd-symbolic.svg	/usr/share/icons/breeze-dark/actions/16/fill-rule-even-odd-symbolic.svg
fill-rule-even-odd.svg	/usr/share/icons/breeze-dark/actions/16/fill-rule-even-odd.svg
fill-rule-nonzero-symbolic.svg	/usr/share/icons/breeze-dark/actions/16/fill-rule-nonzero-symbolic.svg
fill-rule-nonzero.svg	/usr/share/icons/breeze-dark/actions/16/fill-rule-nonzero.svg
filter-symbolic.svg	/usr/share/icons/breeze-dark/actions/16/filter-symbolic.svg
final_activity-symbolic.svg	/usr/share/icons/breeze-dark/actions/16/final_activity-symbolic.svg
final_activity.svg	/usr/share/icons/breeze-dark/actions/16/final_activity.svg
find-location.svg	/usr/share/icons/breeze-dark/actions/16/find-location.svg
flag-black-symbolic.svg	/usr/share/icons/breeze-dark/actions/16/flag-black-symbolic.svg
flag-black.svg	/usr/share/icons/breeze-dark/actions/16/flag-black.svg
flag-blue-symbolic.svg	/usr/share/icons/breeze-dark/actions/16/flag-blue-symbolic.svg
flag-blue.svg	/usr/share/icons/breeze-dark/actions/16/flag-blue.svg
flag-green-symbolic.svg	/usr/share/icons/breeze-dark/actions/16/flag-green-symbolic.svg
flag-green.svg	/usr/share/icons/breeze-dark/actions/16/flag-green.svg
flag-red-symbolic.svg	/usr/share/icons/breeze-dark/actions/16/flag-red-symbolic.svg
flag-red.svg	/usr/share/icons/breeze-dark/actions/16/flag-red.svg
flag-symbolic.svg	/usr/share/icons/breeze-dark/actions/16/flag-symbolic.svg
flag-yellow-symbolic.svg	/usr/share/icons/breeze-dark/actions/16/flag-yellow-symbolic.svg
flag-yellow.svg	/usr/share/icons/breeze-dark/actions/16/flag-yellow.svg
flag.svg	/usr/share/icons/breeze-dark/actions/16/flag.svg
flash-symbolic.svg	/usr/share/icons/breeze-dark/actions/16/flash-symbolic.svg
flash.svg	/usr/share/icons/breeze-dark/actions/16/flash.svg
flashlight-off-symbolic.svg	/usr/share/icons/breeze-dark/actions/16/flashlight-off-symbolic.svg
flashlight-off.svg	/usr/share/icons/breeze-dark/actions/16/flashlight-off.svg
flashlight-on-symbolic.svg	/usr/share/icons/breeze-dark/actions/16/flashlight-on-symbolic.svg
flashlight-on.svg	/usr/share/icons/breeze-dark/actions/16/flashlight-on.svg
folder-add-symbolic.svg	/usr/share/icons/breeze-dark/actions/16/folder-add-symbolic.svg
folder-add.svg	/usr/share/icons/breeze-dark/actions/16/folder-add.svg
folder-edit-sign-decrypted-symbolic.svg	/usr/share/icons/breeze-dark/actions/16/folder-edit-sign-decrypted-symbolic.svg
folder-edit-sign-decrypted.svg	/usr/share/icons/breeze-dark/actions/16/folder-edit-sign-decrypted.svg
folder-edit-sign-encrypt-symbolic.svg	/usr/share/icons/breeze-dark/actions/16/folder-edit-sign-encrypt-symbolic.svg
folder-edit-sign-encrypt.svg	/usr/share/icons/breeze-dark/actions/16/folder-edit-sign-encrypt.svg
folder-new.svg	/usr/share/icons/breeze-dark/actions/16/folder-new.svg
folder-open-recent-symbolic.svg	/usr/share/icons/breeze-dark/actions/16/folder-open-recent-symbolic.svg
folder-open-recent.svg	/usr/share/icons/breeze-dark/actions/16/folder-open-recent.svg
folder-stash-symbolic.svg	/usr/share/icons/breeze-dark/actions/16/folder-stash-symbolic.svg
folder-stash.svg	/usr/share/icons/breeze-dark/actions/16/folder-stash.svg
folder-sync-symbolic.svg	/usr/share/icons/breeze-dark/actions/16/folder-sync-symbolic.svg
folder-sync.svg	/usr/share/icons/breeze-dark/actions/16/folder-sync.svg
followmouse-symbolic.svg	/usr/share/icons/breeze-dark/actions/16/followmouse-symbolic.svg
followmouse.svg	/usr/share/icons/breeze-dark/actions/16/followmouse.svg
font-disable-symbolic.svg	/usr/share/icons/breeze-dark/actions/16/font-disable-symbolic.svg
font-disable.svg	/usr/share/icons/breeze-dark/actions/16/font-disable.svg
font-enable-symbolic.svg	/usr/share/icons/breeze-dark/actions/16/font-enable-symbolic.svg
font-enable.svg	/usr/share/icons/breeze-dark/actions/16/font-enable.svg
font-face-symbolic.svg	/usr/share/icons/breeze-dark/actions/16/font-face-symbolic.svg
font-face.svg	/usr/share/icons/breeze-dark/actions/16/font-face.svg
font-size-down-symbolic.svg	/usr/share/icons/breeze-dark/actions/16/font-size-down-symbolic.svg
font-size-down.svg	/usr/share/icons/breeze-dark/actions/16/font-size-down.svg
font-size-up-symbolic.svg	/usr/share/icons/breeze-dark/actions/16/font-size-up-symbolic.svg
font-size-up.svg	/usr/share/icons/breeze-dark/actions/16/font-size-up.svg
font-symbolic.svg	/usr/share/icons/breeze-dark/actions/16/font-symbolic.svg
font.svg	/usr/share/icons/breeze-dark/actions/16/font.svg
foreign_green-symbolic.svg	/usr/share/icons/breeze-dark/actions/16/foreign_green-symbolic.svg
foreign_green.svg	/usr/share/icons/breeze-dark/actions/16/foreign_green.svg
foreign_red-symbolic.svg	/usr/share/icons/breeze-dark/actions/16/foreign_red-symbolic.svg
foreign_red.svg	/usr/share/icons/breeze-dark/actions/16/foreign_red.svg
foreignkey_constraint-symbolic.svg	/usr/share/icons/breeze-dark/actions/16/foreignkey_constraint-symbolic.svg
foreignkey_constraint.svg	/usr/share/icons/breeze-dark/actions/16/foreignkey_constraint.svg
fork-symbolic.svg	/usr/share/icons/breeze-dark/actions/16/fork-symbolic.svg
fork.svg	/usr/share/icons/breeze-dark/actions/16/fork.svg
format-add-node-symbolic.svg	/usr/share/icons/breeze-dark/actions/16/format-add-node-symbolic.svg
format-add-node.svg	/usr/share/icons/breeze-dark/actions/16/format-add-node.svg
format-align-vertical-bottom-symbolic.svg	/usr/share/icons/breeze-dark/actions/16/format-align-vertical-bottom-symbolic.svg
format-align-vertical-bottom.svg	/usr/share/icons/breeze-dark/actions/16/format-align-vertical-bottom.svg
format-align-vertical-center-symbolic.svg	/usr/share/icons/breeze-dark/actions/16/format-align-vertical-center-symbolic.svg
format-align-vertical-center.svg	/usr/share/icons/breeze-dark/actions/16/format-align-vertical-center.svg
format-align-vertical-top-symbolic.svg	/usr/share/icons/breeze-dark/actions/16/format-align-vertical-top-symbolic.svg
format-align-vertical-top.svg	/usr/share/icons/breeze-dark/actions/16/format-align-vertical-top.svg
format-border-set-all-symbolic.svg	/usr/share/icons/breeze-dark/actions/16/format-border-set-all-symbolic.svg
format-border-set-all.svg	/usr/share/icons/breeze-dark/actions/16/format-border-set-all.svg
format-border-set-bottom-symbolic.svg	/usr/share/icons/breeze-dark/actions/16/format-border-set-bottom-symbolic.svg
format-border-set-bottom.svg	/usr/share/icons/breeze-dark/actions/16/format-border-set-bottom.svg
format-border-set-diagonal-bl-tr-symbolic.svg	/usr/share/icons/breeze-dark/actions/16/format-border-set-diagonal-bl-tr-symbolic.svg
format-border-set-diagonal-bl-tr.svg	/usr/share/icons/breeze-dark/actions/16/format-border-set-diagonal-bl-tr.svg
format-border-set-diagonal-tl-br-symbolic.svg	/usr/share/icons/breeze-dark/actions/16/format-border-set-diagonal-tl-br-symbolic.svg
format-border-set-diagonal-tl-br.svg	/usr/share/icons/breeze-dark/actions/16/format-border-set-diagonal-tl-br.svg
format-border-set-external-symbolic.svg	/usr/share/icons/breeze-dark/actions/16/format-border-set-external-symbolic.svg
format-border-set-external.svg	/usr/share/icons/breeze-dark/actions/16/format-border-set-external.svg
format-border-set-internal-horizontal-symbolic.svg	/usr/share/icons/breeze-dark/actions/16/format-border-set-internal-horizontal-symbolic.svg
format-border-set-internal-horizontal.svg	/usr/share/icons/breeze-dark/actions/16/format-border-set-internal-horizontal.svg
format-border-set-internal-symbolic.svg	/usr/share/icons/breeze-dark/actions/16/format-border-set-internal-symbolic.svg
format-border-set-internal-vertical-symbolic.svg	/usr/share/icons/breeze-dark/actions/16/format-border-set-internal-vertical-symbolic.svg
format-border-set-internal-vertical.svg	/usr/share/icons/breeze-dark/actions/16/format-border-set-internal-vertical.svg
format-border-set-internal.svg	/usr/share/icons/breeze-dark/actions/16/format-border-set-internal.svg
format-border-set-left-symbolic.svg	/usr/share/icons/breeze-dark/actions/16/format-border-set-left-symbolic.svg
format-border-set-left.svg	/usr/share/icons/breeze-dark/actions/16/format-border-set-left.svg
format-border-set-none-symbolic.svg	/usr/share/icons/breeze-dark/actions/16/format-border-set-none-symbolic.svg
format-border-set-none.svg	/usr/share/icons/breeze-dark/actions/16/format-border-set-none.svg
format-border-set-right-symbolic.svg	/usr/share/icons/breeze-dark/actions/16/format-border-set-right-symbolic.svg
format-border-set-right.svg	/usr/share/icons/breeze-dark/actions/16/format-border-set-right.svg
format-border-set-top-symbolic.svg	/usr/share/icons/breeze-dark/actions/16/format-border-set-top-symbolic.svg
format-border-set-top.svg	/usr/share/icons/breeze-dark/actions/16/format-border-set-top.svg
format-border-style-symbolic.svg	/usr/share/icons/breeze-dark/actions/16/format-border-style-symbolic.svg
format-border-style.svg	/usr/share/icons/breeze-dark/actions/16/format-border-style.svg
format-break-node-symbolic.svg	/usr/share/icons/breeze-dark/actions/16/format-break-node-symbolic.svg
format-break-node.svg	/usr/share/icons/breeze-dark/actions/16/format-break-node.svg
format-connect-node-symbolic.svg	/usr/share/icons/breeze-dark/actions/16/format-connect-node-symbolic.svg
format-connect-node.svg	/usr/share/icons/breeze-dark/actions/16/format-connect-node.svg
format-disconnect-node-symbolic.svg	/usr/share/icons/breeze-dark/actions/16/format-disconnect-node-symbolic.svg
format-disconnect-node.svg	/usr/share/icons/breeze-dark/actions/16/format-disconnect-node.svg
format-fill-color-symbolic.svg	/usr/share/icons/breeze-dark/actions/16/format-fill-color-symbolic.svg
format-fill-color.svg	/usr/share/icons/breeze-dark/actions/16/format-fill-color.svg
format-font-size-less-symbolic.svg	/usr/share/icons/breeze-dark/actions/16/format-font-size-less-symbolic.svg
format-font-size-less.svg	/usr/share/icons/breeze-dark/actions/16/format-font-size-less.svg
format-font-size-more-symbolic.svg	/usr/share/icons/breeze-dark/actions/16/format-font-size-more-symbolic.svg
format-font-size-more.svg	/usr/share/icons/breeze-dark/actions/16/format-font-size-more.svg
format-indent-less.svg	/usr/share/icons/breeze-dark/actions/16/format-indent-less.svg
format-indent-more.svg	/usr/share/icons/breeze-dark/actions/16/format-indent-more.svg
format-join-node-symbolic.svg	/usr/share/icons/breeze-dark/actions/16/format-join-node-symbolic.svg
format-join-node.svg	/usr/share/icons/breeze-dark/actions/16/format-join-node.svg
format-justify-center.svg	/usr/share/icons/breeze-dark/actions/16/format-justify-center.svg
format-justify-fill.svg	/usr/share/icons/breeze-dark/actions/16/format-justify-fill.svg
format-justify-left.svg	/usr/share/icons/breeze-dark/actions/16/format-justify-left.svg
format-justify-right.svg	/usr/share/icons/breeze-dark/actions/16/format-justify-right.svg
format-line-spacing-double-symbolic.svg	/usr/share/icons/breeze-dark/actions/16/format-line-spacing-double-symbolic.svg
format-line-spacing-double.svg	/usr/share/icons/breeze-dark/actions/16/format-line-spacing-double.svg
format-line-spacing-normal-symbolic.svg	/usr/share/icons/breeze-dark/actions/16/format-line-spacing-normal-symbolic.svg
format-line-spacing-normal.svg	/usr/share/icons/breeze-dark/actions/16/format-line-spacing-normal.svg
format-line-spacing-triple-symbolic.svg	/usr/share/icons/breeze-dark/actions/16/format-line-spacing-triple-symbolic.svg
format-line-spacing-triple.svg	/usr/share/icons/breeze-dark/actions/16/format-line-spacing-triple.svg
format-list-ordered-symbolic.svg	/usr/share/icons/breeze-dark/actions/16/format-list-ordered-symbolic.svg
format-list-ordered.svg	/usr/share/icons/breeze-dark/actions/16/format-list-ordered.svg
format-list-unordered-symbolic.svg	/usr/share/icons/breeze-dark/actions/16/format-list-unordered-symbolic.svg
format-list-unordered.svg	/usr/share/icons/breeze-dark/actions/16/format-list-unordered.svg
format-number-percent-symbolic.svg	/usr/share/icons/breeze-dark/actions/16/format-number-percent-symbolic.svg
format-number-percent.svg	/usr/share/icons/breeze-dark/actions/16/format-number-percent.svg
format-precision-less-symbolic.svg	/usr/share/icons/breeze-dark/actions/16/format-precision-less-symbolic.svg
format-precision-less.svg	/usr/share/icons/breeze-dark/actions/16/format-precision-less.svg
format-precision-more-symbolic.svg	/usr/share/icons/breeze-dark/actions/16/format-precision-more-symbolic.svg
format-precision-more.svg	/usr/share/icons/breeze-dark/actions/16/format-precision-more.svg
format-remove-node-symbolic.svg	/usr/share/icons/breeze-dark/actions/16/format-remove-node-symbolic.svg
format-remove-node.svg	/usr/share/icons/breeze-dark/actions/16/format-remove-node.svg
format-stroke-color-symbolic.svg	/usr/share/icons/breeze-dark/actions/16/format-stroke-color-symbolic.svg
format-stroke-color.svg	/usr/share/icons/breeze-dark/actions/16/format-stroke-color.svg
format-text-blockquote-symbolic.svg	/usr/share/icons/breeze-dark/actions/16/format-text-blockquote-symbolic.svg
format-text-blockquote.svg	/usr/share/icons/breeze-dark/actions/16/format-text-blockquote.svg
format-text-bold.svg	/usr/share/icons/breeze-dark/actions/16/format-text-bold.svg
format-text-capitalize-symbolic.svg	/usr/share/icons/breeze-dark/actions/16/format-text-capitalize-symbolic.svg
format-text-capitalize.svg	/usr/share/icons/breeze-dark/actions/16/format-text-capitalize.svg
format-text-code-symbolic.svg	/usr/share/icons/breeze-dark/actions/16/format-text-code-symbolic.svg
format-text-code.svg	/usr/share/icons/breeze-dark/actions/16/format-text-code.svg
format-text-color-symbolic.svg	/usr/share/icons/breeze-dark/actions/16/format-text-color-symbolic.svg
format-text-color.svg	/usr/share/icons/breeze-dark/actions/16/format-text-color.svg
format-text-direction-horizontal-symbolic.svg	/usr/share/icons/breeze-dark/actions/16/format-text-direction-horizontal-symbolic.svg
format-text-direction-horizontal.svg	/usr/share/icons/breeze-dark/actions/16/format-text-direction-horizontal.svg
format-text-direction-ltr.svg	/usr/share/icons/breeze-dark/actions/16/format-text-direction-ltr.svg
format-text-direction-rtl.svg	/usr/share/icons/breeze-dark/actions/16/format-text-direction-rtl.svg
format-text-direction-vertical-symbolic.svg	/usr/share/icons/breeze-dark/actions/16/format-text-direction-vertical-symbolic.svg
format-text-direction-vertical.svg	/usr/share/icons/breeze-dark/actions/16/format-text-direction-vertical.svg
format-text-italic.svg	/usr/share/icons/breeze-dark/actions/16/format-text-italic.svg
format-text-lowercase-symbolic.svg	/usr/share/icons/breeze-dark/actions/16/format-text-lowercase-symbolic.svg
format-text-lowercase.svg	/usr/share/icons/breeze-dark/actions/16/format-text-lowercase.svg
format-text-strikethrough.svg	/usr/share/icons/breeze-dark/actions/16/format-text-strikethrough.svg
format-text-subscript-symbolic.svg	/usr/share/icons/breeze-dark/actions/16/format-text-subscript-symbolic.svg
format-text-subscript.svg	/usr/share/icons/breeze-dark/actions/16/format-text-subscript.svg
format-text-superscript-symbolic.svg	/usr/share/icons/breeze-dark/actions/16/format-text-superscript-symbolic.svg
format-text-superscript.svg	/usr/share/icons/breeze-dark/actions/16/format-text-superscript.svg
format-text-symbol-symbolic.svg	/usr/share/icons/breeze-dark/actions/16/format-text-symbol-symbolic.svg
format-text-symbol.svg	/usr/share/icons/breeze-dark/actions/16/format-text-symbol.svg
format-text-underline-squiggle-symbolic.svg	/usr/share/icons/breeze-dark/actions/16/format-text-underline-squiggle-symbolic.svg
format-text-underline-squiggle.svg	/usr/share/icons/breeze-dark/actions/16/format-text-underline-squiggle.svg
format-text-underline.svg	/usr/share/icons/breeze-dark/actions/16/format-text-underline.svg
format-text-uppercase-symbolic.svg	/usr/share/icons/breeze-dark/actions/16/format-text-uppercase-symbolic.svg
format-text-uppercase.svg	/usr/share/icons/breeze-dark/actions/16/format-text-uppercase.svg
formula-symbolic.svg	/usr/share/icons/breeze-dark/actions/16/formula-symbolic.svg
formula.svg	/usr/share/icons/breeze-dark/actions/16/formula.svg
freerotation-symbolic.svg	/usr/share/icons/breeze-dark/actions/16/freerotation-symbolic.svg
freerotation.svg	/usr/share/icons/breeze-dark/actions/16/freerotation.svg
games-achievements-symbolic.svg	/usr/share/icons/breeze-dark/actions/16/games-achievements-symbolic.svg
games-achievements.svg	/usr/share/icons/breeze-dark/actions/16/games-achievements.svg
games-config-background-symbolic.svg	/usr/share/icons/breeze-dark/actions/16/games-config-background-symbolic.svg
games-config-background.svg	/usr/share/icons/breeze-dark/actions/16/games-config-background.svg
games-config-board-symbolic.svg	/usr/share/icons/breeze-dark/actions/16/games-config-board-symbolic.svg
games-config-board.svg	/usr/share/icons/breeze-dark/actions/16/games-config-board.svg
games-config-custom-symbolic.svg	/usr/share/icons/breeze-dark/actions/16/games-config-custom-symbolic.svg
games-config-custom.svg	/usr/share/icons/breeze-dark/actions/16/games-config-custom.svg
games-config-options-symbolic.svg	/usr/share/icons/breeze-dark/actions/16/games-config-options-symbolic.svg
games-config-options.svg	/usr/share/icons/breeze-dark/actions/16/games-config-options.svg
games-config-theme-symbolic.svg	/usr/share/icons/breeze-dark/actions/16/games-config-theme-symbolic.svg
games-config-theme.svg	/usr/share/icons/breeze-dark/actions/16/games-config-theme.svg
games-config-tiles-symbolic.svg	/usr/share/icons/breeze-dark/actions/16/games-config-tiles-symbolic.svg
games-config-tiles.svg	/usr/share/icons/breeze-dark/actions/16/games-config-tiles.svg
games-difficult-symbolic.svg	/usr/share/icons/breeze-dark/actions/16/games-difficult-symbolic.svg
games-difficult.svg	/usr/share/icons/breeze-dark/actions/16/games-difficult.svg
games-endturn-symbolic.svg	/usr/share/icons/breeze-dark/actions/16/games-endturn-symbolic.svg
games-endturn.svg	/usr/share/icons/breeze-dark/actions/16/games-endturn.svg
games-highscores-symbolic.svg	/usr/share/icons/breeze-dark/actions/16/games-highscores-symbolic.svg
games-highscores.svg	/usr/share/icons/breeze-dark/actions/16/games-highscores.svg
games-hint-symbolic.svg	/usr/share/icons/breeze-dark/actions/16/games-hint-symbolic.svg
games-hint.svg	/usr/share/icons/breeze-dark/actions/16/games-hint.svg
games-solve-symbolic.svg	/usr/share/icons/breeze-dark/actions/16/games-solve-symbolic.svg
games-solve.svg	/usr/share/icons/breeze-dark/actions/16/games-solve.svg
geany-build-symbolic.svg	/usr/share/icons/breeze-dark/actions/16/geany-build-symbolic.svg
geany-build.svg	/usr/share/icons/breeze-dark/actions/16/geany-build.svg
geany-close-all-symbolic.svg	/usr/share/icons/breeze-dark/actions/16/geany-close-all-symbolic.svg
geany-close-all.svg	/usr/share/icons/breeze-dark/actions/16/geany-close-all.svg
geany-save-all-symbolic.svg	/usr/share/icons/breeze-dark/actions/16/geany-save-all-symbolic.svg
geany-save-all.svg	/usr/share/icons/breeze-dark/actions/16/geany-save-all.svg
gearhead-shape-symbolic.svg	/usr/share/icons/breeze-dark/actions/16/gearhead-shape-symbolic.svg
gearhead-shape.svg	/usr/share/icons/breeze-dark/actions/16/gearhead-shape.svg
generalisation-symbolic.svg	/usr/share/icons/breeze-dark/actions/16/generalisation-symbolic.svg
generalisation.svg	/usr/share/icons/breeze-dark/actions/16/generalisation.svg
generalise-symbolic.svg	/usr/share/icons/breeze-dark/actions/16/generalise-symbolic.svg
generalise.svg	/usr/share/icons/breeze-dark/actions/16/generalise.svg
get-hot-new-stuff-symbolic.svg	/usr/share/icons/breeze-dark/actions/16/get-hot-new-stuff-symbolic.svg
get-hot-new-stuff.svg	/usr/share/icons/breeze-dark/actions/16/get-hot-new-stuff.svg
globe-symbolic.svg	/usr/share/icons/breeze-dark/actions/16/globe-symbolic.svg
globe.svg	/usr/share/icons/breeze-dark/actions/16/globe.svg
gnumeric-autofilter-delete-symbolic.svg	/usr/share/icons/breeze-dark/actions/16/gnumeric-autofilter-delete-symbolic.svg
gnumeric-autofilter-delete.svg	/usr/share/icons/breeze-dark/actions/16/gnumeric-autofilter-delete.svg
gnumeric-autofilter-symbolic.svg	/usr/share/icons/breeze-dark/actions/16/gnumeric-autofilter-symbolic.svg
gnumeric-autofilter.svg	/usr/share/icons/breeze-dark/actions/16/gnumeric-autofilter.svg
gnumeric-brush-symbolic.svg	/usr/share/icons/breeze-dark/actions/16/gnumeric-brush-symbolic.svg
gnumeric-brush.svg	/usr/share/icons/breeze-dark/actions/16/gnumeric-brush.svg
gnumeric-cells-merge-symbolic.svg	/usr/share/icons/breeze-dark/actions/16/gnumeric-cells-merge-symbolic.svg
gnumeric-cells-merge.svg	/usr/share/icons/breeze-dark/actions/16/gnumeric-cells-merge.svg
gnumeric-cells-split-symbolic.svg	/usr/share/icons/breeze-dark/actions/16/gnumeric-cells-split-symbolic.svg
gnumeric-cells-split.svg	/usr/share/icons/breeze-dark/actions/16/gnumeric-cells-split.svg
gnumeric-column-add-symbolic.svg	/usr/share/icons/breeze-dark/actions/16/gnumeric-column-add-symbolic.svg
gnumeric-column-add.svg	/usr/share/icons/breeze-dark/actions/16/gnumeric-column-add.svg
gnumeric-column-delete-symbolic.svg	/usr/share/icons/breeze-dark/actions/16/gnumeric-column-delete-symbolic.svg
gnumeric-column-delete.svg	/usr/share/icons/breeze-dark/actions/16/gnumeric-column-delete.svg
gnumeric-column-hide-symbolic.svg	/usr/share/icons/breeze-dark/actions/16/gnumeric-column-hide-symbolic.svg
gnumeric-column-hide.svg	/usr/share/icons/breeze-dark/actions/16/gnumeric-column-hide.svg
gnumeric-column-size-symbolic.svg	/usr/share/icons/breeze-dark/actions/16/gnumeric-column-size-symbolic.svg
gnumeric-column-size.svg	/usr/share/icons/breeze-dark/actions/16/gnumeric-column-size.svg
gnumeric-column-unhide-symbolic.svg	/usr/share/icons/breeze-dark/actions/16/gnumeric-column-unhide-symbolic.svg
gnumeric-column-unhide.svg	/usr/share/icons/breeze-dark/actions/16/gnumeric-column-unhide.svg
gnumeric-comment-add-symbolic.svg	/usr/share/icons/breeze-dark/actions/16/gnumeric-comment-add-symbolic.svg
gnumeric-comment-add.svg	/usr/share/icons/breeze-dark/actions/16/gnumeric-comment-add.svg
gnumeric-comment-delete-symbolic.svg	/usr/share/icons/breeze-dark/actions/16/gnumeric-comment-delete-symbolic.svg
gnumeric-comment-delete.svg	/usr/share/icons/breeze-dark/actions/16/gnumeric-comment-delete.svg
gnumeric-comment-edit-symbolic.svg	/usr/share/icons/breeze-dark/actions/16/gnumeric-comment-edit-symbolic.svg
gnumeric-comment-edit.svg	/usr/share/icons/breeze-dark/actions/16/gnumeric-comment-edit.svg
gnumeric-component-insert-shaped-symbolic.svg	/usr/share/icons/breeze-dark/actions/16/gnumeric-component-insert-shaped-symbolic.svg
gnumeric-component-insert-shaped.svg	/usr/share/icons/breeze-dark/actions/16/gnumeric-component-insert-shaped.svg
gnumeric-data-slicer-symbolic.svg	/usr/share/icons/breeze-dark/actions/16/gnumeric-data-slicer-symbolic.svg
gnumeric-data-slicer.svg	/usr/share/icons/breeze-dark/actions/16/gnumeric-data-slicer.svg
gnumeric-font-symbolic.svg	/usr/share/icons/breeze-dark/actions/16/gnumeric-font-symbolic.svg
gnumeric-font.svg	/usr/share/icons/breeze-dark/actions/16/gnumeric-font.svg
gnumeric-format-border-bottom-symbolic.svg	/usr/share/icons/breeze-dark/actions/16/gnumeric-format-border-bottom-symbolic.svg
gnumeric-format-border-bottom.svg	/usr/share/icons/breeze-dark/actions/16/gnumeric-format-border-bottom.svg
gnumeric-format-border-diag-symbolic.svg	/usr/share/icons/breeze-dark/actions/16/gnumeric-format-border-diag-symbolic.svg
gnumeric-format-border-diag.svg	/usr/share/icons/breeze-dark/actions/16/gnumeric-format-border-diag.svg
gnumeric-format-border-left-symbolic.svg	/usr/share/icons/breeze-dark/actions/16/gnumeric-format-border-left-symbolic.svg
gnumeric-format-border-left.svg	/usr/share/icons/breeze-dark/actions/16/gnumeric-format-border-left.svg
gnumeric-format-border-rev-diag-symbolic.svg	/usr/share/icons/breeze-dark/actions/16/gnumeric-format-border-rev-diag-symbolic.svg
gnumeric-format-border-rev-diag.svg	/usr/share/icons/breeze-dark/actions/16/gnumeric-format-border-rev-diag.svg
gnumeric-format-border-right-symbolic.svg	/usr/share/icons/breeze-dark/actions/16/gnumeric-format-border-right-symbolic.svg
gnumeric-format-border-right.svg	/usr/share/icons/breeze-dark/actions/16/gnumeric-format-border-right.svg
gnumeric-format-border-top-symbolic.svg	/usr/share/icons/breeze-dark/actions/16/gnumeric-format-border-top-symbolic.svg
gnumeric-format-border-top.svg	/usr/share/icons/breeze-dark/actions/16/gnumeric-format-border-top.svg
gnumeric-formulaguru-symbolic.svg	/usr/share/icons/breeze-dark/actions/16/gnumeric-formulaguru-symbolic.svg
gnumeric-formulaguru.svg	/usr/share/icons/breeze-dark/actions/16/gnumeric-formulaguru.svg
gnumeric-graphguru-symbolic.svg	/usr/share/icons/breeze-dark/actions/16/gnumeric-graphguru-symbolic.svg
gnumeric-graphguru.svg	/usr/share/icons/breeze-dark/actions/16/gnumeric-graphguru.svg
gnumeric-group-symbolic.svg	/usr/share/icons/breeze-dark/actions/16/gnumeric-group-symbolic.svg
gnumeric-group.svg	/usr/share/icons/breeze-dark/actions/16/gnumeric-group.svg
gnumeric-link-add-symbolic.svg	/usr/share/icons/breeze-dark/actions/16/gnumeric-link-add-symbolic.svg
gnumeric-link-add.svg	/usr/share/icons/breeze-dark/actions/16/gnumeric-link-add.svg
gnumeric-link-delete-symbolic.svg	/usr/share/icons/breeze-dark/actions/16/gnumeric-link-delete-symbolic.svg
gnumeric-link-delete.svg	/usr/share/icons/breeze-dark/actions/16/gnumeric-link-delete.svg
gnumeric-link-edit-symbolic.svg	/usr/share/icons/breeze-dark/actions/16/gnumeric-link-edit-symbolic.svg
gnumeric-link-edit.svg	/usr/share/icons/breeze-dark/actions/16/gnumeric-link-edit.svg
gnumeric-link-email-symbolic.svg	/usr/share/icons/breeze-dark/actions/16/gnumeric-link-email-symbolic.svg
gnumeric-link-email.svg	/usr/share/icons/breeze-dark/actions/16/gnumeric-link-email.svg
gnumeric-link-external-symbolic.svg	/usr/share/icons/breeze-dark/actions/16/gnumeric-link-external-symbolic.svg
gnumeric-link-external.svg	/usr/share/icons/breeze-dark/actions/16/gnumeric-link-external.svg
gnumeric-link-internal-symbolic.svg	/usr/share/icons/breeze-dark/actions/16/gnumeric-link-internal-symbolic.svg
gnumeric-link-internal.svg	/usr/share/icons/breeze-dark/actions/16/gnumeric-link-internal.svg
gnumeric-link-url-symbolic.svg	/usr/share/icons/breeze-dark/actions/16/gnumeric-link-url-symbolic.svg
gnumeric-link-url.svg	/usr/share/icons/breeze-dark/actions/16/gnumeric-link-url.svg
gnumeric-pagesetup-hf-page-symbolic.svg	/usr/share/icons/breeze-dark/actions/16/gnumeric-pagesetup-hf-page-symbolic.svg
gnumeric-pagesetup-hf-page.svg	/usr/share/icons/breeze-dark/actions/16/gnumeric-pagesetup-hf-page.svg
gnumeric-pagesetup-hf-pages-symbolic.svg	/usr/share/icons/breeze-dark/actions/16/gnumeric-pagesetup-hf-pages-symbolic.svg
gnumeric-pagesetup-hf-pages.svg	/usr/share/icons/breeze-dark/actions/16/gnumeric-pagesetup-hf-pages.svg
gnumeric-pivottable-symbolic.svg	/usr/share/icons/breeze-dark/actions/16/gnumeric-pivottable-symbolic.svg
gnumeric-pivottable.svg	/usr/share/icons/breeze-dark/actions/16/gnumeric-pivottable.svg
gnumeric-row-add-symbolic.svg	/usr/share/icons/breeze-dark/actions/16/gnumeric-row-add-symbolic.svg
gnumeric-row-add.svg	/usr/share/icons/breeze-dark/actions/16/gnumeric-row-add.svg
gnumeric-row-delete-symbolic.svg	/usr/share/icons/breeze-dark/actions/16/gnumeric-row-delete-symbolic.svg
gnumeric-row-delete.svg	/usr/share/icons/breeze-dark/actions/16/gnumeric-row-delete.svg
gnumeric-row-hide-symbolic.svg	/usr/share/icons/breeze-dark/actions/16/gnumeric-row-hide-symbolic.svg
gnumeric-row-hide.svg	/usr/share/icons/breeze-dark/actions/16/gnumeric-row-hide.svg
gnumeric-row-size-symbolic.svg	/usr/share/icons/breeze-dark/actions/16/gnumeric-row-size-symbolic.svg
gnumeric-row-size.svg	/usr/share/icons/breeze-dark/actions/16/gnumeric-row-size.svg
gnumeric-row-unhide-symbolic.svg	/usr/share/icons/breeze-dark/actions/16/gnumeric-row-unhide-symbolic.svg
gnumeric-row-unhide.svg	/usr/share/icons/breeze-dark/actions/16/gnumeric-row-unhide.svg
gnumeric-subscript-symbolic.svg	/usr/share/icons/breeze-dark/actions/16/gnumeric-subscript-symbolic.svg
gnumeric-subscript.svg	/usr/share/icons/breeze-dark/actions/16/gnumeric-subscript.svg
gnumeric-superscript-symbolic.svg	/usr/share/icons/breeze-dark/actions/16/gnumeric-superscript-symbolic.svg
gnumeric-superscript.svg	/usr/share/icons/breeze-dark/actions/16/gnumeric-superscript.svg
gnumeric-ungroup-symbolic.svg	/usr/share/icons/breeze-dark/actions/16/gnumeric-ungroup-symbolic.svg
gnumeric-ungroup.svg	/usr/share/icons/breeze-dark/actions/16/gnumeric-ungroup.svg
gnumeric-visible-symbolic.svg	/usr/share/icons/breeze-dark/actions/16/gnumeric-visible-symbolic.svg
gnumeric-visible.svg	/usr/share/icons/breeze-dark/actions/16/gnumeric-visible.svg
go-bottom.svg	/usr/share/icons/breeze-dark/actions/16/go-bottom.svg
go-down-search-symbolic.svg	/usr/share/icons/breeze-dark/actions/16/go-down-search-symbolic.svg
go-down-search.svg	/usr/share/icons/breeze-dark/actions/16/go-down-search.svg
go-down-skip-symbolic.svg	/usr/share/icons/breeze-dark/actions/16/go-down-skip-symbolic.svg
go-down-skip.svg	/usr/share/icons/breeze-dark/actions/16/go-down-skip.svg
go-down.svg	/usr/share/icons/breeze-dark/actions/16/go-down.svg
go-first-rtl-symbolic.svg	/usr/share/icons/breeze-dark/actions/16/go-first-rtl-symbolic.svg
go-first-view-page-symbolic.svg	/usr/share/icons/breeze-dark/actions/16/go-first-view-page-symbolic.svg
go-first-view-page.svg	/usr/share/icons/breeze-dark/actions/16/go-first-view-page.svg
go-first-view-symbolic.svg	/usr/share/icons/breeze-dark/actions/16/go-first-view-symbolic.svg
go-first-view.svg	/usr/share/icons/breeze-dark/actions/16/go-first-view.svg
go-first.svg	/usr/share/icons/breeze-dark/actions/16/go-first.svg
go-home-large-symbolic.svg	/usr/share/icons/breeze-dark/actions/16/go-home-large-symbolic.svg
go-home-large.svg	/usr/share/icons/breeze-dark/actions/16/go-home-large.svg
go-home.svg	/usr/share/icons/breeze-dark/actions/16/go-home.svg
go-jump-declaration-symbolic.svg	/usr/share/icons/breeze-dark/actions/16/go-jump-declaration-symbolic.svg
go-jump-declaration.svg	/usr/share/icons/breeze-dark/actions/16/go-jump-declaration.svg
go-jump-definition-symbolic.svg	/usr/share/icons/breeze-dark/actions/16/go-jump-definition-symbolic.svg
go-jump-definition.svg	/usr/share/icons/breeze-dark/actions/16/go-jump-definition.svg
go-jump-locationbar-symbolic.svg	/usr/share/icons/breeze-dark/actions/16/go-jump-locationbar-symbolic.svg
go-jump-locationbar.svg	/usr/share/icons/breeze-dark/actions/16/go-jump-locationbar.svg
go-jump-today-symbolic.svg	/usr/share/icons/breeze-dark/actions/16/go-jump-today-symbolic.svg
go-jump-today.svg	/usr/share/icons/breeze-dark/actions/16/go-jump-today.svg
go-jump.svg	/usr/share/icons/breeze-dark/actions/16/go-jump.svg
go-last-rtl-symbolic.svg	/usr/share/icons/breeze-dark/actions/16/go-last-rtl-symbolic.svg
go-last-view-page-symbolic.svg	/usr/share/icons/breeze-dark/actions/16/go-last-view-page-symbolic.svg
go-last-view-page.svg	/usr/share/icons/breeze-dark/actions/16/go-last-view-page.svg
go-last-view-symbolic.svg	/usr/share/icons/breeze-dark/actions/16/go-last-view-symbolic.svg
go-last-view.svg	/usr/share/icons/breeze-dark/actions/16/go-last-view.svg
go-last.svg	/usr/share/icons/breeze-dark/actions/16/go-last.svg
go-next-context-symbolic.svg	/usr/share/icons/breeze-dark/actions/16/go-next-context-symbolic.svg
go-next-context.svg	/usr/share/icons/breeze-dark/actions/16/go-next-context.svg
go-next-rtl-symbolic.svg	/usr/share/icons/breeze-dark/actions/16/go-next-rtl-symbolic.svg
go-next-skip-symbolic.svg	/usr/share/icons/breeze-dark/actions/16/go-next-skip-symbolic.svg
go-next-skip.svg	/usr/share/icons/breeze-dark/actions/16/go-next-skip.svg
go-next-use-symbolic.svg	/usr/share/icons/breeze-dark/actions/16/go-next-use-symbolic.svg
go-next-use.svg	/usr/share/icons/breeze-dark/actions/16/go-next-use.svg
go-next-view-page-symbolic.svg	/usr/share/icons/breeze-dark/actions/16/go-next-view-page-symbolic.svg
go-next-view-page.svg	/usr/share/icons/breeze-dark/actions/16/go-next-view-page.svg
go-next-view-symbolic.svg	/usr/share/icons/breeze-dark/actions/16/go-next-view-symbolic.svg
go-next-view.svg	/usr/share/icons/breeze-dark/actions/16/go-next-view.svg
go-next.svg	/usr/share/icons/breeze-dark/actions/16/go-next.svg
go-parent-folder-symbolic.svg	/usr/share/icons/breeze-dark/actions/16/go-parent-folder-symbolic.svg
go-parent-folder.svg	/usr/share/icons/breeze-dark/actions/16/go-parent-folder.svg
go-previous-context-symbolic.svg	/usr/share/icons/breeze-dark/actions/16/go-previous-context-symbolic.svg
go-previous-context.svg	/usr/share/icons/breeze-dark/actions/16/go-previous-context.svg
go-previous-rtl-symbolic.svg	/usr/share/icons/breeze-dark/actions/16/go-previous-rtl-symbolic.svg
go-previous-skip-symbolic.svg	/usr/share/icons/breeze-dark/actions/16/go-previous-skip-symbolic.svg
go-previous-skip.svg	/usr/share/icons/breeze-dark/actions/16/go-previous-skip.svg
go-previous-use-symbolic.svg	/usr/share/icons/breeze-dark/actions/16/go-previous-use-symbolic.svg
go-previous-use.svg	/usr/share/icons/breeze-dark/actions/16/go-previous-use.svg
go-previous-view-page-symbolic.svg	/usr/share/icons/breeze-dark/actions/16/go-previous-view-page-symbolic.svg
go-previous-view-page.svg	/usr/share/icons/breeze-dark/actions/16/go-previous-view-page.svg
go-previous-view-symbolic.svg	/usr/share/icons/breeze-dark/actions/16/go-previous-view-symbolic.svg
go-previous-view.svg	/usr/share/icons/breeze-dark/actions/16/go-previous-view.svg
go-previous.svg	/usr/share/icons/breeze-dark/actions/16/go-previous.svg
go-top.svg	/usr/share/icons/breeze-dark/actions/16/go-top.svg
go-up-search-symbolic.svg	/usr/share/icons/breeze-dark/actions/16/go-up-search-symbolic.svg
go-up-search.svg	/usr/share/icons/breeze-dark/actions/16/go-up-search.svg
go-up-skip-symbolic.svg	/usr/share/icons/breeze-dark/actions/16/go-up-skip-symbolic.svg
go-up-skip.svg	/usr/share/icons/breeze-dark/actions/16/go-up-skip.svg
go-up.svg	/usr/share/icons/breeze-dark/actions/16/go-up.svg
gpg-symbolic.svg	/usr/share/icons/breeze-dark/actions/16/gpg-symbolic.svg
gpg.svg	/usr/share/icons/breeze-dark/actions/16/gpg.svg
gpgsm-symbolic.svg	/usr/share/icons/breeze-dark/actions/16/gpgsm-symbolic.svg
gpgsm.svg	/usr/share/icons/breeze-dark/actions/16/gpgsm.svg
gps-symbolic.svg	/usr/share/icons/breeze-dark/actions/16/gps-symbolic.svg
gps.svg	/usr/share/icons/breeze-dark/actions/16/gps.svg
gradient-symbolic.svg	/usr/share/icons/breeze-dark/actions/16/gradient-symbolic.svg
gradient.svg	/usr/share/icons/breeze-dark/actions/16/gradient.svg
graphics-symbolic.svg	/usr/share/icons/breeze-dark/actions/16/graphics-symbolic.svg
graphics.svg	/usr/share/icons/breeze-dark/actions/16/graphics.svg
grid-axonometric-symbolic.svg	/usr/share/icons/breeze-dark/actions/16/grid-axonometric-symbolic.svg
grid-axonometric.svg	/usr/share/icons/breeze-dark/actions/16/grid-axonometric.svg
grid-rectangular-symbolic.svg	/usr/share/icons/breeze-dark/actions/16/grid-rectangular-symbolic.svg
grid-rectangular.svg	/usr/share/icons/breeze-dark/actions/16/grid-rectangular.svg
group-delete-symbolic.svg	/usr/share/icons/breeze-dark/actions/16/group-delete-symbolic.svg
group-delete.svg	/usr/share/icons/breeze-dark/actions/16/group-delete.svg
group-edit-symbolic.svg	/usr/share/icons/breeze-dark/actions/16/group-edit-symbolic.svg
group-edit.svg	/usr/share/icons/breeze-dark/actions/16/group-edit.svg
group-new-symbolic.svg	/usr/share/icons/breeze-dark/actions/16/group-new-symbolic.svg
group-new.svg	/usr/share/icons/breeze-dark/actions/16/group-new.svg
group-symbolic.svg	/usr/share/icons/breeze-dark/actions/16/group-symbolic.svg
group.svg	/usr/share/icons/breeze-dark/actions/16/group.svg
gtk-add-symbolic.svg	/usr/share/icons/breeze-dark/actions/16/gtk-add-symbolic.svg
gtk-add.svg	/usr/share/icons/breeze-dark/actions/16/gtk-add.svg
gtk-apply-symbolic.svg	/usr/share/icons/breeze-dark/actions/16/gtk-apply-symbolic.svg
gtk-apply.svg	/usr/share/icons/breeze-dark/actions/16/gtk-apply.svg
gtk-authentication-symbolic.svg	/usr/share/icons/breeze-dark/actions/16/gtk-authentication-symbolic.svg
gtk-authentication.svg	/usr/share/icons/breeze-dark/actions/16/gtk-authentication.svg
gtk-bold-symbolic.svg	/usr/share/icons/breeze-dark/actions/16/gtk-bold-symbolic.svg
gtk-bold.svg	/usr/share/icons/breeze-dark/actions/16/gtk-bold.svg
gtk-cancel-symbolic.svg	/usr/share/icons/breeze-dark/actions/16/gtk-cancel-symbolic.svg
gtk-cancel.svg	/usr/share/icons/breeze-dark/actions/16/gtk-cancel.svg
gtk-cdrom-symbolic.svg	/usr/share/icons/breeze-dark/actions/16/gtk-cdrom-symbolic.svg
gtk-cdrom.svg	/usr/share/icons/breeze-dark/actions/16/gtk-cdrom.svg
gtk-clear-symbolic.svg	/usr/share/icons/breeze-dark/actions/16/gtk-clear-symbolic.svg
gtk-clear.svg	/usr/share/icons/breeze-dark/actions/16/gtk-clear.svg
gtk-close-symbolic.svg	/usr/share/icons/breeze-dark/actions/16/gtk-close-symbolic.svg
gtk-close.svg	/usr/share/icons/breeze-dark/actions/16/gtk-close.svg
gtk-color-picker-symbolic.svg	/usr/share/icons/breeze-dark/actions/16/gtk-color-picker-symbolic.svg
gtk-color-picker.svg	/usr/share/icons/breeze-dark/actions/16/gtk-color-picker.svg
gtk-connect-symbolic.svg	/usr/share/icons/breeze-dark/actions/16/gtk-connect-symbolic.svg
gtk-connect.svg	/usr/share/icons/breeze-dark/actions/16/gtk-connect.svg
gtk-convert-symbolic.svg	/usr/share/icons/breeze-dark/actions/16/gtk-convert-symbolic.svg
gtk-convert.svg	/usr/share/icons/breeze-dark/actions/16/gtk-convert.svg
gtk-disconnect-symbolic.svg	/usr/share/icons/breeze-dark/actions/16/gtk-disconnect-symbolic.svg
gtk-disconnect.svg	/usr/share/icons/breeze-dark/actions/16/gtk-disconnect.svg
gtk-edit-symbolic.svg	/usr/share/icons/breeze-dark/actions/16/gtk-edit-symbolic.svg
gtk-edit.svg	/usr/share/icons/breeze-dark/actions/16/gtk-edit.svg
gtk-execute-symbolic.svg	/usr/share/icons/breeze-dark/actions/16/gtk-execute-symbolic.svg
gtk-execute.svg	/usr/share/icons/breeze-dark/actions/16/gtk-execute.svg
gtk-floppy-symbolic.svg	/usr/share/icons/breeze-dark/actions/16/gtk-floppy-symbolic.svg
gtk-floppy.svg	/usr/share/icons/breeze-dark/actions/16/gtk-floppy.svg
gtk-index-symbolic.svg	/usr/share/icons/breeze-dark/actions/16/gtk-index-symbolic.svg
gtk-index.svg	/usr/share/icons/breeze-dark/actions/16/gtk-index.svg
gtk-no-symbolic.svg	/usr/share/icons/breeze-dark/actions/16/gtk-no-symbolic.svg
gtk-no.svg	/usr/share/icons/breeze-dark/actions/16/gtk-no.svg
gtk-ok-symbolic.svg	/usr/share/icons/breeze-dark/actions/16/gtk-ok-symbolic.svg
gtk-ok.svg	/usr/share/icons/breeze-dark/actions/16/gtk-ok.svg
gtk-preferences-symbolic.svg	/usr/share/icons/breeze-dark/actions/16/gtk-preferences-symbolic.svg
gtk-preferences.svg	/usr/share/icons/breeze-dark/actions/16/gtk-preferences.svg
gtk-properties-symbolic.svg	/usr/share/icons/breeze-dark/actions/16/gtk-properties-symbolic.svg
gtk-properties.svg	/usr/share/icons/breeze-dark/actions/16/gtk-properties.svg
gtk-quit-symbolic.svg	/usr/share/icons/breeze-dark/actions/16/gtk-quit-symbolic.svg
gtk-quit.svg	/usr/share/icons/breeze-dark/actions/16/gtk-quit.svg
gtk-select-color-symbolic.svg	/usr/share/icons/breeze-dark/actions/16/gtk-select-color-symbolic.svg
gtk-select-color.svg	/usr/share/icons/breeze-dark/actions/16/gtk-select-color.svg
gtk-select-font-symbolic.svg	/usr/share/icons/breeze-dark/actions/16/gtk-select-font-symbolic.svg
gtk-select-font.svg	/usr/share/icons/breeze-dark/actions/16/gtk-select-font.svg
gtk-stop-symbolic.svg	/usr/share/icons/breeze-dark/actions/16/gtk-stop-symbolic.svg
gtk-stop.svg	/usr/share/icons/breeze-dark/actions/16/gtk-stop.svg
gtk-undelete-ltr-symbolic.svg	/usr/share/icons/breeze-dark/actions/16/gtk-undelete-ltr-symbolic.svg
gtk-undelete-ltr.svg	/usr/share/icons/breeze-dark/actions/16/gtk-undelete-ltr.svg
gtk-undelete-rtl-symbolic.svg	/usr/share/icons/breeze-dark/actions/16/gtk-undelete-rtl-symbolic.svg
gtk-undelete-rtl.svg	/usr/share/icons/breeze-dark/actions/16/gtk-undelete-rtl.svg
gtk-yes-symbolic.svg	/usr/share/icons/breeze-dark/actions/16/gtk-yes-symbolic.svg
gtk-yes.svg	/usr/share/icons/breeze-dark/actions/16/gtk-yes.svg
guides-symbolic.svg	/usr/share/icons/breeze-dark/actions/16/guides-symbolic.svg
guides.svg	/usr/share/icons/breeze-dark/actions/16/guides.svg
help-about.svg	/usr/share/icons/breeze-dark/actions/16/help-about.svg
help-contents.svg	/usr/share/icons/breeze-dark/actions/16/help-contents.svg
help-contextual-symbolic.svg	/usr/share/icons/breeze-dark/actions/16/help-contextual-symbolic.svg
help-contextual.svg	/usr/share/icons/breeze-dark/actions/16/help-contextual.svg
help-donate-ars-symbolic.svg	/usr/share/icons/breeze-dark/actions/16/help-donate-ars-symbolic.svg
help-donate-ars.svg	/usr/share/icons/breeze-dark/actions/16/help-donate-ars.svg
help-donate-aud-symbolic.svg	/usr/share/icons/breeze-dark/actions/16/help-donate-aud-symbolic.svg
help-donate-aud.svg	/usr/share/icons/breeze-dark/actions/16/help-donate-aud.svg
help-donate-brl-symbolic.svg	/usr/share/icons/breeze-dark/actions/16/help-donate-brl-symbolic.svg
help-donate-brl.svg	/usr/share/icons/breeze-dark/actions/16/help-donate-brl.svg
help-donate-cad-symbolic.svg	/usr/share/icons/breeze-dark/actions/16/help-donate-cad-symbolic.svg
help-donate-cad.svg	/usr/share/icons/breeze-dark/actions/16/help-donate-cad.svg
help-donate-chf-symbolic.svg	/usr/share/icons/breeze-dark/actions/16/help-donate-chf-symbolic.svg
help-donate-chf.svg	/usr/share/icons/breeze-dark/actions/16/help-donate-chf.svg
help-donate-cny-symbolic.svg	/usr/share/icons/breeze-dark/actions/16/help-donate-cny-symbolic.svg
help-donate-cny.svg	/usr/share/icons/breeze-dark/actions/16/help-donate-cny.svg
help-donate-eur-symbolic.svg	/usr/share/icons/breeze-dark/actions/16/help-donate-eur-symbolic.svg
help-donate-eur.svg	/usr/share/icons/breeze-dark/actions/16/help-donate-eur.svg
help-donate-gbp-symbolic.svg	/usr/share/icons/breeze-dark/actions/16/help-donate-gbp-symbolic.svg
help-donate-gbp.svg	/usr/share/icons/breeze-dark/actions/16/help-donate-gbp.svg
help-donate-inr-symbolic.svg	/usr/share/icons/breeze-dark/actions/16/help-donate-inr-symbolic.svg
help-donate-inr.svg	/usr/share/icons/breeze-dark/actions/16/help-donate-inr.svg
help-donate-jpy-symbolic.svg	/usr/share/icons/breeze-dark/actions/16/help-donate-jpy-symbolic.svg
help-donate-jpy.svg	/usr/share/icons/breeze-dark/actions/16/help-donate-jpy.svg
help-donate-mxn-symbolic.svg	/usr/share/icons/breeze-dark/actions/16/help-donate-mxn-symbolic.svg
help-donate-mxn.svg	/usr/share/icons/breeze-dark/actions/16/help-donate-mxn.svg
help-donate-pln-symbolic.svg	/usr/share/icons/breeze-dark/actions/16/help-donate-pln-symbolic.svg
help-donate-pln.svg	/usr/share/icons/breeze-dark/actions/16/help-donate-pln.svg
help-donate-rub-symbolic.svg	/usr/share/icons/breeze-dark/actions/16/help-donate-rub-symbolic.svg
help-donate-rub.svg	/usr/share/icons/breeze-dark/actions/16/help-donate-rub.svg
help-donate-sek-symbolic.svg	/usr/share/icons/breeze-dark/actions/16/help-donate-sek-symbolic.svg
help-donate-sek.svg	/usr/share/icons/breeze-dark/actions/16/help-donate-sek.svg
help-donate-symbolic.svg	/usr/share/icons/breeze-dark/actions/16/help-donate-symbolic.svg
help-donate-try-symbolic.svg	/usr/share/icons/breeze-dark/actions/16/help-donate-try-symbolic.svg
help-donate-try.svg	/usr/share/icons/breeze-dark/actions/16/help-donate-try.svg
help-donate-uah-symbolic.svg	/usr/share/icons/breeze-dark/actions/16/help-donate-uah-symbolic.svg
help-donate-uah.svg	/usr/share/icons/breeze-dark/actions/16/help-donate-uah.svg
help-donate-usd-symbolic.svg	/usr/share/icons/breeze-dark/actions/16/help-donate-usd-symbolic.svg
help-donate-usd.svg	/usr/share/icons/breeze-dark/actions/16/help-donate-usd.svg
help-donate.svg	/usr/share/icons/breeze-dark/actions/16/help-donate.svg
help-feedback-symbolic.svg	/usr/share/icons/breeze-dark/actions/16/help-feedback-symbolic.svg
help-feedback.svg	/usr/share/icons/breeze-dark/actions/16/help-feedback.svg
help-hint-symbolic.svg	/usr/share/icons/breeze-dark/actions/16/help-hint-symbolic.svg
help-hint.svg	/usr/share/icons/breeze-dark/actions/16/help-hint.svg
help-keybord-shortcuts-symbolic.svg	/usr/share/icons/breeze-dark/actions/16/help-keybord-shortcuts-symbolic.svg
help-keybord-shortcuts.svg	/usr/share/icons/breeze-dark/actions/16/help-keybord-shortcuts.svg
help-latex-symbolic.svg	/usr/share/icons/breeze-dark/actions/16/help-latex-symbolic.svg
help-latex.svg	/usr/share/icons/breeze-dark/actions/16/help-latex.svg
help-whatsthis-symbolic.svg	/usr/share/icons/breeze-dark/actions/16/help-whatsthis-symbolic.svg
help-whatsthis.svg	/usr/share/icons/breeze-dark/actions/16/help-whatsthis.svg
hide_table_column-symbolic.svg	/usr/share/icons/breeze-dark/actions/16/hide_table_column-symbolic.svg
hide_table_column.svg	/usr/share/icons/breeze-dark/actions/16/hide_table_column.svg
hide_table_row-symbolic.svg	/usr/share/icons/breeze-dark/actions/16/hide_table_row-symbolic.svg
hide_table_row.svg	/usr/share/icons/breeze-dark/actions/16/hide_table_row.svg
hidemouse-symbolic.svg	/usr/share/icons/breeze-dark/actions/16/hidemouse-symbolic.svg
hidemouse.svg	/usr/share/icons/breeze-dark/actions/16/hidemouse.svg
highlight-pointer-spot-symbolic.svg	/usr/share/icons/breeze-dark/actions/16/highlight-pointer-spot-symbolic.svg
highlight-pointer-spot.svg	/usr/share/icons/breeze-dark/actions/16/highlight-pointer-spot.svg
hint-symbolic.svg	/usr/share/icons/breeze-dark/actions/16/hint-symbolic.svg
hint.svg	/usr/share/icons/breeze-dark/actions/16/hint.svg
histogram-symbolic.svg	/usr/share/icons/breeze-dark/actions/16/histogram-symbolic.svg
identity-symbolic.svg	/usr/share/icons/breeze-dark/actions/16/identity-symbolic.svg
identity.svg	/usr/share/icons/breeze-dark/actions/16/identity.svg
im-aim-symbolic.svg	/usr/share/icons/breeze-dark/actions/16/im-aim-symbolic.svg
im-aim.svg	/usr/share/icons/breeze-dark/actions/16/im-aim.svg
im-ban-kick-user-symbolic.svg	/usr/share/icons/breeze-dark/actions/16/im-ban-kick-user-symbolic.svg
im-ban-kick-user.svg	/usr/share/icons/breeze-dark/actions/16/im-ban-kick-user.svg
im-ban-user-symbolic.svg	/usr/share/icons/breeze-dark/actions/16/im-ban-user-symbolic.svg
im-ban-user.svg	/usr/share/icons/breeze-dark/actions/16/im-ban-user.svg
im-facebook-symbolic.svg	/usr/share/icons/breeze-dark/actions/16/im-facebook-symbolic.svg
im-facebook.svg	/usr/share/icons/breeze-dark/actions/16/im-facebook.svg
im-icq-symbolic.svg	/usr/share/icons/breeze-dark/actions/16/im-icq-symbolic.svg
im-icq.svg	/usr/share/icons/breeze-dark/actions/16/im-icq.svg
im-identi.ca-symbolic.svg	/usr/share/icons/breeze-dark/actions/16/im-identi.ca-symbolic.svg
im-identi.ca.svg	/usr/share/icons/breeze-dark/actions/16/im-identi.ca.svg
im-invisible-user-symbolic.svg	/usr/share/icons/breeze-dark/actions/16/im-invisible-user-symbolic.svg
im-invisible-user.svg	/usr/share/icons/breeze-dark/actions/16/im-invisible-user.svg
im-irc-symbolic.svg	/usr/share/icons/breeze-dark/actions/16/im-irc-symbolic.svg
im-irc.svg	/usr/share/icons/breeze-dark/actions/16/im-irc.svg
im-jabber-symbolic.svg	/usr/share/icons/breeze-dark/actions/16/im-jabber-symbolic.svg
im-jabber.svg	/usr/share/icons/breeze-dark/actions/16/im-jabber.svg
im-kick-user-symbolic.svg	/usr/share/icons/breeze-dark/actions/16/im-kick-user-symbolic.svg
im-kick-user.svg	/usr/share/icons/breeze-dark/actions/16/im-kick-user.svg
im-msn-symbolic.svg	/usr/share/icons/breeze-dark/actions/16/im-msn-symbolic.svg
im-msn.svg	/usr/share/icons/breeze-dark/actions/16/im-msn.svg
im-qq-symbolic.svg	/usr/share/icons/breeze-dark/actions/16/im-qq-symbolic.svg
im-qq.svg	/usr/share/icons/breeze-dark/actions/16/im-qq.svg
im-skype-symbolic.svg	/usr/share/icons/breeze-dark/actions/16/im-skype-symbolic.svg
im-skype.svg	/usr/share/icons/breeze-dark/actions/16/im-skype.svg
im-twitter-symbolic.svg	/usr/share/icons/breeze-dark/actions/16/im-twitter-symbolic.svg
im-twitter.svg	/usr/share/icons/breeze-dark/actions/16/im-twitter.svg
im-user-away-symbolic.svg	/usr/share/icons/breeze-dark/actions/16/im-user-away-symbolic.svg
im-user-away.svg	/usr/share/icons/breeze-dark/actions/16/im-user-away.svg
im-user-busy-symbolic.svg	/usr/share/icons/breeze-dark/actions/16/im-user-busy-symbolic.svg
im-user-busy.svg	/usr/share/icons/breeze-dark/actions/16/im-user-busy.svg
im-user-offline-symbolic.svg	/usr/share/icons/breeze-dark/actions/16/im-user-offline-symbolic.svg
im-user-offline.svg	/usr/share/icons/breeze-dark/actions/16/im-user-offline.svg
im-user-online-symbolic.svg	/usr/share/icons/breeze-dark/actions/16/im-user-online-symbolic.svg
im-user-online.svg	/usr/share/icons/breeze-dark/actions/16/im-user-online.svg
im-user-symbolic.svg	/usr/share/icons/breeze-dark/actions/16/im-user-symbolic.svg
im-user.svg	/usr/share/icons/breeze-dark/actions/16/im-user.svg
im-yahoo-symbolic.svg	/usr/share/icons/breeze-dark/actions/16/im-yahoo-symbolic.svg
im-yahoo.svg	/usr/share/icons/breeze-dark/actions/16/im-yahoo.svg
im-youtube-symbolic.svg	/usr/share/icons/breeze-dark/actions/16/im-youtube-symbolic.svg
im-youtube.svg	/usr/share/icons/breeze-dark/actions/16/im-youtube.svg
image-crop-symbolic.svg	/usr/share/icons/breeze-dark/actions/16/image-crop-symbolic.svg
image-flip-horizontal-symbolic.svg	/usr/share/icons/breeze-dark/actions/16/image-flip-horizontal-symbolic.svg
image-flip-vertical-symbolic.svg	/usr/share/icons/breeze-dark/actions/16/image-flip-vertical-symbolic.svg
image-invert-symbolic.svg	/usr/share/icons/breeze-dark/actions/16/image-invert-symbolic.svg
image-navigator-symbolic.svg	/usr/share/icons/breeze-dark/actions/16/image-navigator-symbolic.svg
image-red-eye-symbolic.svg	/usr/share/icons/breeze-dark/actions/16/image-red-eye-symbolic.svg
image-resize-symbolic.svg	/usr/share/icons/breeze-dark/actions/16/image-resize-symbolic.svg
image-rotate-left-symbolic.svg	/usr/share/icons/breeze-dark/actions/16/image-rotate-left-symbolic.svg
image-rotate-right-symbolic.svg	/usr/share/icons/breeze-dark/actions/16/image-rotate-right-symbolic.svg
image-rotate-symbolic.svg	/usr/share/icons/breeze-dark/actions/16/image-rotate-symbolic.svg
imagecomment-symbolic.svg	/usr/share/icons/breeze-dark/actions/16/imagecomment-symbolic.svg
imagecomment.svg	/usr/share/icons/breeze-dark/actions/16/imagecomment.svg
info-symbolic.svg	/usr/share/icons/breeze-dark/actions/16/info-symbolic.svg
info.svg	/usr/share/icons/breeze-dark/actions/16/info.svg
initial_state-symbolic.svg	/usr/share/icons/breeze-dark/actions/16/initial_state-symbolic.svg
initial_state.svg	/usr/share/icons/breeze-dark/actions/16/initial_state.svg
inpainting-symbolic.svg	/usr/share/icons/breeze-dark/actions/16/inpainting-symbolic.svg
inpainting.svg	/usr/share/icons/breeze-dark/actions/16/inpainting.svg
input-mouse-click-left-symbolic.svg	/usr/share/icons/breeze-dark/actions/16/input-mouse-click-left-symbolic.svg
input-mouse-click-left.svg	/usr/share/icons/breeze-dark/actions/16/input-mouse-click-left.svg
input-mouse-click-middle-symbolic.svg	/usr/share/icons/breeze-dark/actions/16/input-mouse-click-middle-symbolic.svg
input-mouse-click-middle.svg	/usr/share/icons/breeze-dark/actions/16/input-mouse-click-middle.svg
input-mouse-click-right-symbolic.svg	/usr/share/icons/breeze-dark/actions/16/input-mouse-click-right-symbolic.svg
input-mouse-click-right.svg	/usr/share/icons/breeze-dark/actions/16/input-mouse-click-right.svg
insert-button-symbolic.svg	/usr/share/icons/breeze-dark/actions/16/insert-button-symbolic.svg
insert-button.svg	/usr/share/icons/breeze-dark/actions/16/insert-button.svg
insert-endnote-symbolic.svg	/usr/share/icons/breeze-dark/actions/16/insert-endnote-symbolic.svg
insert-endnote.svg	/usr/share/icons/breeze-dark/actions/16/insert-endnote.svg
insert-footnote-symbolic.svg	/usr/share/icons/breeze-dark/actions/16/insert-footnote-symbolic.svg
insert-footnote.svg	/usr/share/icons/breeze-dark/actions/16/insert-footnote.svg
insert-horizontal-rule-symbolic.svg	/usr/share/icons/breeze-dark/actions/16/insert-horizontal-rule-symbolic.svg
insert-horizontal-rule.svg	/usr/share/icons/breeze-dark/actions/16/insert-horizontal-rule.svg
insert-image.svg	/usr/share/icons/breeze-dark/actions/16/insert-image.svg
insert-link.svg	/usr/share/icons/breeze-dark/actions/16/insert-link.svg
insert-math-expression-symbolic.svg	/usr/share/icons/breeze-dark/actions/16/insert-math-expression-symbolic.svg
insert-math-expression.svg	/usr/share/icons/breeze-dark/actions/16/insert-math-expression.svg
insert-more-mark-symbolic.svg	/usr/share/icons/breeze-dark/actions/16/insert-more-mark-symbolic.svg
insert-more-mark.svg	/usr/share/icons/breeze-dark/actions/16/insert-more-mark.svg
insert-page-break-symbolic.svg	/usr/share/icons/breeze-dark/actions/16/insert-page-break-symbolic.svg
insert-page-break.svg	/usr/share/icons/breeze-dark/actions/16/insert-page-break.svg
insert-table-of-contents-symbolic.svg	/usr/share/icons/breeze-dark/actions/16/insert-table-of-contents-symbolic.svg
insert-table-of-contents.svg	/usr/share/icons/breeze-dark/actions/16/insert-table-of-contents.svg
insert-table-row-symbolic.svg	/usr/share/icons/breeze-dark/actions/16/insert-table-row-symbolic.svg
insert-table-row.svg	/usr/share/icons/breeze-dark/actions/16/insert-table-row.svg
insert-table-symbolic.svg	/usr/share/icons/breeze-dark/actions/16/insert-table-symbolic.svg
insert-table.svg	/usr/share/icons/breeze-dark/actions/16/insert-table.svg
insert-tableofcontents-symbolic.svg	/usr/share/icons/breeze-dark/actions/16/insert-tableofcontents-symbolic.svg
insert-tableofcontents.svg	/usr/share/icons/breeze-dark/actions/16/insert-tableofcontents.svg
insert-text-frame-symbolic.svg	/usr/share/icons/breeze-dark/actions/16/insert-text-frame-symbolic.svg
insert-text-frame.svg	/usr/share/icons/breeze-dark/actions/16/insert-text-frame.svg
insert-text.svg	/usr/share/icons/breeze-dark/actions/16/insert-text.svg
insertcell-symbolic.svg	/usr/share/icons/breeze-dark/actions/16/insertcell-symbolic.svg
insertcell.svg	/usr/share/icons/breeze-dark/actions/16/insertcell.svg
insertcellcopy-symbolic.svg	/usr/share/icons/breeze-dark/actions/16/insertcellcopy-symbolic.svg
insertcellcopy.svg	/usr/share/icons/breeze-dark/actions/16/insertcellcopy.svg
interface-symbolic.svg	/usr/share/icons/breeze-dark/actions/16/interface-symbolic.svg
interface.svg	/usr/share/icons/breeze-dark/actions/16/interface.svg
internet-amarok-symbolic.svg	/usr/share/icons/breeze-dark/actions/16/internet-amarok-symbolic.svg
internet-amarok.svg	/usr/share/icons/breeze-dark/actions/16/internet-amarok.svg
internet-services-symbolic.svg	/usr/share/icons/breeze-dark/actions/16/internet-services-symbolic.svg
internet-services.svg	/usr/share/icons/breeze-dark/actions/16/internet-services.svg
invertimage-symbolic.svg	/usr/share/icons/breeze-dark/actions/16/invertimage-symbolic.svg
invertimage.svg	/usr/share/icons/breeze-dark/actions/16/invertimage.svg
irc-channel-active-symbolic.svg	/usr/share/icons/breeze-dark/actions/16/irc-channel-active-symbolic.svg
irc-channel-active.svg	/usr/share/icons/breeze-dark/actions/16/irc-channel-active.svg
irc-channel-inactive-symbolic.svg	/usr/share/icons/breeze-dark/actions/16/irc-channel-inactive-symbolic.svg
irc-channel-inactive.svg	/usr/share/icons/breeze-dark/actions/16/irc-channel-inactive.svg
irc-close-channel-symbolic.svg	/usr/share/icons/breeze-dark/actions/16/irc-close-channel-symbolic.svg
irc-close-channel.svg	/usr/share/icons/breeze-dark/actions/16/irc-close-channel.svg
irc-join-channel-symbolic.svg	/usr/share/icons/breeze-dark/actions/16/irc-join-channel-symbolic.svg
irc-join-channel.svg	/usr/share/icons/breeze-dark/actions/16/irc-join-channel.svg
itemize-symbolic.svg	/usr/share/icons/breeze-dark/actions/16/itemize-symbolic.svg
itemize.svg	/usr/share/icons/breeze-dark/actions/16/itemize.svg
join-symbolic.svg	/usr/share/icons/breeze-dark/actions/16/join-symbolic.svg
join.svg	/usr/share/icons/breeze-dark/actions/16/join.svg
journal-new-symbolic.svg	/usr/share/icons/breeze-dark/actions/16/journal-new-symbolic.svg
journal-new.svg	/usr/share/icons/breeze-dark/actions/16/journal-new.svg
junction-symbolic.svg	/usr/share/icons/breeze-dark/actions/16/junction-symbolic.svg
junction.svg	/usr/share/icons/breeze-dark/actions/16/junction.svg
kdenlive-add-slide-clip-symbolic.svg	/usr/share/icons/breeze-dark/actions/16/kdenlive-add-slide-clip-symbolic.svg
kdenlive-add-slide-clip.svg	/usr/share/icons/breeze-dark/actions/16/kdenlive-add-slide-clip.svg
kdenlive-add-text-clip-symbolic.svg	/usr/share/icons/breeze-dark/actions/16/kdenlive-add-text-clip-symbolic.svg
kdenlive-add-text-clip.svg	/usr/share/icons/breeze-dark/actions/16/kdenlive-add-text-clip.svg
kdenlive-ripple-symbolic.svg	/usr/share/icons/breeze-dark/actions/16/kdenlive-ripple-symbolic.svg
kdenlive-ripple.svg	/usr/share/icons/breeze-dark/actions/16/kdenlive-ripple.svg
kdenlive-rolling-symbolic.svg	/usr/share/icons/breeze-dark/actions/16/kdenlive-rolling-symbolic.svg
kdenlive-rolling.svg	/usr/share/icons/breeze-dark/actions/16/kdenlive-rolling.svg
kdenlive-select-rects-symbolic.svg	/usr/share/icons/breeze-dark/actions/16/kdenlive-select-rects-symbolic.svg
kdenlive-select-rects.svg	/usr/share/icons/breeze-dark/actions/16/kdenlive-select-rects.svg
kdenlive-show-video-symbolic.svg	/usr/share/icons/breeze-dark/actions/16/kdenlive-show-video-symbolic.svg
kdenlive-show-video.svg	/usr/share/icons/breeze-dark/actions/16/kdenlive-show-video.svg
kdenlive-slide-symbolic.svg	/usr/share/icons/breeze-dark/actions/16/kdenlive-slide-symbolic.svg
kdenlive-slide.svg	/usr/share/icons/breeze-dark/actions/16/kdenlive-slide.svg
kdenlive-slip-symbolic.svg	/usr/share/icons/breeze-dark/actions/16/kdenlive-slip-symbolic.svg
kdenlive-slip.svg	/usr/share/icons/breeze-dark/actions/16/kdenlive-slip.svg
kdocumentinfo-symbolic.svg	/usr/share/icons/breeze-dark/actions/16/kdocumentinfo-symbolic.svg
kdocumentinfo.svg	/usr/share/icons/breeze-dark/actions/16/kdocumentinfo.svg
key-enter-symbolic.svg	/usr/share/icons/breeze-dark/actions/16/key-enter-symbolic.svg
key-enter.svg	/usr/share/icons/breeze-dark/actions/16/key-enter.svg
keyframe-add-symbolic.svg	/usr/share/icons/breeze-dark/actions/16/keyframe-add-symbolic.svg
keyframe-add.svg	/usr/share/icons/breeze-dark/actions/16/keyframe-add.svg
keyframe-disable-symbolic.svg	/usr/share/icons/breeze-dark/actions/16/keyframe-disable-symbolic.svg
keyframe-disable.svg	/usr/share/icons/breeze-dark/actions/16/keyframe-disable.svg
keyframe-duplicate-symbolic.svg	/usr/share/icons/breeze-dark/actions/16/keyframe-duplicate-symbolic.svg
keyframe-duplicate.svg	/usr/share/icons/breeze-dark/actions/16/keyframe-duplicate.svg
keyframe-next-symbolic.svg	/usr/share/icons/breeze-dark/actions/16/keyframe-next-symbolic.svg
keyframe-next.svg	/usr/share/icons/breeze-dark/actions/16/keyframe-next.svg
keyframe-previous-symbolic.svg	/usr/share/icons/breeze-dark/actions/16/keyframe-previous-symbolic.svg
keyframe-previous.svg	/usr/share/icons/breeze-dark/actions/16/keyframe-previous.svg
keyframe-record-symbolic.svg	/usr/share/icons/breeze-dark/actions/16/keyframe-record-symbolic.svg
keyframe-record.svg	/usr/share/icons/breeze-dark/actions/16/keyframe-record.svg
keyframe-remove-symbolic.svg	/usr/share/icons/breeze-dark/actions/16/keyframe-remove-symbolic.svg
keyframe-remove.svg	/usr/share/icons/breeze-dark/actions/16/keyframe-remove.svg
keyframe-symbolic.svg	/usr/share/icons/breeze-dark/actions/16/keyframe-symbolic.svg
keyframe-warn.svg	/usr/share/icons/breeze-dark/actions/16/keyframe-warn.svg
keyframe.svg	/usr/share/icons/breeze-dark/actions/16/keyframe.svg
kmousetool_off-symbolic.svg	/usr/share/icons/breeze-dark/actions/16/kmousetool_off-symbolic.svg
kmousetool_off.svg	/usr/share/icons/breeze-dark/actions/16/kmousetool_off.svg
kmousetool_on-symbolic.svg	/usr/share/icons/breeze-dark/actions/16/kmousetool_on-symbolic.svg
kmousetool_on.svg	/usr/share/icons/breeze-dark/actions/16/kmousetool_on.svg
kmouth-phrase-symbolic.svg	/usr/share/icons/breeze-dark/actions/16/kmouth-phrase-symbolic.svg
kmouth-phrase.svg	/usr/share/icons/breeze-dark/actions/16/kmouth-phrase.svg
kmouth-phrasebook-symbolic.svg	/usr/share/icons/breeze-dark/actions/16/kmouth-phrasebook-symbolic.svg
kmouth-phrasebook.svg	/usr/share/icons/breeze-dark/actions/16/kmouth-phrasebook.svg
knotes_alarm-symbolic.svg	/usr/share/icons/breeze-dark/actions/16/knotes_alarm-symbolic.svg
knotes_alarm.svg	/usr/share/icons/breeze-dark/actions/16/knotes_alarm.svg
knotes_date-symbolic.svg	/usr/share/icons/breeze-dark/actions/16/knotes_date-symbolic.svg
knotes_date.svg	/usr/share/icons/breeze-dark/actions/16/knotes_date.svg
knotes_delete-symbolic.svg	/usr/share/icons/breeze-dark/actions/16/knotes_delete-symbolic.svg
knotes_delete.svg	/usr/share/icons/breeze-dark/actions/16/knotes_delete.svg
kontact-import-wizard-symbolic.svg	/usr/share/icons/breeze-dark/actions/16/kontact-import-wizard-symbolic.svg
kontact-import-wizard.svg	/usr/share/icons/breeze-dark/actions/16/kontact-import-wizard.svg
kontes_close-symbolic.svg	/usr/share/icons/breeze-dark/actions/16/kontes_close-symbolic.svg
kontes_close.svg	/usr/share/icons/breeze-dark/actions/16/kontes_close.svg
kr_combine-symbolic.svg	/usr/share/icons/breeze-dark/actions/16/kr_combine-symbolic.svg
kr_combine.svg	/usr/share/icons/breeze-dark/actions/16/kr_combine.svg
kr_comparedirs-symbolic.svg	/usr/share/icons/breeze-dark/actions/16/kr_comparedirs-symbolic.svg
kr_comparedirs.svg	/usr/share/icons/breeze-dark/actions/16/kr_comparedirs.svg
kr_diskusage-symbolic.svg	/usr/share/icons/breeze-dark/actions/16/kr_diskusage-symbolic.svg
kr_diskusage.svg	/usr/share/icons/breeze-dark/actions/16/kr_diskusage.svg
kr_jumpback-symbolic.svg	/usr/share/icons/breeze-dark/actions/16/kr_jumpback-symbolic.svg
kr_jumpback.svg	/usr/share/icons/breeze-dark/actions/16/kr_jumpback.svg
kr_mountman-symbolic.svg	/usr/share/icons/breeze-dark/actions/16/kr_mountman-symbolic.svg
kr_mountman.svg	/usr/share/icons/breeze-dark/actions/16/kr_mountman.svg
kr_setjumpback-symbolic.svg	/usr/share/icons/breeze-dark/actions/16/kr_setjumpback-symbolic.svg
kr_setjumpback.svg	/usr/share/icons/breeze-dark/actions/16/kr_setjumpback.svg
kr_syncbrowse_off-symbolic.svg	/usr/share/icons/breeze-dark/actions/16/kr_syncbrowse_off-symbolic.svg
kr_syncbrowse_off.svg	/usr/share/icons/breeze-dark/actions/16/kr_syncbrowse_off.svg
kr_syncbrowse_on-symbolic.svg	/usr/share/icons/breeze-dark/actions/16/kr_syncbrowse_on-symbolic.svg
kr_syncbrowse_on.svg	/usr/share/icons/breeze-dark/actions/16/kr_syncbrowse_on.svg
kr_unselect-symbolic.svg	/usr/share/icons/breeze-dark/actions/16/kr_unselect-symbolic.svg
kr_unselect.svg	/usr/share/icons/breeze-dark/actions/16/kr_unselect.svg
kruler-east-symbolic.svg	/usr/share/icons/breeze-dark/actions/16/kruler-east-symbolic.svg
kruler-east.svg	/usr/share/icons/breeze-dark/actions/16/kruler-east.svg
kruler-north-symbolic.svg	/usr/share/icons/breeze-dark/actions/16/kruler-north-symbolic.svg
kruler-north.svg	/usr/share/icons/breeze-dark/actions/16/kruler-north.svg
kruler-south-symbolic.svg	/usr/share/icons/breeze-dark/actions/16/kruler-south-symbolic.svg
kruler-south.svg	/usr/share/icons/breeze-dark/actions/16/kruler-south.svg
kruler-west-symbolic.svg	/usr/share/icons/breeze-dark/actions/16/kruler-west-symbolic.svg
kruler-west.svg	/usr/share/icons/breeze-dark/actions/16/kruler-west.svg
kstars_advanced-symbolic.svg	/usr/share/icons/breeze-dark/actions/16/kstars_advanced-symbolic.svg
kstars_advanced.svg	/usr/share/icons/breeze-dark/actions/16/kstars_advanced.svg
kstars_catalog-symbolic.svg	/usr/share/icons/breeze-dark/actions/16/kstars_catalog-symbolic.svg
kstars_catalog.svg	/usr/share/icons/breeze-dark/actions/16/kstars_catalog.svg
kstars_colors-symbolic.svg	/usr/share/icons/breeze-dark/actions/16/kstars_colors-symbolic.svg
kstars_colors.svg	/usr/share/icons/breeze-dark/actions/16/kstars_colors.svg
kstars_flag-symbolic.svg	/usr/share/icons/breeze-dark/actions/16/kstars_flag-symbolic.svg
kstars_flag.svg	/usr/share/icons/breeze-dark/actions/16/kstars_flag.svg
kstars_guides-symbolic.svg	/usr/share/icons/breeze-dark/actions/16/kstars_guides-symbolic.svg
kstars_guides.svg	/usr/share/icons/breeze-dark/actions/16/kstars_guides.svg
kt-bandwidth-scheduler-symbolic.svg	/usr/share/icons/breeze-dark/actions/16/kt-bandwidth-scheduler-symbolic.svg
kt-bandwidth-scheduler.svg	/usr/share/icons/breeze-dark/actions/16/kt-bandwidth-scheduler.svg
kt-change-tracker-symbolic.svg	/usr/share/icons/breeze-dark/actions/16/kt-change-tracker-symbolic.svg
kt-change-tracker.svg	/usr/share/icons/breeze-dark/actions/16/kt-change-tracker.svg
kt-check-data-symbolic.svg	/usr/share/icons/breeze-dark/actions/16/kt-check-data-symbolic.svg
kt-check-data.svg	/usr/share/icons/breeze-dark/actions/16/kt-check-data.svg
kt-encrypted-symbolic.svg	/usr/share/icons/breeze-dark/actions/16/kt-encrypted-symbolic.svg
kt-encrypted.svg	/usr/share/icons/breeze-dark/actions/16/kt-encrypted.svg
kt-info-widget-symbolic.svg	/usr/share/icons/breeze-dark/actions/16/kt-info-widget-symbolic.svg
kt-info-widget.svg	/usr/share/icons/breeze-dark/actions/16/kt-info-widget.svg
kt-pause-symbolic.svg	/usr/share/icons/breeze-dark/actions/16/kt-pause-symbolic.svg
kt-pause.svg	/usr/share/icons/breeze-dark/actions/16/kt-pause.svg
kt-plugins-symbolic.svg	/usr/share/icons/breeze-dark/actions/16/kt-plugins-symbolic.svg
kt-plugins.svg	/usr/share/icons/breeze-dark/actions/16/kt-plugins.svg
kt-remove-symbolic.svg	/usr/share/icons/breeze-dark/actions/16/kt-remove-symbolic.svg
kt-remove.svg	/usr/share/icons/breeze-dark/actions/16/kt-remove.svg
kt-restore-defaults-symbolic.svg	/usr/share/icons/breeze-dark/actions/16/kt-restore-defaults-symbolic.svg
kt-restore-defaults.svg	/usr/share/icons/breeze-dark/actions/16/kt-restore-defaults.svg
kt-set-max-download-speed-symbolic.svg	/usr/share/icons/breeze-dark/actions/16/kt-set-max-download-speed-symbolic.svg
kt-set-max-download-speed.svg	/usr/share/icons/breeze-dark/actions/16/kt-set-max-download-speed.svg
kt-set-max-upload-speed-symbolic.svg	/usr/share/icons/breeze-dark/actions/16/kt-set-max-upload-speed-symbolic.svg
kt-set-max-upload-speed.svg	/usr/share/icons/breeze-dark/actions/16/kt-set-max-upload-speed.svg
kt-show-statusbar-symbolic.svg	/usr/share/icons/breeze-dark/actions/16/kt-show-statusbar-symbolic.svg
kt-show-statusbar.svg	/usr/share/icons/breeze-dark/actions/16/kt-show-statusbar.svg
kt-speed-limits-symbolic.svg	/usr/share/icons/breeze-dark/actions/16/kt-speed-limits-symbolic.svg
kt-speed-limits.svg	/usr/share/icons/breeze-dark/actions/16/kt-speed-limits.svg
kt-start-symbolic.svg	/usr/share/icons/breeze-dark/actions/16/kt-start-symbolic.svg
kt-start.svg	/usr/share/icons/breeze-dark/actions/16/kt-start.svg
kt-stop-symbolic.svg	/usr/share/icons/breeze-dark/actions/16/kt-stop-symbolic.svg
kt-stop.svg	/usr/share/icons/breeze-dark/actions/16/kt-stop.svg
ktnef_extract_all_to-symbolic.svg	/usr/share/icons/breeze-dark/actions/16/ktnef_extract_all_to-symbolic.svg
ktnef_extract_all_to.svg	/usr/share/icons/breeze-dark/actions/16/ktnef_extract_all_to.svg
ktnef_extract_to-symbolic.svg	/usr/share/icons/breeze-dark/actions/16/ktnef_extract_to-symbolic.svg
ktnef_extract_to.svg	/usr/share/icons/breeze-dark/actions/16/ktnef_extract_to.svg
l2h-symbolic.svg	/usr/share/icons/breeze-dark/actions/16/l2h-symbolic.svg
l2h.svg	/usr/share/icons/breeze-dark/actions/16/l2h.svg
label-amarok-symbolic.svg	/usr/share/icons/breeze-dark/actions/16/label-amarok-symbolic.svg
label-amarok.svg	/usr/share/icons/breeze-dark/actions/16/label-amarok.svg
label-symbolic.svg	/usr/share/icons/breeze-dark/actions/16/label-symbolic.svg
label.svg	/usr/share/icons/breeze-dark/actions/16/label.svg
labplot-auto-scale-all-symbolic.svg	/usr/share/icons/breeze-dark/actions/16/labplot-auto-scale-all-symbolic.svg
labplot-auto-scale-all.svg	/usr/share/icons/breeze-dark/actions/16/labplot-auto-scale-all.svg
labplot-auto-scale-x-symbolic.svg	/usr/share/icons/breeze-dark/actions/16/labplot-auto-scale-x-symbolic.svg
labplot-auto-scale-x.svg	/usr/share/icons/breeze-dark/actions/16/labplot-auto-scale-x.svg
labplot-auto-scale-y-symbolic.svg	/usr/share/icons/breeze-dark/actions/16/labplot-auto-scale-y-symbolic.svg
labplot-auto-scale-y.svg	/usr/share/icons/breeze-dark/actions/16/labplot-auto-scale-y.svg
labplot-cursor-arrow-symbolic.svg	/usr/share/icons/breeze-dark/actions/16/labplot-cursor-arrow-symbolic.svg
labplot-cursor-arrow.svg	/usr/share/icons/breeze-dark/actions/16/labplot-cursor-arrow.svg
labplot-editbreaklayout-symbolic.svg	/usr/share/icons/breeze-dark/actions/16/labplot-editbreaklayout-symbolic.svg
labplot-editbreaklayout.svg	/usr/share/icons/breeze-dark/actions/16/labplot-editbreaklayout.svg
labplot-editgrid-symbolic.svg	/usr/share/icons/breeze-dark/actions/16/labplot-editgrid-symbolic.svg
labplot-editgrid.svg	/usr/share/icons/breeze-dark/actions/16/labplot-editgrid.svg
labplot-edithlayout-symbolic.svg	/usr/share/icons/breeze-dark/actions/16/labplot-edithlayout-symbolic.svg
labplot-edithlayout.svg	/usr/share/icons/breeze-dark/actions/16/labplot-edithlayout.svg
labplot-editvlayout-symbolic.svg	/usr/share/icons/breeze-dark/actions/16/labplot-editvlayout-symbolic.svg
labplot-editvlayout.svg	/usr/share/icons/breeze-dark/actions/16/labplot-editvlayout.svg
labplot-format-text-symbol-symbolic.svg	/usr/share/icons/breeze-dark/actions/16/labplot-format-text-symbol-symbolic.svg
labplot-format-text-symbol.svg	/usr/share/icons/breeze-dark/actions/16/labplot-format-text-symbol.svg
labplot-spreadsheet-new-symbolic.svg	/usr/share/icons/breeze-dark/actions/16/labplot-spreadsheet-new-symbolic.svg
labplot-spreadsheet-new.svg	/usr/share/icons/breeze-dark/actions/16/labplot-spreadsheet-new.svg
labplot-spreadsheet-symbolic.svg	/usr/share/icons/breeze-dark/actions/16/labplot-spreadsheet-symbolic.svg
labplot-spreadsheet.svg	/usr/share/icons/breeze-dark/actions/16/labplot-spreadsheet.svg
labplot-transform-move-symbolic.svg	/usr/share/icons/breeze-dark/actions/16/labplot-transform-move-symbolic.svg
labplot-transform-move.svg	/usr/share/icons/breeze-dark/actions/16/labplot-transform-move.svg
labplot-xy-curve-points-symbolic.svg	/usr/share/icons/breeze-dark/actions/16/labplot-xy-curve-points-symbolic.svg
labplot-xy-curve-points.svg	/usr/share/icons/breeze-dark/actions/16/labplot-xy-curve-points.svg
labplot-zoom-select-symbolic.svg	/usr/share/icons/breeze-dark/actions/16/labplot-zoom-select-symbolic.svg
labplot-zoom-select-x-symbolic.svg	/usr/share/icons/breeze-dark/actions/16/labplot-zoom-select-x-symbolic.svg
labplot-zoom-select-x.svg	/usr/share/icons/breeze-dark/actions/16/labplot-zoom-select-x.svg
labplot-zoom-select-y-symbolic.svg	/usr/share/icons/breeze-dark/actions/16/labplot-zoom-select-y-symbolic.svg
labplot-zoom-select-y.svg	/usr/share/icons/breeze-dark/actions/16/labplot-zoom-select-y.svg
labplot-zoom-select.svg	/usr/share/icons/breeze-dark/actions/16/labplot-zoom-select.svg
language-chooser-symbolic.svg	/usr/share/icons/breeze-dark/actions/16/language-chooser-symbolic.svg
language-chooser.svg	/usr/share/icons/breeze-dark/actions/16/language-chooser.svg
languages-symbolic.svg	/usr/share/icons/breeze-dark/actions/16/languages-symbolic.svg
languages.svg	/usr/share/icons/breeze-dark/actions/16/languages.svg
lastfm-neighbour-symbolic.svg	/usr/share/icons/breeze-dark/actions/16/lastfm-neighbour-symbolic.svg
lastfm-neighbour.svg	/usr/share/icons/breeze-dark/actions/16/lastfm-neighbour.svg
lastfm-personal-symbolic.svg	/usr/share/icons/breeze-dark/actions/16/lastfm-personal-symbolic.svg
lastfm-personal.svg	/usr/share/icons/breeze-dark/actions/16/lastfm-personal.svg
lastfm-recommended-symbolic.svg	/usr/share/icons/breeze-dark/actions/16/lastfm-recommended-symbolic.svg
lastfm-recommended.svg	/usr/share/icons/breeze-dark/actions/16/lastfm-recommended.svg
lastfm-tag-symbolic.svg	/usr/share/icons/breeze-dark/actions/16/lastfm-tag-symbolic.svg
lastfm-tag.svg	/usr/share/icons/breeze-dark/actions/16/lastfm-tag.svg
layer-bottom-symbolic.svg	/usr/share/icons/breeze-dark/actions/16/layer-bottom-symbolic.svg
layer-bottom.svg	/usr/share/icons/breeze-dark/actions/16/layer-bottom.svg
layer-delete-symbolic.svg	/usr/share/icons/breeze-dark/actions/16/layer-delete-symbolic.svg
layer-delete.svg	/usr/share/icons/breeze-dark/actions/16/layer-delete.svg
layer-duplicate-symbolic.svg	/usr/share/icons/breeze-dark/actions/16/layer-duplicate-symbolic.svg
layer-duplicate.svg	/usr/share/icons/breeze-dark/actions/16/layer-duplicate.svg
layer-lower-symbolic.svg	/usr/share/icons/breeze-dark/actions/16/layer-lower-symbolic.svg
layer-lower.svg	/usr/share/icons/breeze-dark/actions/16/layer-lower.svg
layer-new-symbolic.svg	/usr/share/icons/breeze-dark/actions/16/layer-new-symbolic.svg
layer-new.svg	/usr/share/icons/breeze-dark/actions/16/layer-new.svg
layer-next-symbolic.svg	/usr/share/icons/breeze-dark/actions/16/layer-next-symbolic.svg
layer-next.svg	/usr/share/icons/breeze-dark/actions/16/layer-next.svg
layer-previous-symbolic.svg	/usr/share/icons/breeze-dark/actions/16/layer-previous-symbolic.svg
layer-previous.svg	/usr/share/icons/breeze-dark/actions/16/layer-previous.svg
layer-raise-symbolic.svg	/usr/share/icons/breeze-dark/actions/16/layer-raise-symbolic.svg
layer-raise.svg	/usr/share/icons/breeze-dark/actions/16/layer-raise.svg
layer-rename-symbolic.svg	/usr/share/icons/breeze-dark/actions/16/layer-rename-symbolic.svg
layer-rename.svg	/usr/share/icons/breeze-dark/actions/16/layer-rename.svg
layer-top-symbolic.svg	/usr/share/icons/breeze-dark/actions/16/layer-top-symbolic.svg
layer-top.svg	/usr/share/icons/breeze-dark/actions/16/layer-top.svg
layer-visible-off-symbolic.svg	/usr/share/icons/breeze-dark/actions/16/layer-visible-off-symbolic.svg
layer-visible-off.svg	/usr/share/icons/breeze-dark/actions/16/layer-visible-off.svg
layer-visible-on-symbolic.svg	/usr/share/icons/breeze-dark/actions/16/layer-visible-on-symbolic.svg
layer-visible-on.svg	/usr/share/icons/breeze-dark/actions/16/layer-visible-on.svg
libpeas-plugin-symbolic.svg	/usr/share/icons/breeze-dark/actions/16/libpeas-plugin-symbolic.svg
libpeas-plugin.svg	/usr/share/icons/breeze-dark/actions/16/libpeas-plugin.svg
license-symbolic.svg	/usr/share/icons/breeze-dark/actions/16/license-symbolic.svg
license.svg	/usr/share/icons/breeze-dark/actions/16/license.svg
lighttable-symbolic.svg	/usr/share/icons/breeze-dark/actions/16/lighttable-symbolic.svg
lighttable.svg	/usr/share/icons/breeze-dark/actions/16/lighttable.svg
lighttableadd-symbolic.svg	/usr/share/icons/breeze-dark/actions/16/lighttableadd-symbolic.svg
lighttableadd.svg	/usr/share/icons/breeze-dark/actions/16/lighttableadd.svg
lines-connector-symbolic.svg	/usr/share/icons/breeze-dark/actions/16/lines-connector-symbolic.svg
lines-connector.svg	/usr/share/icons/breeze-dark/actions/16/lines-connector.svg
link-symbolic.svg	/usr/share/icons/breeze-dark/actions/16/link-symbolic.svg
link.svg	/usr/share/icons/breeze-dark/actions/16/link.svg
list-add-font-symbolic.svg	/usr/share/icons/breeze-dark/actions/16/list-add-font-symbolic.svg
list-add-font.svg	/usr/share/icons/breeze-dark/actions/16/list-add-font.svg
list-add-user-symbolic.svg	/usr/share/icons/breeze-dark/actions/16/list-add-user-symbolic.svg
list-add-user.svg	/usr/share/icons/breeze-dark/actions/16/list-add-user.svg
list-add.svg	/usr/share/icons/breeze-dark/actions/16/list-add.svg
list-remove-user-symbolic.svg	/usr/share/icons/breeze-dark/actions/16/list-remove-user-symbolic.svg
list-remove-user.svg	/usr/share/icons/breeze-dark/actions/16/list-remove-user.svg
list-remove.svg	/usr/share/icons/breeze-dark/actions/16/list-remove.svg
list-resource-add-symbolic.svg	/usr/share/icons/breeze-dark/actions/16/list-resource-add-symbolic.svg
list-resource-add.svg	/usr/share/icons/breeze-dark/actions/16/list-resource-add.svg
lock-symbolic.svg	/usr/share/icons/breeze-dark/actions/16/lock-symbolic.svg
lock.svg	/usr/share/icons/breeze-dark/actions/16/lock.svg
love-amarok-symbolic.svg	/usr/share/icons/breeze-dark/actions/16/love-amarok-symbolic.svg
love-amarok.svg	/usr/share/icons/breeze-dark/actions/16/love-amarok.svg
love-symbolic.svg	/usr/share/icons/breeze-dark/actions/16/love-symbolic.svg
love.svg	/usr/share/icons/breeze-dark/actions/16/love.svg
mail-attachment.svg	/usr/share/icons/breeze-dark/actions/16/mail-attachment.svg
mail-deleted-symbolic.svg	/usr/share/icons/breeze-dark/actions/16/mail-deleted-symbolic.svg
mail-deleted.svg	/usr/share/icons/breeze-dark/actions/16/mail-deleted.svg
mail-download-later-symbolic.svg	/usr/share/icons/breeze-dark/actions/16/mail-download-later-symbolic.svg
mail-download-later.svg	/usr/share/icons/breeze-dark/actions/16/mail-download-later.svg
mail-download-now-symbolic.svg	/usr/share/icons/breeze-dark/actions/16/mail-download-now-symbolic.svg
mail-download-now.svg	/usr/share/icons/breeze-dark/actions/16/mail-download-now.svg
mail-encrypted-full-symbolic.svg	/usr/share/icons/breeze-dark/actions/16/mail-encrypted-full-symbolic.svg
mail-encrypted-full.svg	/usr/share/icons/breeze-dark/actions/16/mail-encrypted-full.svg
mail-encrypted-part-symbolic.svg	/usr/share/icons/breeze-dark/actions/16/mail-encrypted-part-symbolic.svg
mail-encrypted-part.svg	/usr/share/icons/breeze-dark/actions/16/mail-encrypted-part.svg
mail-encrypted-symbolic.svg	/usr/share/icons/breeze-dark/actions/16/mail-encrypted-symbolic.svg
mail-encrypted.svg	/usr/share/icons/breeze-dark/actions/16/mail-encrypted.svg
mail-flag-symbolic.svg	/usr/share/icons/breeze-dark/actions/16/mail-flag-symbolic.svg
mail-flag.svg	/usr/share/icons/breeze-dark/actions/16/mail-flag.svg
mail-forward-attachment-symbolic.svg	/usr/share/icons/breeze-dark/actions/16/mail-forward-attachment-symbolic.svg
mail-forward-attachment.svg	/usr/share/icons/breeze-dark/actions/16/mail-forward-attachment.svg
mail-forward-custom-symbolic.svg	/usr/share/icons/breeze-dark/actions/16/mail-forward-custom-symbolic.svg
mail-forward-custom.svg	/usr/share/icons/breeze-dark/actions/16/mail-forward-custom.svg
mail-forward.svg	/usr/share/icons/breeze-dark/actions/16/mail-forward.svg
mail-forwarded-replied-symbolic.svg	/usr/share/icons/breeze-dark/actions/16/mail-forwarded-replied-symbolic.svg
mail-forwarded-replied.svg	/usr/share/icons/breeze-dark/actions/16/mail-forwarded-replied.svg
mail-forwarded-symbolic.svg	/usr/share/icons/breeze-dark/actions/16/mail-forwarded-symbolic.svg
mail-forwarded.svg	/usr/share/icons/breeze-dark/actions/16/mail-forwarded.svg
mail-inbox-symbolic.svg	/usr/share/icons/breeze-dark/actions/16/mail-inbox-symbolic.svg
mail-invitation-symbolic.svg	/usr/share/icons/breeze-dark/actions/16/mail-invitation-symbolic.svg
mail-invitation.svg	/usr/share/icons/breeze-dark/actions/16/mail-invitation.svg
mail-mark-important.svg	/usr/share/icons/breeze-dark/actions/16/mail-mark-important.svg
mail-mark-junk.svg	/usr/share/icons/breeze-dark/actions/16/mail-mark-junk.svg
mail-mark-notjunk.svg	/usr/share/icons/breeze-dark/actions/16/mail-mark-notjunk.svg
mail-mark-read-symbolic.svg	/usr/share/icons/breeze-dark/actions/16/mail-mark-read-symbolic.svg
mail-mark-read.svg	/usr/share/icons/breeze-dark/actions/16/mail-mark-read.svg
mail-mark-task-symbolic.svg	/usr/share/icons/breeze-dark/actions/16/mail-mark-task-symbolic.svg
mail-mark-task.svg	/usr/share/icons/breeze-dark/actions/16/mail-mark-task.svg
mail-mark-unread-new-symbolic.svg	/usr/share/icons/breeze-dark/actions/16/mail-mark-unread-new-symbolic.svg
mail-mark-unread-new.svg	/usr/share/icons/breeze-dark/actions/16/mail-mark-unread-new.svg
mail-mark-unread-symbolic.svg	/usr/share/icons/breeze-dark/actions/16/mail-mark-unread-symbolic.svg
mail-mark-unread.svg	/usr/share/icons/breeze-dark/actions/16/mail-mark-unread.svg
mail-meeting-request-reply-symbolic.svg	/usr/share/icons/breeze-dark/actions/16/mail-meeting-request-reply-symbolic.svg
mail-meeting-request-reply.svg	/usr/share/icons/breeze-dark/actions/16/mail-meeting-request-reply.svg
mail-message-new-list-symbolic.svg	/usr/share/icons/breeze-dark/actions/16/mail-message-new-list-symbolic.svg
mail-message-new-list.svg	/usr/share/icons/breeze-dark/actions/16/mail-message-new-list.svg
mail-message-new.svg	/usr/share/icons/breeze-dark/actions/16/mail-message-new.svg
mail-message-symbolic.svg	/usr/share/icons/breeze-dark/actions/16/mail-message-symbolic.svg
mail-message.svg	/usr/share/icons/breeze-dark/actions/16/mail-message.svg
mail-queue-symbolic.svg	/usr/share/icons/breeze-dark/actions/16/mail-queue-symbolic.svg
mail-queue.svg	/usr/share/icons/breeze-dark/actions/16/mail-queue.svg
mail-queued-symbolic.svg	/usr/share/icons/breeze-dark/actions/16/mail-queued-symbolic.svg
mail-queued.svg	/usr/share/icons/breeze-dark/actions/16/mail-queued.svg
mail-read.svg	/usr/share/icons/breeze-dark/actions/16/mail-read.svg
mail-receive-symbolic.svg	/usr/share/icons/breeze-dark/actions/16/mail-receive-symbolic.svg
mail-receive.svg	/usr/share/icons/breeze-dark/actions/16/mail-receive.svg
mail-replied.svg	/usr/share/icons/breeze-dark/actions/16/mail-replied.svg
mail-reply-all.svg	/usr/share/icons/breeze-dark/actions/16/mail-reply-all.svg
mail-reply-author-symbolic.svg	/usr/share/icons/breeze-dark/actions/16/mail-reply-author-symbolic.svg
mail-reply-author.svg	/usr/share/icons/breeze-dark/actions/16/mail-reply-author.svg
mail-reply-custom-all-symbolic.svg	/usr/share/icons/breeze-dark/actions/16/mail-reply-custom-all-symbolic.svg
mail-reply-custom-all.svg	/usr/share/icons/breeze-dark/actions/16/mail-reply-custom-all.svg
mail-reply-custom-symbolic.svg	/usr/share/icons/breeze-dark/actions/16/mail-reply-custom-symbolic.svg
mail-reply-custom.svg	/usr/share/icons/breeze-dark/actions/16/mail-reply-custom.svg
mail-reply-list-symbolic.svg	/usr/share/icons/breeze-dark/actions/16/mail-reply-list-symbolic.svg
mail-reply-list.svg	/usr/share/icons/breeze-dark/actions/16/mail-reply-list.svg
mail-reply-sender.svg	/usr/share/icons/breeze-dark/actions/16/mail-reply-sender.svg
mail-send.svg	/usr/share/icons/breeze-dark/actions/16/mail-send.svg
mail-sent-symbolic.svg	/usr/share/icons/breeze-dark/actions/16/mail-sent-symbolic.svg
mail-sent.svg	/usr/share/icons/breeze-dark/actions/16/mail-sent.svg
mail-signature-unknown-symbolic.svg	/usr/share/icons/breeze-dark/actions/16/mail-signature-unknown-symbolic.svg
mail-signature-unknown.svg	/usr/share/icons/breeze-dark/actions/16/mail-signature-unknown.svg
mail-signed-full-symbolic.svg	/usr/share/icons/breeze-dark/actions/16/mail-signed-full-symbolic.svg
mail-signed-full.svg	/usr/share/icons/breeze-dark/actions/16/mail-signed-full.svg
mail-signed-fully-symbolic.svg	/usr/share/icons/breeze-dark/actions/16/mail-signed-fully-symbolic.svg
mail-signed-fully.svg	/usr/share/icons/breeze-dark/actions/16/mail-signed-fully.svg
mail-signed-part-symbolic.svg	/usr/share/icons/breeze-dark/actions/16/mail-signed-part-symbolic.svg
mail-signed-part.svg	/usr/share/icons/breeze-dark/actions/16/mail-signed-part.svg
mail-signed-symbolic.svg	/usr/share/icons/breeze-dark/actions/16/mail-signed-symbolic.svg
mail-signed-verified-symbolic.svg	/usr/share/icons/breeze-dark/actions/16/mail-signed-verified-symbolic.svg
mail-signed-verified.svg	/usr/share/icons/breeze-dark/actions/16/mail-signed-verified.svg
mail-signed.svg	/usr/share/icons/breeze-dark/actions/16/mail-signed.svg
mail-tagged-symbolic.svg	/usr/share/icons/breeze-dark/actions/16/mail-tagged-symbolic.svg
mail-tagged.svg	/usr/share/icons/breeze-dark/actions/16/mail-tagged.svg
mail-task-symbolic.svg	/usr/share/icons/breeze-dark/actions/16/mail-task-symbolic.svg
mail-task.svg	/usr/share/icons/breeze-dark/actions/16/mail-task.svg
mail-thread-ignored-symbolic.svg	/usr/share/icons/breeze-dark/actions/16/mail-thread-ignored-symbolic.svg
mail-thread-ignored.svg	/usr/share/icons/breeze-dark/actions/16/mail-thread-ignored.svg
mail-thread-watch-symbolic.svg	/usr/share/icons/breeze-dark/actions/16/mail-thread-watch-symbolic.svg
mail-thread-watch.svg	/usr/share/icons/breeze-dark/actions/16/mail-thread-watch.svg
mail-unread-new-symbolic.svg	/usr/share/icons/breeze-dark/actions/16/mail-unread-new-symbolic.svg
mail-unread-new.svg	/usr/share/icons/breeze-dark/actions/16/mail-unread-new.svg
mail-unread.svg	/usr/share/icons/breeze-dark/actions/16/mail-unread.svg
makeidx-symbolic.svg	/usr/share/icons/breeze-dark/actions/16/makeidx-symbolic.svg
makeidx.svg	/usr/share/icons/breeze-dark/actions/16/makeidx.svg
map-symbolic.svg	/usr/share/icons/breeze-dark/actions/16/map-symbolic.svg
mark-location.svg	/usr/share/icons/breeze-dark/actions/16/mark-location.svg
markasblank-symbolic.svg	/usr/share/icons/breeze-dark/actions/16/markasblank-symbolic.svg
markasblank.svg	/usr/share/icons/breeze-dark/actions/16/markasblank.svg
mask-alpha.svg	/usr/share/icons/breeze-dark/actions/16/mask-alpha.svg
mask-invert.svg	/usr/share/icons/breeze-dark/actions/16/mask-invert.svg
mask-luma.svg	/usr/share/icons/breeze-dark/actions/16/mask-luma.svg
math0-symbolic.svg	/usr/share/icons/breeze-dark/actions/16/math0-symbolic.svg
math0.svg	/usr/share/icons/breeze-dark/actions/16/math0.svg
math1-symbolic.svg	/usr/share/icons/breeze-dark/actions/16/math1-symbolic.svg
math1.svg	/usr/share/icons/breeze-dark/actions/16/math1.svg
math2-symbolic.svg	/usr/share/icons/breeze-dark/actions/16/math2-symbolic.svg
math2.svg	/usr/share/icons/breeze-dark/actions/16/math2.svg
math3-symbolic.svg	/usr/share/icons/breeze-dark/actions/16/math3-symbolic.svg
math3.svg	/usr/share/icons/breeze-dark/actions/16/math3.svg
math7-symbolic.svg	/usr/share/icons/breeze-dark/actions/16/math7-symbolic.svg
math7.svg	/usr/share/icons/breeze-dark/actions/16/math7.svg
math9-symbolic.svg	/usr/share/icons/breeze-dark/actions/16/math9-symbolic.svg
math9.svg	/usr/share/icons/breeze-dark/actions/16/math9.svg
mathmode-symbolic.svg	/usr/share/icons/breeze-dark/actions/16/mathmode-symbolic.svg
mathmode.svg	/usr/share/icons/breeze-dark/actions/16/mathmode.svg
measure-symbolic.svg	/usr/share/icons/breeze-dark/actions/16/measure-symbolic.svg
measure.svg	/usr/share/icons/breeze-dark/actions/16/measure.svg
media-album-cover-manager-amarok-symbolic.svg	/usr/share/icons/breeze-dark/actions/16/media-album-cover-manager-amarok-symbolic.svg
media-album-cover-manager-amarok.svg	/usr/share/icons/breeze-dark/actions/16/media-album-cover-manager-amarok.svg
media-album-cover-symbolic.svg	/usr/share/icons/breeze-dark/actions/16/media-album-cover-symbolic.svg
media-album-cover.svg	/usr/share/icons/breeze-dark/actions/16/media-album-cover.svg
media-album-repeat-amarok-symbolic.svg	/usr/share/icons/breeze-dark/actions/16/media-album-repeat-amarok-symbolic.svg
media-album-repeat-amarok.svg	/usr/share/icons/breeze-dark/actions/16/media-album-repeat-amarok.svg
media-album-track-symbolic.svg	/usr/share/icons/breeze-dark/actions/16/media-album-track-symbolic.svg
media-album-track.svg	/usr/share/icons/breeze-dark/actions/16/media-album-track.svg
media-eject.svg	/usr/share/icons/breeze-dark/actions/16/media-eject.svg
media-import-audio-cd-symbolic.svg	/usr/share/icons/breeze-dark/actions/16/media-import-audio-cd-symbolic.svg
media-import-audio-cd.svg	/usr/share/icons/breeze-dark/actions/16/media-import-audio-cd.svg
media-mount-symbolic.svg	/usr/share/icons/breeze-dark/actions/16/media-mount-symbolic.svg
media-mount.svg	/usr/share/icons/breeze-dark/actions/16/media-mount.svg
media-playback-pause.svg	/usr/share/icons/breeze-dark/actions/16/media-playback-pause.svg
media-playback-start.svg	/usr/share/icons/breeze-dark/actions/16/media-playback-start.svg
media-playback-stop.svg	/usr/share/icons/breeze-dark/actions/16/media-playback-stop.svg
media-playlist-append-next-symbolic.svg	/usr/share/icons/breeze-dark/actions/16/media-playlist-append-next-symbolic.svg
media-playlist-append-next.svg	/usr/share/icons/breeze-dark/actions/16/media-playlist-append-next.svg
media-playlist-append-symbolic.svg	/usr/share/icons/breeze-dark/actions/16/media-playlist-append-symbolic.svg
media-playlist-append.svg	/usr/share/icons/breeze-dark/actions/16/media-playlist-append.svg
media-playlist-play-symbolic.svg	/usr/share/icons/breeze-dark/actions/16/media-playlist-play-symbolic.svg
media-playlist-play.svg	/usr/share/icons/breeze-dark/actions/16/media-playlist-play.svg
media-playlist-repeat-amarok-symbolic.svg	/usr/share/icons/breeze-dark/actions/16/media-playlist-repeat-amarok-symbolic.svg
media-playlist-repeat-amarok.svg	/usr/share/icons/breeze-dark/actions/16/media-playlist-repeat-amarok.svg
media-playlist-repeat-song.svg	/usr/share/icons/breeze-dark/actions/16/media-playlist-repeat-song.svg
media-playlist-repeat.svg	/usr/share/icons/breeze-dark/actions/16/media-playlist-repeat.svg
media-playlist-shuffle.svg	/usr/share/icons/breeze-dark/actions/16/media-playlist-shuffle.svg
media-random-albums-amarok-symbolic.svg	/usr/share/icons/breeze-dark/actions/16/media-random-albums-amarok-symbolic.svg
media-random-albums-amarok.svg	/usr/share/icons/breeze-dark/actions/16/media-random-albums-amarok.svg
media-random-tracks-amarok-symbolic.svg	/usr/share/icons/breeze-dark/actions/16/media-random-tracks-amarok-symbolic.svg
media-random-tracks-amarok.svg	/usr/share/icons/breeze-dark/actions/16/media-random-tracks-amarok.svg
media-record.svg	/usr/share/icons/breeze-dark/actions/16/media-record.svg
media-repeat-album-amarok-symbolic.svg	/usr/share/icons/breeze-dark/actions/16/media-repeat-album-amarok-symbolic.svg
media-repeat-album-amarok.svg	/usr/share/icons/breeze-dark/actions/16/media-repeat-album-amarok.svg
media-repeat-all-symbolic.svg	/usr/share/icons/breeze-dark/actions/16/media-repeat-all-symbolic.svg
media-repeat-all.svg	/usr/share/icons/breeze-dark/actions/16/media-repeat-all.svg
media-repeat-none-symbolic.svg	/usr/share/icons/breeze-dark/actions/16/media-repeat-none-symbolic.svg
media-repeat-none.svg	/usr/share/icons/breeze-dark/actions/16/media-repeat-none.svg
media-repeat-playlist-amarok-symbolic.svg	/usr/share/icons/breeze-dark/actions/16/media-repeat-playlist-amarok-symbolic.svg
media-repeat-playlist-amarok.svg	/usr/share/icons/breeze-dark/actions/16/media-repeat-playlist-amarok.svg
media-repeat-single-symbolic.svg	/usr/share/icons/breeze-dark/actions/16/media-repeat-single-symbolic.svg
media-repeat-single.svg	/usr/share/icons/breeze-dark/actions/16/media-repeat-single.svg
media-repeat-track-amarok-symbolic.svg	/usr/share/icons/breeze-dark/actions/16/media-repeat-track-amarok-symbolic.svg
media-repeat-track-amarok.svg	/usr/share/icons/breeze-dark/actions/16/media-repeat-track-amarok.svg
media-seek-backward.svg	/usr/share/icons/breeze-dark/actions/16/media-seek-backward.svg
media-seek-forward.svg	/usr/share/icons/breeze-dark/actions/16/media-seek-forward.svg
media-show-active-track-amarok-symbolic.svg	/usr/share/icons/breeze-dark/actions/16/media-show-active-track-amarok-symbolic.svg
media-show-active-track-amarok.svg	/usr/share/icons/breeze-dark/actions/16/media-show-active-track-amarok.svg
media-skip-backward.svg	/usr/share/icons/breeze-dark/actions/16/media-skip-backward.svg
media-skip-forward.svg	/usr/share/icons/breeze-dark/actions/16/media-skip-forward.svg
media-standard-track-progression-amarok-symbolic.svg	/usr/share/icons/breeze-dark/actions/16/media-standard-track-progression-amarok-symbolic.svg
media-standard-track-progression-amarok.svg	/usr/share/icons/breeze-dark/actions/16/media-standard-track-progression-amarok.svg
media-track-add-amarok-symbolic.svg	/usr/share/icons/breeze-dark/actions/16/media-track-add-amarok-symbolic.svg
media-track-add-amarok.svg	/usr/share/icons/breeze-dark/actions/16/media-track-add-amarok.svg
media-track-edit-amarok-symbolic.svg	/usr/share/icons/breeze-dark/actions/16/media-track-edit-amarok-symbolic.svg
media-track-edit-amarok.svg	/usr/share/icons/breeze-dark/actions/16/media-track-edit-amarok.svg
media-track-queue-amarok-symbolic.svg	/usr/share/icons/breeze-dark/actions/16/media-track-queue-amarok-symbolic.svg
media-track-queue-amarok.svg	/usr/share/icons/breeze-dark/actions/16/media-track-queue-amarok.svg
media-track-remove-amarok-symbolic.svg	/usr/share/icons/breeze-dark/actions/16/media-track-remove-amarok-symbolic.svg
media-track-remove-amarok.svg	/usr/share/icons/breeze-dark/actions/16/media-track-remove-amarok.svg
media-track-show-active-symbolic.svg	/usr/share/icons/breeze-dark/actions/16/media-track-show-active-symbolic.svg
media-track-show-active.svg	/usr/share/icons/breeze-dark/actions/16/media-track-show-active.svg
medskip-symbolic.svg	/usr/share/icons/breeze-dark/actions/16/medskip-symbolic.svg
medskip.svg	/usr/share/icons/breeze-dark/actions/16/medskip.svg
meeting-attending-symbolic.svg	/usr/share/icons/breeze-dark/actions/16/meeting-attending-symbolic.svg
meeting-attending-tentative-symbolic.svg	/usr/share/icons/breeze-dark/actions/16/meeting-attending-tentative-symbolic.svg
meeting-attending-tentative.svg	/usr/share/icons/breeze-dark/actions/16/meeting-attending-tentative.svg
meeting-attending.svg	/usr/share/icons/breeze-dark/actions/16/meeting-attending.svg
meeting-participant-no-response-symbolic.svg	/usr/share/icons/breeze-dark/actions/16/meeting-participant-no-response-symbolic.svg
meeting-participant-no-response.svg	/usr/share/icons/breeze-dark/actions/16/meeting-participant-no-response.svg
meeting-participant-request-response-symbolic.svg	/usr/share/icons/breeze-dark/actions/16/meeting-participant-request-response-symbolic.svg
meeting-participant-request-response.svg	/usr/share/icons/breeze-dark/actions/16/meeting-participant-request-response.svg
menu_new-symbolic.svg	/usr/share/icons/breeze-dark/actions/16/menu_new-symbolic.svg
menu_new.svg	/usr/share/icons/breeze-dark/actions/16/menu_new.svg
merge-symbolic.svg	/usr/share/icons/breeze-dark/actions/16/merge-symbolic.svg
merge.svg	/usr/share/icons/breeze-dark/actions/16/merge.svg
mergecell-horizontal-symbolic.svg	/usr/share/icons/breeze-dark/actions/16/mergecell-horizontal-symbolic.svg
mergecell-horizontal.svg	/usr/share/icons/breeze-dark/actions/16/mergecell-horizontal.svg
mergecell-symbolic.svg	/usr/share/icons/breeze-dark/actions/16/mergecell-symbolic.svg
mergecell-vertical-symbolic.svg	/usr/share/icons/breeze-dark/actions/16/mergecell-vertical-symbolic.svg
mergecell-vertical.svg	/usr/share/icons/breeze-dark/actions/16/mergecell-vertical.svg
mergecell.svg	/usr/share/icons/breeze-dark/actions/16/mergecell.svg
message-new-symbolic.svg	/usr/share/icons/breeze-dark/actions/16/message-new-symbolic.svg
message-new.svg	/usr/share/icons/breeze-dark/actions/16/message-new.svg
messagebox_warning-symbolic.svg	/usr/share/icons/breeze-dark/actions/16/messagebox_warning-symbolic.svg
messagebox_warning.svg	/usr/share/icons/breeze-dark/actions/16/messagebox_warning.svg
milestone-symbolic.svg	/usr/share/icons/breeze-dark/actions/16/milestone-symbolic.svg
milestone.svg	/usr/share/icons/breeze-dark/actions/16/milestone.svg
minuet-chords-symbolic.svg	/usr/share/icons/breeze-dark/actions/16/minuet-chords-symbolic.svg
minuet-chords.svg	/usr/share/icons/breeze-dark/actions/16/minuet-chords.svg
minuet-intervals-symbolic.svg	/usr/share/icons/breeze-dark/actions/16/minuet-intervals-symbolic.svg
minuet-intervals.svg	/usr/share/icons/breeze-dark/actions/16/minuet-intervals.svg
minuet-rhythms-symbolic.svg	/usr/share/icons/breeze-dark/actions/16/minuet-rhythms-symbolic.svg
minuet-rhythms.svg	/usr/share/icons/breeze-dark/actions/16/minuet-rhythms.svg
minuet-scales-symbolic.svg	/usr/share/icons/breeze-dark/actions/16/minuet-scales-symbolic.svg
minuet-scales.svg	/usr/share/icons/breeze-dark/actions/16/minuet-scales.svg
mode1-symbolic.svg	/usr/share/icons/breeze-dark/actions/16/mode1-symbolic.svg
mode1.svg	/usr/share/icons/breeze-dark/actions/16/mode1.svg
mode2-symbolic.svg	/usr/share/icons/breeze-dark/actions/16/mode2-symbolic.svg
mode2.svg	/usr/share/icons/breeze-dark/actions/16/mode2.svg
mode3-symbolic.svg	/usr/share/icons/breeze-dark/actions/16/mode3-symbolic.svg
mode3.svg	/usr/share/icons/breeze-dark/actions/16/mode3.svg
mode4-symbolic.svg	/usr/share/icons/breeze-dark/actions/16/mode4-symbolic.svg
mode4.svg	/usr/share/icons/breeze-dark/actions/16/mode4.svg
mode5-symbolic.svg	/usr/share/icons/breeze-dark/actions/16/mode5-symbolic.svg
mode5.svg	/usr/share/icons/breeze-dark/actions/16/mode5.svg
modified-symbolic.svg	/usr/share/icons/breeze-dark/actions/16/modified-symbolic.svg
modified.svg	/usr/share/icons/breeze-dark/actions/16/modified.svg
mpost-symbolic.svg	/usr/share/icons/breeze-dark/actions/16/mpost-symbolic.svg
mpost.svg	/usr/share/icons/breeze-dark/actions/16/mpost.svg
msgid2msgstr-symbolic.svg	/usr/share/icons/breeze-dark/actions/16/msgid2msgstr-symbolic.svg
msgid2msgstr.svg	/usr/share/icons/breeze-dark/actions/16/msgid2msgstr.svg
multirow-symbolic.svg	/usr/share/icons/breeze-dark/actions/16/multirow-symbolic.svg
multirow.svg	/usr/share/icons/breeze-dark/actions/16/multirow.svg
music-amarok-symbolic.svg	/usr/share/icons/breeze-dark/actions/16/music-amarok-symbolic.svg
music-amarok.svg	/usr/share/icons/breeze-dark/actions/16/music-amarok.svg
network-connect-symbolic.svg	/usr/share/icons/breeze-dark/actions/16/network-connect-symbolic.svg
network-connect.svg	/usr/share/icons/breeze-dark/actions/16/network-connect.svg
network-disconnect-symbolic.svg	/usr/share/icons/breeze-dark/actions/16/network-disconnect-symbolic.svg
network-disconnect.svg	/usr/share/icons/breeze-dark/actions/16/network-disconnect.svg
new-audio-alarm-symbolic.svg	/usr/share/icons/breeze-dark/actions/16/new-audio-alarm-symbolic.svg
new-audio-alarm.svg	/usr/share/icons/breeze-dark/actions/16/new-audio-alarm.svg
new-command-alarm-symbolic.svg	/usr/share/icons/breeze-dark/actions/16/new-command-alarm-symbolic.svg
new-command-alarm.svg	/usr/share/icons/breeze-dark/actions/16/new-command-alarm.svg
news-subscribe-symbolic.svg	/usr/share/icons/breeze-dark/actions/16/news-subscribe-symbolic.svg
news-subscribe.svg	/usr/share/icons/breeze-dark/actions/16/news-subscribe.svg
news-unsubscribe-symbolic.svg	/usr/share/icons/breeze-dark/actions/16/news-unsubscribe-symbolic.svg
news-unsubscribe.svg	/usr/share/icons/breeze-dark/actions/16/news-unsubscribe.svg
nocover-symbolic.svg	/usr/share/icons/breeze-dark/actions/16/nocover-symbolic.svg
nocover.svg	/usr/share/icons/breeze-dark/actions/16/nocover.svg
node-add-symbolic.svg	/usr/share/icons/breeze-dark/actions/16/node-add-symbolic.svg
node-add.svg	/usr/share/icons/breeze-dark/actions/16/node-add.svg
node-break-symbolic.svg	/usr/share/icons/breeze-dark/actions/16/node-break-symbolic.svg
node-break.svg	/usr/share/icons/breeze-dark/actions/16/node-break.svg
node-delete-segment-symbolic.svg	/usr/share/icons/breeze-dark/actions/16/node-delete-segment-symbolic.svg
node-delete-segment.svg	/usr/share/icons/breeze-dark/actions/16/node-delete-segment.svg
node-delete-symbolic.svg	/usr/share/icons/breeze-dark/actions/16/node-delete-symbolic.svg
node-delete.svg	/usr/share/icons/breeze-dark/actions/16/node-delete.svg
node-join-segment-symbolic.svg	/usr/share/icons/breeze-dark/actions/16/node-join-segment-symbolic.svg
node-join-segment.svg	/usr/share/icons/breeze-dark/actions/16/node-join-segment.svg
node-join-symbolic.svg	/usr/share/icons/breeze-dark/actions/16/node-join-symbolic.svg
node-join.svg	/usr/share/icons/breeze-dark/actions/16/node-join.svg
node-segment-curve-symbolic.svg	/usr/share/icons/breeze-dark/actions/16/node-segment-curve-symbolic.svg
node-segment-curve.svg	/usr/share/icons/breeze-dark/actions/16/node-segment-curve.svg
node-segment-line-symbolic.svg	/usr/share/icons/breeze-dark/actions/16/node-segment-line-symbolic.svg
node-segment-line.svg	/usr/share/icons/breeze-dark/actions/16/node-segment-line.svg
node-symbolic.svg	/usr/share/icons/breeze-dark/actions/16/node-symbolic.svg
node-transform-symbolic.svg	/usr/share/icons/breeze-dark/actions/16/node-transform-symbolic.svg
node-transform.svg	/usr/share/icons/breeze-dark/actions/16/node-transform.svg
node-type-auto-smooth-symbolic.svg	/usr/share/icons/breeze-dark/actions/16/node-type-auto-smooth-symbolic.svg
node-type-auto-smooth.svg	/usr/share/icons/breeze-dark/actions/16/node-type-auto-smooth.svg
node-type-cusp-symbolic.svg	/usr/share/icons/breeze-dark/actions/16/node-type-cusp-symbolic.svg
node-type-cusp.svg	/usr/share/icons/breeze-dark/actions/16/node-type-cusp.svg
node-type-smooth-symbolic.svg	/usr/share/icons/breeze-dark/actions/16/node-type-smooth-symbolic.svg
node-type-smooth.svg	/usr/share/icons/breeze-dark/actions/16/node-type-smooth.svg
node-type-symmetric-symbolic.svg	/usr/share/icons/breeze-dark/actions/16/node-type-symmetric-symbolic.svg
node-type-symmetric.svg	/usr/share/icons/breeze-dark/actions/16/node-type-symmetric.svg
node.svg	/usr/share/icons/breeze-dark/actions/16/node.svg
note-symbolic.svg	/usr/share/icons/breeze-dark/actions/16/note-symbolic.svg
note.svg	/usr/share/icons/breeze-dark/actions/16/note.svg
notifications-disabled.svg	/usr/share/icons/breeze-dark/actions/16/notifications-disabled.svg
notifications-symbolic.svg	/usr/share/icons/breeze-dark/actions/16/notifications-symbolic.svg
notifications.svg	/usr/share/icons/breeze-dark/actions/16/notifications.svg
object-align-horizontal-center-calligra-symbolic.svg	/usr/share/icons/breeze-dark/actions/16/object-align-horizontal-center-calligra-symbolic.svg
object-align-horizontal-center-calligra.svg	/usr/share/icons/breeze-dark/actions/16/object-align-horizontal-center-calligra.svg
object-align-horizontal-left-calligra-symbolic.svg	/usr/share/icons/breeze-dark/actions/16/object-align-horizontal-left-calligra-symbolic.svg
object-align-horizontal-left-calligra.svg	/usr/share/icons/breeze-dark/actions/16/object-align-horizontal-left-calligra.svg
object-align-horizontal-right-calligra-symbolic.svg	/usr/share/icons/breeze-dark/actions/16/object-align-horizontal-right-calligra-symbolic.svg
object-align-horizontal-right-calligra.svg	/usr/share/icons/breeze-dark/actions/16/object-align-horizontal-right-calligra.svg
object-align-vertical-bottom-calligra-symbolic.svg	/usr/share/icons/breeze-dark/actions/16/object-align-vertical-bottom-calligra-symbolic.svg
object-align-vertical-bottom-calligra.svg	/usr/share/icons/breeze-dark/actions/16/object-align-vertical-bottom-calligra.svg
object-align-vertical-bottom-top-calligra-symbolic.svg	/usr/share/icons/breeze-dark/actions/16/object-align-vertical-bottom-top-calligra-symbolic.svg
object-align-vertical-bottom-top-calligra.svg	/usr/share/icons/breeze-dark/actions/16/object-align-vertical-bottom-top-calligra.svg
object-align-vertical-center-calligra-symbolic.svg	/usr/share/icons/breeze-dark/actions/16/object-align-vertical-center-calligra-symbolic.svg
object-align-vertical-center-calligra.svg	/usr/share/icons/breeze-dark/actions/16/object-align-vertical-center-calligra.svg
object-align-vertical-top-calligra-symbolic.svg	/usr/share/icons/breeze-dark/actions/16/object-align-vertical-top-calligra-symbolic.svg
object-align-vertical-top-calligra.svg	/usr/share/icons/breeze-dark/actions/16/object-align-vertical-top-calligra.svg
object-columns-symbolic.svg	/usr/share/icons/breeze-dark/actions/16/object-columns-symbolic.svg
object-columns.svg	/usr/share/icons/breeze-dark/actions/16/object-columns.svg
object-fill-symbolic.svg	/usr/share/icons/breeze-dark/actions/16/object-fill-symbolic.svg
object-flip-horizontal.svg	/usr/share/icons/breeze-dark/actions/16/object-flip-horizontal.svg
object-flip-vertical.svg	/usr/share/icons/breeze-dark/actions/16/object-flip-vertical.svg
object-group-calligra-symbolic.svg	/usr/share/icons/breeze-dark/actions/16/object-group-calligra-symbolic.svg
object-group-calligra.svg	/usr/share/icons/breeze-dark/actions/16/object-group-calligra.svg
object-group-symbolic.svg	/usr/share/icons/breeze-dark/actions/16/object-group-symbolic.svg
object-group.svg	/usr/share/icons/breeze-dark/actions/16/object-group.svg
object-hidden-symbolic.svg	/usr/share/icons/breeze-dark/actions/16/object-hidden-symbolic.svg
object-hidden.svg	/usr/share/icons/breeze-dark/actions/16/object-hidden.svg
object-locked-symbolic.svg	/usr/share/icons/breeze-dark/actions/16/object-locked-symbolic.svg
object-locked.svg	/usr/share/icons/breeze-dark/actions/16/object-locked.svg
object-order-back-calligra-symbolic.svg	/usr/share/icons/breeze-dark/actions/16/object-order-back-calligra-symbolic.svg
object-order-back-calligra.svg	/usr/share/icons/breeze-dark/actions/16/object-order-back-calligra.svg
object-order-back-symbolic.svg	/usr/share/icons/breeze-dark/actions/16/object-order-back-symbolic.svg
object-order-back.svg	/usr/share/icons/breeze-dark/actions/16/object-order-back.svg
object-order-front-calligra-symbolic.svg	/usr/share/icons/breeze-dark/actions/16/object-order-front-calligra-symbolic.svg
object-order-front-calligra.svg	/usr/share/icons/breeze-dark/actions/16/object-order-front-calligra.svg
object-order-front-symbolic.svg	/usr/share/icons/breeze-dark/actions/16/object-order-front-symbolic.svg
object-order-front.svg	/usr/share/icons/breeze-dark/actions/16/object-order-front.svg
object-order-lower-calligra-symbolic.svg	/usr/share/icons/breeze-dark/actions/16/object-order-lower-calligra-symbolic.svg
object-order-lower-calligra.svg	/usr/share/icons/breeze-dark/actions/16/object-order-lower-calligra.svg
object-order-lower-symbolic.svg	/usr/share/icons/breeze-dark/actions/16/object-order-lower-symbolic.svg
object-order-lower.svg	/usr/share/icons/breeze-dark/actions/16/object-order-lower.svg
object-order-raise-calligra-symbolic.svg	/usr/share/icons/breeze-dark/actions/16/object-order-raise-calligra-symbolic.svg
object-order-raise-calligra.svg	/usr/share/icons/breeze-dark/actions/16/object-order-raise-calligra.svg
object-order-raise-symbolic.svg	/usr/share/icons/breeze-dark/actions/16/object-order-raise-symbolic.svg
object-order-raise.svg	/usr/share/icons/breeze-dark/actions/16/object-order-raise.svg
object-rotate-left.svg	/usr/share/icons/breeze-dark/actions/16/object-rotate-left.svg
object-rotate-right.svg	/usr/share/icons/breeze-dark/actions/16/object-rotate-right.svg
object-rows-symbolic.svg	/usr/share/icons/breeze-dark/actions/16/object-rows-symbolic.svg
object-rows.svg	/usr/share/icons/breeze-dark/actions/16/object-rows.svg
object-stroke-style-symbolic.svg	/usr/share/icons/breeze-dark/actions/16/object-stroke-style-symbolic.svg
object-stroke-symbolic.svg	/usr/share/icons/breeze-dark/actions/16/object-stroke-symbolic.svg
object-symbolic.svg	/usr/share/icons/breeze-dark/actions/16/object-symbolic.svg
object-to-path-symbolic.svg	/usr/share/icons/breeze-dark/actions/16/object-to-path-symbolic.svg
object-to-path.svg	/usr/share/icons/breeze-dark/actions/16/object-to-path.svg
object-ungroup-calligra-symbolic.svg	/usr/share/icons/breeze-dark/actions/16/object-ungroup-calligra-symbolic.svg
object-ungroup-calligra.svg	/usr/share/icons/breeze-dark/actions/16/object-ungroup-calligra.svg
object-ungroup-symbolic.svg	/usr/share/icons/breeze-dark/actions/16/object-ungroup-symbolic.svg
object-ungroup.svg	/usr/share/icons/breeze-dark/actions/16/object-ungroup.svg
object-unlocked-symbolic.svg	/usr/share/icons/breeze-dark/actions/16/object-unlocked-symbolic.svg
object-unlocked.svg	/usr/share/icons/breeze-dark/actions/16/object-unlocked.svg
object-visible-symbolic.svg	/usr/share/icons/breeze-dark/actions/16/object-visible-symbolic.svg
object-visible.svg	/usr/share/icons/breeze-dark/actions/16/object-visible.svg
object.svg	/usr/share/icons/breeze-dark/actions/16/object.svg
object_node-symbolic.svg	/usr/share/icons/breeze-dark/actions/16/object_node-symbolic.svg
object_node.svg	/usr/share/icons/breeze-dark/actions/16/object_node.svg
office-chart-area-focus-peak-node-symbolic.svg	/usr/share/icons/breeze-dark/actions/16/office-chart-area-focus-peak-node-symbolic.svg
office-chart-area-focus-peak-node.svg	/usr/share/icons/breeze-dark/actions/16/office-chart-area-focus-peak-node.svg
office-chart-area-percentage-symbolic.svg	/usr/share/icons/breeze-dark/actions/16/office-chart-area-percentage-symbolic.svg
office-chart-area-percentage.svg	/usr/share/icons/breeze-dark/actions/16/office-chart-area-percentage.svg
office-chart-area-stacked-symbolic.svg	/usr/share/icons/breeze-dark/actions/16/office-chart-area-stacked-symbolic.svg
office-chart-area-stacked.svg	/usr/share/icons/breeze-dark/actions/16/office-chart-area-stacked.svg
office-chart-area-symbolic.svg	/usr/share/icons/breeze-dark/actions/16/office-chart-area-symbolic.svg
office-chart-area.svg	/usr/share/icons/breeze-dark/actions/16/office-chart-area.svg
office-chart-bar-percentage-symbolic.svg	/usr/share/icons/breeze-dark/actions/16/office-chart-bar-percentage-symbolic.svg
office-chart-bar-percentage.svg	/usr/share/icons/breeze-dark/actions/16/office-chart-bar-percentage.svg
office-chart-bar-stacked-symbolic.svg	/usr/share/icons/breeze-dark/actions/16/office-chart-bar-stacked-symbolic.svg
office-chart-bar-stacked.svg	/usr/share/icons/breeze-dark/actions/16/office-chart-bar-stacked.svg
office-chart-bar-symbolic.svg	/usr/share/icons/breeze-dark/actions/16/office-chart-bar-symbolic.svg
office-chart-bar.svg	/usr/share/icons/breeze-dark/actions/16/office-chart-bar.svg
office-chart-line-forecast-symbolic.svg	/usr/share/icons/breeze-dark/actions/16/office-chart-line-forecast-symbolic.svg
office-chart-line-forecast.svg	/usr/share/icons/breeze-dark/actions/16/office-chart-line-forecast.svg
office-chart-line-percentage-symbolic.svg	/usr/share/icons/breeze-dark/actions/16/office-chart-line-percentage-symbolic.svg
office-chart-line-percentage.svg	/usr/share/icons/breeze-dark/actions/16/office-chart-line-percentage.svg
office-chart-line-stacked-symbolic.svg	/usr/share/icons/breeze-dark/actions/16/office-chart-line-stacked-symbolic.svg
office-chart-line-stacked.svg	/usr/share/icons/breeze-dark/actions/16/office-chart-line-stacked.svg
office-chart-line-symbolic.svg	/usr/share/icons/breeze-dark/actions/16/office-chart-line-symbolic.svg
office-chart-line.svg	/usr/share/icons/breeze-dark/actions/16/office-chart-line.svg
office-chart-pie-symbolic.svg	/usr/share/icons/breeze-dark/actions/16/office-chart-pie-symbolic.svg
office-chart-pie.svg	/usr/share/icons/breeze-dark/actions/16/office-chart-pie.svg
office-chart-polar-stacked-symbolic.svg	/usr/share/icons/breeze-dark/actions/16/office-chart-polar-stacked-symbolic.svg
office-chart-polar-stacked.svg	/usr/share/icons/breeze-dark/actions/16/office-chart-polar-stacked.svg
office-chart-polar-symbolic.svg	/usr/share/icons/breeze-dark/actions/16/office-chart-polar-symbolic.svg
office-chart-polar.svg	/usr/share/icons/breeze-dark/actions/16/office-chart-polar.svg
office-chart-ring-symbolic.svg	/usr/share/icons/breeze-dark/actions/16/office-chart-ring-symbolic.svg
office-chart-ring.svg	/usr/share/icons/breeze-dark/actions/16/office-chart-ring.svg
office-chart-scatter-symbolic.svg	/usr/share/icons/breeze-dark/actions/16/office-chart-scatter-symbolic.svg
office-chart-scatter.svg	/usr/share/icons/breeze-dark/actions/16/office-chart-scatter.svg
office-report-symbolic.svg	/usr/share/icons/breeze-dark/actions/16/office-report-symbolic.svg
office-report.svg	/usr/share/icons/breeze-dark/actions/16/office-report.svg
offline-settings-symbolic.svg	/usr/share/icons/breeze-dark/actions/16/offline-settings-symbolic.svg
offline-settings.svg	/usr/share/icons/breeze-dark/actions/16/offline-settings.svg
offline-symbolic.svg	/usr/share/icons/breeze-dark/actions/16/offline-symbolic.svg
offline.svg	/usr/share/icons/breeze-dark/actions/16/offline.svg
online-symbolic.svg	/usr/share/icons/breeze-dark/actions/16/online-symbolic.svg
online.svg	/usr/share/icons/breeze-dark/actions/16/online.svg
open-for-editing-symbolic.svg	/usr/share/icons/breeze-dark/actions/16/open-for-editing-symbolic.svg
open-for-editing.svg	/usr/share/icons/breeze-dark/actions/16/open-for-editing.svg
open-link-rtl.svg	/usr/share/icons/breeze-dark/actions/16/open-link-rtl.svg
open-link-symbolic-rtl.svg	/usr/share/icons/breeze-dark/actions/16/open-link-symbolic-rtl.svg
output_win-symbolic.svg	/usr/share/icons/breeze-dark/actions/16/output_win-symbolic.svg
output_win.svg	/usr/share/icons/breeze-dark/actions/16/output_win.svg
overflow-menu-symbolic.svg	/usr/share/icons/breeze-dark/actions/16/overflow-menu-symbolic.svg
overflow-menu.svg	/usr/share/icons/breeze-dark/actions/16/overflow-menu.svg
package-symbolic.svg	/usr/share/icons/breeze-dark/actions/16/package-symbolic.svg
package.svg	/usr/share/icons/breeze-dark/actions/16/package.svg
page-2sides-symbolic.svg	/usr/share/icons/breeze-dark/actions/16/page-2sides-symbolic.svg
page-2sides.svg	/usr/share/icons/breeze-dark/actions/16/page-2sides.svg
page-3sides-symbolic.svg	/usr/share/icons/breeze-dark/actions/16/page-3sides-symbolic.svg
page-3sides.svg	/usr/share/icons/breeze-dark/actions/16/page-3sides.svg
page-4sides-symbolic.svg	/usr/share/icons/breeze-dark/actions/16/page-4sides-symbolic.svg
page-4sides.svg	/usr/share/icons/breeze-dark/actions/16/page-4sides.svg
page-simple-symbolic.svg	/usr/share/icons/breeze-dark/actions/16/page-simple-symbolic.svg
page-simple.svg	/usr/share/icons/breeze-dark/actions/16/page-simple.svg
page-zoom-symbolic.svg	/usr/share/icons/breeze-dark/actions/16/page-zoom-symbolic.svg
page-zoom.svg	/usr/share/icons/breeze-dark/actions/16/page-zoom.svg
paint-gradient-conic-symbolic.svg	/usr/share/icons/breeze-dark/actions/16/paint-gradient-conic-symbolic.svg
paint-gradient-conic.svg	/usr/share/icons/breeze-dark/actions/16/paint-gradient-conic.svg
paint-gradient-linear-symbolic.svg	/usr/share/icons/breeze-dark/actions/16/paint-gradient-linear-symbolic.svg
paint-gradient-linear.svg	/usr/share/icons/breeze-dark/actions/16/paint-gradient-linear.svg
paint-gradient-radial-symbolic.svg	/usr/share/icons/breeze-dark/actions/16/paint-gradient-radial-symbolic.svg
paint-gradient-radial.svg	/usr/share/icons/breeze-dark/actions/16/paint-gradient-radial.svg
paint-none-symbolic.svg	/usr/share/icons/breeze-dark/actions/16/paint-none-symbolic.svg
paint-none.svg	/usr/share/icons/breeze-dark/actions/16/paint-none.svg
paint-pattern-symbolic.svg	/usr/share/icons/breeze-dark/actions/16/paint-pattern-symbolic.svg
paint-pattern.svg	/usr/share/icons/breeze-dark/actions/16/paint-pattern.svg
paint-solid-symbolic.svg	/usr/share/icons/breeze-dark/actions/16/paint-solid-symbolic.svg
paint-solid.svg	/usr/share/icons/breeze-dark/actions/16/paint-solid.svg
paint-swatch-symbolic.svg	/usr/share/icons/breeze-dark/actions/16/paint-swatch-symbolic.svg
paint-swatch.svg	/usr/share/icons/breeze-dark/actions/16/paint-swatch.svg
paint-unknown-symbolic.svg	/usr/share/icons/breeze-dark/actions/16/paint-unknown-symbolic.svg
paint-unknown.svg	/usr/share/icons/breeze-dark/actions/16/paint-unknown.svg
palette-symbolic.svg	/usr/share/icons/breeze-dark/actions/16/palette-symbolic.svg
panel-fit-height.svg	/usr/share/icons/breeze-dark/actions/16/panel-fit-height.svg
panel-fit-width.svg	/usr/share/icons/breeze-dark/actions/16/panel-fit-width.svg
paper-color-symbolic.svg	/usr/share/icons/breeze-dark/actions/16/paper-color-symbolic.svg
paper-color.svg	/usr/share/icons/breeze-dark/actions/16/paper-color.svg
password-copy-symbolic.svg	/usr/share/icons/breeze-dark/actions/16/password-copy-symbolic.svg
password-copy.svg	/usr/share/icons/breeze-dark/actions/16/password-copy.svg
password-generate-symbolic.svg	/usr/share/icons/breeze-dark/actions/16/password-generate-symbolic.svg
password-generate.svg	/usr/share/icons/breeze-dark/actions/16/password-generate.svg
password-show-off-symbolic.svg	/usr/share/icons/breeze-dark/actions/16/password-show-off-symbolic.svg
password-show-off.svg	/usr/share/icons/breeze-dark/actions/16/password-show-off.svg
password-show-on-symbolic.svg	/usr/share/icons/breeze-dark/actions/16/password-show-on-symbolic.svg
password-show-on.svg	/usr/share/icons/breeze-dark/actions/16/password-show-on.svg
path-break-apart-symbolic.svg	/usr/share/icons/breeze-dark/actions/16/path-break-apart-symbolic.svg
path-break-apart.svg	/usr/share/icons/breeze-dark/actions/16/path-break-apart.svg
path-clip-edit-symbolic.svg	/usr/share/icons/breeze-dark/actions/16/path-clip-edit-symbolic.svg
path-clip-edit.svg	/usr/share/icons/breeze-dark/actions/16/path-clip-edit.svg
path-combine-symbolic.svg	/usr/share/icons/breeze-dark/actions/16/path-combine-symbolic.svg
path-combine.svg	/usr/share/icons/breeze-dark/actions/16/path-combine.svg
path-cut-symbolic.svg	/usr/share/icons/breeze-dark/actions/16/path-cut-symbolic.svg
path-cut.svg	/usr/share/icons/breeze-dark/actions/16/path-cut.svg
path-difference-symbolic.svg	/usr/share/icons/breeze-dark/actions/16/path-difference-symbolic.svg
path-difference.svg	/usr/share/icons/breeze-dark/actions/16/path-difference.svg
path-division-symbolic.svg	/usr/share/icons/breeze-dark/actions/16/path-division-symbolic.svg
path-division.svg	/usr/share/icons/breeze-dark/actions/16/path-division.svg
path-effect-parameter-next-symbolic.svg	/usr/share/icons/breeze-dark/actions/16/path-effect-parameter-next-symbolic.svg
path-effect-parameter-next.svg	/usr/share/icons/breeze-dark/actions/16/path-effect-parameter-next.svg
path-exclusion-symbolic.svg	/usr/share/icons/breeze-dark/actions/16/path-exclusion-symbolic.svg
path-exclusion.svg	/usr/share/icons/breeze-dark/actions/16/path-exclusion.svg
path-inset-symbolic.svg	/usr/share/icons/breeze-dark/actions/16/path-inset-symbolic.svg
path-inset.svg	/usr/share/icons/breeze-dark/actions/16/path-inset.svg
path-intersection-symbolic.svg	/usr/share/icons/breeze-dark/actions/16/path-intersection-symbolic.svg
path-intersection.svg	/usr/share/icons/breeze-dark/actions/16/path-intersection.svg
path-mask-edit-symbolic.svg	/usr/share/icons/breeze-dark/actions/16/path-mask-edit-symbolic.svg
path-mask-edit.svg	/usr/share/icons/breeze-dark/actions/16/path-mask-edit.svg
path-mode-bezier-symbolic.svg	/usr/share/icons/breeze-dark/actions/16/path-mode-bezier-symbolic.svg
path-mode-bezier.svg	/usr/share/icons/breeze-dark/actions/16/path-mode-bezier.svg
path-mode-polyline-paraxial-symbolic.svg	/usr/share/icons/breeze-dark/actions/16/path-mode-polyline-paraxial-symbolic.svg
path-mode-polyline-paraxial.svg	/usr/share/icons/breeze-dark/actions/16/path-mode-polyline-paraxial.svg
path-mode-polyline-symbolic.svg	/usr/share/icons/breeze-dark/actions/16/path-mode-polyline-symbolic.svg
path-mode-polyline.svg	/usr/share/icons/breeze-dark/actions/16/path-mode-polyline.svg
path-mode-spiro-symbolic.svg	/usr/share/icons/breeze-dark/actions/16/path-mode-spiro-symbolic.svg
path-mode-spiro.svg	/usr/share/icons/breeze-dark/actions/16/path-mode-spiro.svg
path-offset-dynamic-symbolic.svg	/usr/share/icons/breeze-dark/actions/16/path-offset-dynamic-symbolic.svg
path-offset-dynamic.svg	/usr/share/icons/breeze-dark/actions/16/path-offset-dynamic.svg
path-offset-linked-symbolic.svg	/usr/share/icons/breeze-dark/actions/16/path-offset-linked-symbolic.svg
path-offset-linked.svg	/usr/share/icons/breeze-dark/actions/16/path-offset-linked.svg
path-outset-symbolic.svg	/usr/share/icons/breeze-dark/actions/16/path-outset-symbolic.svg
path-outset.svg	/usr/share/icons/breeze-dark/actions/16/path-outset.svg
path-reverse-symbolic.svg	/usr/share/icons/breeze-dark/actions/16/path-reverse-symbolic.svg
path-reverse.svg	/usr/share/icons/breeze-dark/actions/16/path-reverse.svg
path-simplify-symbolic.svg	/usr/share/icons/breeze-dark/actions/16/path-simplify-symbolic.svg
path-simplify.svg	/usr/share/icons/breeze-dark/actions/16/path-simplify.svg
path-union-symbolic.svg	/usr/share/icons/breeze-dark/actions/16/path-union-symbolic.svg
path-union.svg	/usr/share/icons/breeze-dark/actions/16/path-union.svg
pattern-symbolic.svg	/usr/share/icons/breeze-dark/actions/16/pattern-symbolic.svg
pattern.svg	/usr/share/icons/breeze-dark/actions/16/pattern.svg
pdf-annotations-symbolic.svg	/usr/share/icons/breeze-dark/actions/16/pdf-annotations-symbolic.svg
pdf-annotations.svg	/usr/share/icons/breeze-dark/actions/16/pdf-annotations.svg
pdflatex-symbolic.svg	/usr/share/icons/breeze-dark/actions/16/pdflatex-symbolic.svg
pdflatex.svg	/usr/share/icons/breeze-dark/actions/16/pdflatex.svg
pdftex-symbolic.svg	/usr/share/icons/breeze-dark/actions/16/pdftex-symbolic.svg
pdftex.svg	/usr/share/icons/breeze-dark/actions/16/pdftex.svg
pentagon-shape-symbolic.svg	/usr/share/icons/breeze-dark/actions/16/pentagon-shape-symbolic.svg
pentagon-shape.svg	/usr/share/icons/breeze-dark/actions/16/pentagon-shape.svg
photo-symbolic.svg	/usr/share/icons/breeze-dark/actions/16/photo-symbolic.svg
photo.svg	/usr/share/icons/breeze-dark/actions/16/photo.svg
photos-amarok-symbolic.svg	/usr/share/icons/breeze-dark/actions/16/photos-amarok-symbolic.svg
photos-amarok.svg	/usr/share/icons/breeze-dark/actions/16/photos-amarok.svg
pin-symbolic.svg	/usr/share/icons/breeze-dark/actions/16/pin-symbolic.svg
pin.svg	/usr/share/icons/breeze-dark/actions/16/pin.svg
pixelart-trace-symbolic.svg	/usr/share/icons/breeze-dark/actions/16/pixelart-trace-symbolic.svg
pixelart-trace.svg	/usr/share/icons/breeze-dark/actions/16/pixelart-trace.svg
pixelate-symbolic.svg	/usr/share/icons/breeze-dark/actions/16/pixelate-symbolic.svg
pixelate.svg	/usr/share/icons/breeze-dark/actions/16/pixelate.svg
player-time-symbolic.svg	/usr/share/icons/breeze-dark/actions/16/player-time-symbolic.svg
player-time.svg	/usr/share/icons/breeze-dark/actions/16/player-time.svg
player-volume-muted-symbolic.svg	/usr/share/icons/breeze-dark/actions/16/player-volume-muted-symbolic.svg
player-volume-muted.svg	/usr/share/icons/breeze-dark/actions/16/player-volume-muted.svg
player-volume-symbolic.svg	/usr/share/icons/breeze-dark/actions/16/player-volume-symbolic.svg
player-volume.svg	/usr/share/icons/breeze-dark/actions/16/player-volume.svg
playlist-generator-symbolic.svg	/usr/share/icons/breeze-dark/actions/16/playlist-generator-symbolic.svg
playlist-generator.svg	/usr/share/icons/breeze-dark/actions/16/playlist-generator.svg
playlist-sort-symbolic.svg	/usr/share/icons/breeze-dark/actions/16/playlist-sort-symbolic.svg
playlist-sort.svg	/usr/share/icons/breeze-dark/actions/16/playlist-sort.svg
plugins-symbolic.svg	/usr/share/icons/breeze-dark/actions/16/plugins-symbolic.svg
plugins.svg	/usr/share/icons/breeze-dark/actions/16/plugins.svg
pointer-symbolic.svg	/usr/share/icons/breeze-dark/actions/16/pointer-symbolic.svg
pointer.svg	/usr/share/icons/breeze-dark/actions/16/pointer.svg
polygon-add-nodes-symbolic.svg	/usr/share/icons/breeze-dark/actions/16/polygon-add-nodes-symbolic.svg
polygon-add-nodes.svg	/usr/share/icons/breeze-dark/actions/16/polygon-add-nodes.svg
polygon-merge-nodes-symbolic.svg	/usr/share/icons/breeze-dark/actions/16/polygon-merge-nodes-symbolic.svg
polygon-merge-nodes.svg	/usr/share/icons/breeze-dark/actions/16/polygon-merge-nodes.svg
port-symbolic.svg	/usr/share/icons/breeze-dark/actions/16/port-symbolic.svg
port.svg	/usr/share/icons/breeze-dark/actions/16/port.svg
postalcode-symbolic.svg	/usr/share/icons/breeze-dark/actions/16/postalcode-symbolic.svg
postalcode.svg	/usr/share/icons/breeze-dark/actions/16/postalcode.svg
practice-setup-symbolic.svg	/usr/share/icons/breeze-dark/actions/16/practice-setup-symbolic.svg
practice-setup.svg	/usr/share/icons/breeze-dark/actions/16/practice-setup.svg
practice-start-symbolic.svg	/usr/share/icons/breeze-dark/actions/16/practice-start-symbolic.svg
practice-start.svg	/usr/share/icons/breeze-dark/actions/16/practice-start.svg
practice-stop-symbolic.svg	/usr/share/icons/breeze-dark/actions/16/practice-stop-symbolic.svg
practice-stop.svg	/usr/share/icons/breeze-dark/actions/16/practice-stop.svg
precondition-symbolic.svg	/usr/share/icons/breeze-dark/actions/16/precondition-symbolic.svg
precondition.svg	/usr/share/icons/breeze-dark/actions/16/precondition.svg
preferences-indicator-amarok-symbolic.svg	/usr/share/icons/breeze-dark/actions/16/preferences-indicator-amarok-symbolic.svg
preferences-indicator-amarok.svg	/usr/share/icons/breeze-dark/actions/16/preferences-indicator-amarok.svg
preferences-media-playback-amarok-symbolic.svg	/usr/share/icons/breeze-dark/actions/16/preferences-media-playback-amarok-symbolic.svg
preferences-media-playback-amarok.svg	/usr/share/icons/breeze-dark/actions/16/preferences-media-playback-amarok.svg
preferences-other.svg	/usr/share/icons/breeze-dark/actions/16/preferences-other.svg
presence_away-symbolic.svg	/usr/share/icons/breeze-dark/actions/16/presence_away-symbolic.svg
presence_away.svg	/usr/share/icons/breeze-dark/actions/16/presence_away.svg
presence_offline-symbolic.svg	/usr/share/icons/breeze-dark/actions/16/presence_offline-symbolic.svg
presence_offline.svg	/usr/share/icons/breeze-dark/actions/16/presence_offline.svg
presence_online-symbolic.svg	/usr/share/icons/breeze-dark/actions/16/presence_online-symbolic.svg
presence_online.svg	/usr/share/icons/breeze-dark/actions/16/presence_online.svg
presence_unknown-symbolic.svg	/usr/share/icons/breeze-dark/actions/16/presence_unknown-symbolic.svg
presence_unknown.svg	/usr/share/icons/breeze-dark/actions/16/presence_unknown.svg
preview-symbolic.svg	/usr/share/icons/breeze-dark/actions/16/preview-symbolic.svg
preview.svg	/usr/share/icons/breeze-dark/actions/16/preview.svg
preview_math-symbolic.svg	/usr/share/icons/breeze-dark/actions/16/preview_math-symbolic.svg
preview_math.svg	/usr/share/icons/breeze-dark/actions/16/preview_math.svg
preview_sel-symbolic.svg	/usr/share/icons/breeze-dark/actions/16/preview_sel-symbolic.svg
preview_sel.svg	/usr/share/icons/breeze-dark/actions/16/preview_sel.svg
primarykey_constraint-symbolic.svg	/usr/share/icons/breeze-dark/actions/16/primarykey_constraint-symbolic.svg
primarykey_constraint.svg	/usr/share/icons/breeze-dark/actions/16/primarykey_constraint.svg
process-stop.svg	/usr/share/icons/breeze-dark/actions/16/process-stop.svg
project-development-close-all-symbolic.svg	/usr/share/icons/breeze-dark/actions/16/project-development-close-all-symbolic.svg
project-development-close-all.svg	/usr/share/icons/breeze-dark/actions/16/project-development-close-all.svg
project-development-close-symbolic.svg	/usr/share/icons/breeze-dark/actions/16/project-development-close-symbolic.svg
project-development-close.svg	/usr/share/icons/breeze-dark/actions/16/project-development-close.svg
project-development-new-template-symbolic.svg	/usr/share/icons/breeze-dark/actions/16/project-development-new-template-symbolic.svg
project-development-new-template.svg	/usr/share/icons/breeze-dark/actions/16/project-development-new-template.svg
project-development-symbolic.svg	/usr/share/icons/breeze-dark/actions/16/project-development-symbolic.svg
project-development.svg	/usr/share/icons/breeze-dark/actions/16/project-development.svg
project-open-symbolic.svg	/usr/share/icons/breeze-dark/actions/16/project-open-symbolic.svg
project-open.svg	/usr/share/icons/breeze-dark/actions/16/project-open.svg
project_add-symbolic.svg	/usr/share/icons/breeze-dark/actions/16/project_add-symbolic.svg
project_add.svg	/usr/share/icons/breeze-dark/actions/16/project_add.svg
project_archive-symbolic.svg	/usr/share/icons/breeze-dark/actions/16/project_archive-symbolic.svg
project_archive.svg	/usr/share/icons/breeze-dark/actions/16/project_archive.svg
project_rebuild-symbolic.svg	/usr/share/icons/breeze-dark/actions/16/project_rebuild-symbolic.svg
project_rebuild.svg	/usr/share/icons/breeze-dark/actions/16/project_rebuild.svg
project_remove-symbolic.svg	/usr/share/icons/breeze-dark/actions/16/project_remove-symbolic.svg
project_remove.svg	/usr/share/icons/breeze-dark/actions/16/project_remove.svg
project_show-symbolic.svg	/usr/share/icons/breeze-dark/actions/16/project_show-symbolic.svg
project_show.svg	/usr/share/icons/breeze-dark/actions/16/project_show.svg
projectgrep-symbolic.svg	/usr/share/icons/breeze-dark/actions/16/projectgrep-symbolic.svg
projectgrep.svg	/usr/share/icons/breeze-dark/actions/16/projectgrep.svg
ps2pdf-symbolic.svg	/usr/share/icons/breeze-dark/actions/16/ps2pdf-symbolic.svg
ps2pdf.svg	/usr/share/icons/breeze-dark/actions/16/ps2pdf.svg
qa-symbolic.svg	/usr/share/icons/breeze-dark/actions/16/qa-symbolic.svg
qa.svg	/usr/share/icons/breeze-dark/actions/16/qa.svg
quick-symbolic.svg	/usr/share/icons/breeze-dark/actions/16/quick-symbolic.svg
quick.svg	/usr/share/icons/breeze-dark/actions/16/quick.svg
quickopen-class-symbolic.svg	/usr/share/icons/breeze-dark/actions/16/quickopen-class-symbolic.svg
quickopen-class.svg	/usr/share/icons/breeze-dark/actions/16/quickopen-class.svg
quickopen-file-symbolic.svg	/usr/share/icons/breeze-dark/actions/16/quickopen-file-symbolic.svg
quickopen-file.svg	/usr/share/icons/breeze-dark/actions/16/quickopen-file.svg
quickopen-function-symbolic.svg	/usr/share/icons/breeze-dark/actions/16/quickopen-function-symbolic.svg
quickopen-function.svg	/usr/share/icons/breeze-dark/actions/16/quickopen-function.svg
quickopen-symbolic.svg	/usr/share/icons/breeze-dark/actions/16/quickopen-symbolic.svg
quickopen.svg	/usr/share/icons/breeze-dark/actions/16/quickopen.svg
quickview-symbolic.svg	/usr/share/icons/breeze-dark/actions/16/quickview-symbolic.svg
quickview.svg	/usr/share/icons/breeze-dark/actions/16/quickview.svg
quickwizard-symbolic.svg	/usr/share/icons/breeze-dark/actions/16/quickwizard-symbolic.svg
quickwizard.svg	/usr/share/icons/breeze-dark/actions/16/quickwizard.svg
randomize-symbolic.svg	/usr/share/icons/breeze-dark/actions/16/randomize-symbolic.svg
randomize.svg	/usr/share/icons/breeze-dark/actions/16/randomize.svg
ratiocrop-symbolic.svg	/usr/share/icons/breeze-dark/actions/16/ratiocrop-symbolic.svg
ratiocrop.svg	/usr/share/icons/breeze-dark/actions/16/ratiocrop.svg
realization-symbolic.svg	/usr/share/icons/breeze-dark/actions/16/realization-symbolic.svg
realization.svg	/usr/share/icons/breeze-dark/actions/16/realization.svg
rectangle-make-corners-sharp-symbolic.svg	/usr/share/icons/breeze-dark/actions/16/rectangle-make-corners-sharp-symbolic.svg
rectangle-make-corners-sharp.svg	/usr/share/icons/breeze-dark/actions/16/rectangle-make-corners-sharp.svg
rectangle-shape-symbolic.svg	/usr/share/icons/breeze-dark/actions/16/rectangle-shape-symbolic.svg
rectangle-shape.svg	/usr/share/icons/breeze-dark/actions/16/rectangle-shape.svg
redeyes-symbolic.svg	/usr/share/icons/breeze-dark/actions/16/redeyes-symbolic.svg
redeyes.svg	/usr/share/icons/breeze-dark/actions/16/redeyes.svg
refactor-symbolic.svg	/usr/share/icons/breeze-dark/actions/16/refactor-symbolic.svg
refactor.svg	/usr/share/icons/breeze-dark/actions/16/refactor.svg
refreshstructure-symbolic.svg	/usr/share/icons/breeze-dark/actions/16/refreshstructure-symbolic.svg
refreshstructure.svg	/usr/share/icons/breeze-dark/actions/16/refreshstructure.svg
region-symbolic.svg	/usr/share/icons/breeze-dark/actions/16/region-symbolic.svg
region.svg	/usr/share/icons/breeze-dark/actions/16/region.svg
relation-symbolic.svg	/usr/share/icons/breeze-dark/actions/16/relation-symbolic.svg
relation.svg	/usr/share/icons/breeze-dark/actions/16/relation.svg
relationship-symbolic.svg	/usr/share/icons/breeze-dark/actions/16/relationship-symbolic.svg
relationship.svg	/usr/share/icons/breeze-dark/actions/16/relationship.svg
remove-amarok-symbolic.svg	/usr/share/icons/breeze-dark/actions/16/remove-amarok-symbolic.svg
remove-amarok.svg	/usr/share/icons/breeze-dark/actions/16/remove-amarok.svg
remove-link-symbolic.svg	/usr/share/icons/breeze-dark/actions/16/remove-link-symbolic.svg
remove-link.svg	/usr/share/icons/breeze-dark/actions/16/remove-link.svg
remove-symbolic.svg	/usr/share/icons/breeze-dark/actions/16/remove-symbolic.svg
remove.svg	/usr/share/icons/breeze-dark/actions/16/remove.svg
removecell-symbolic.svg	/usr/share/icons/breeze-dark/actions/16/removecell-symbolic.svg
removecell.svg	/usr/share/icons/breeze-dark/actions/16/removecell.svg
repeat-symbolic.svg	/usr/share/icons/breeze-dark/actions/16/repeat-symbolic.svg
repeat.svg	/usr/share/icons/breeze-dark/actions/16/repeat.svg
resizecol-symbolic.svg	/usr/share/icons/breeze-dark/actions/16/resizecol-symbolic.svg
resizecol.svg	/usr/share/icons/breeze-dark/actions/16/resizecol.svg
resizerow-symbolic.svg	/usr/share/icons/breeze-dark/actions/16/resizerow-symbolic.svg
resizerow.svg	/usr/share/icons/breeze-dark/actions/16/resizerow.svg
resource-calendar-child-insert-symbolic.svg	/usr/share/icons/breeze-dark/actions/16/resource-calendar-child-insert-symbolic.svg
resource-calendar-child-insert.svg	/usr/share/icons/breeze-dark/actions/16/resource-calendar-child-insert.svg
resource-calendar-child-symbolic.svg	/usr/share/icons/breeze-dark/actions/16/resource-calendar-child-symbolic.svg
resource-calendar-child.svg	/usr/share/icons/breeze-dark/actions/16/resource-calendar-child.svg
resource-calendar-insert-symbolic.svg	/usr/share/icons/breeze-dark/actions/16/resource-calendar-insert-symbolic.svg
resource-calendar-insert.svg	/usr/share/icons/breeze-dark/actions/16/resource-calendar-insert.svg
resource-group-new-symbolic.svg	/usr/share/icons/breeze-dark/actions/16/resource-group-new-symbolic.svg
resource-group-new.svg	/usr/share/icons/breeze-dark/actions/16/resource-group-new.svg
resource-group-symbolic.svg	/usr/share/icons/breeze-dark/actions/16/resource-group-symbolic.svg
resource-group.svg	/usr/share/icons/breeze-dark/actions/16/resource-group.svg
restoration-symbolic.svg	/usr/share/icons/breeze-dark/actions/16/restoration-symbolic.svg
restoration.svg	/usr/share/icons/breeze-dark/actions/16/restoration.svg
retweet-symbolic.svg	/usr/share/icons/breeze-dark/actions/16/retweet-symbolic.svg
retweet.svg	/usr/share/icons/breeze-dark/actions/16/retweet.svg
reverse-symbolic.svg	/usr/share/icons/breeze-dark/actions/16/reverse-symbolic.svg
reverse.svg	/usr/share/icons/breeze-dark/actions/16/reverse.svg
roll-symbolic.svg	/usr/share/icons/breeze-dark/actions/16/roll-symbolic.svg
roll.svg	/usr/share/icons/breeze-dark/actions/16/roll.svg
routeplanning-symbolic.svg	/usr/share/icons/breeze-dark/actions/16/routeplanning-symbolic.svg
routeplanning.svg	/usr/share/icons/breeze-dark/actions/16/routeplanning.svg
run-build-clean-symbolic.svg	/usr/share/icons/breeze-dark/actions/16/run-build-clean-symbolic.svg
run-build-clean.svg	/usr/share/icons/breeze-dark/actions/16/run-build-clean.svg
run-build-configure-symbolic.svg	/usr/share/icons/breeze-dark/actions/16/run-build-configure-symbolic.svg
run-build-configure.svg	/usr/share/icons/breeze-dark/actions/16/run-build-configure.svg
run-build-file-symbolic.svg	/usr/share/icons/breeze-dark/actions/16/run-build-file-symbolic.svg
run-build-file.svg	/usr/share/icons/breeze-dark/actions/16/run-build-file.svg
run-build-install-root-symbolic.svg	/usr/share/icons/breeze-dark/actions/16/run-build-install-root-symbolic.svg
run-build-install-root.svg	/usr/share/icons/breeze-dark/actions/16/run-build-install-root.svg
run-build-install-symbolic.svg	/usr/share/icons/breeze-dark/actions/16/run-build-install-symbolic.svg
run-build-install.svg	/usr/share/icons/breeze-dark/actions/16/run-build-install.svg
run-build-prune-symbolic.svg	/usr/share/icons/breeze-dark/actions/16/run-build-prune-symbolic.svg
run-build-prune.svg	/usr/share/icons/breeze-dark/actions/16/run-build-prune.svg
run-build-symbolic.svg	/usr/share/icons/breeze-dark/actions/16/run-build-symbolic.svg
run-build.svg	/usr/share/icons/breeze-dark/actions/16/run-build.svg
run-clean-symbolic.svg	/usr/share/icons/breeze-dark/actions/16/run-clean-symbolic.svg
run-clean.svg	/usr/share/icons/breeze-dark/actions/16/run-clean.svg
run-install-symbolic.svg	/usr/share/icons/breeze-dark/actions/16/run-install-symbolic.svg
run-install.svg	/usr/share/icons/breeze-dark/actions/16/run-install.svg
scriptnew-symbolic.svg	/usr/share/icons/breeze-dark/actions/16/scriptnew-symbolic.svg
scriptnew.svg	/usr/share/icons/breeze-dark/actions/16/scriptnew.svg
scriptopen-symbolic.svg	/usr/share/icons/breeze-dark/actions/16/scriptopen-symbolic.svg
scriptopen.svg	/usr/share/icons/breeze-dark/actions/16/scriptopen.svg
search-symbolic.svg	/usr/share/icons/breeze-dark/actions/16/search-symbolic.svg
search.svg	/usr/share/icons/breeze-dark/actions/16/search.svg
select-rectangular-symbolic.svg	/usr/share/icons/breeze-dark/actions/16/select-rectangular-symbolic.svg
select-rectangular.svg	/usr/share/icons/breeze-dark/actions/16/select-rectangular.svg
select-symbolic.svg	/usr/share/icons/breeze-dark/actions/16/select-symbolic.svg
select.svg	/usr/share/icons/breeze-dark/actions/16/select.svg
selection-bottom-symbolic.svg	/usr/share/icons/breeze-dark/actions/16/selection-bottom-symbolic.svg
selection-bottom.svg	/usr/share/icons/breeze-dark/actions/16/selection-bottom.svg
selection-lower-symbolic.svg	/usr/share/icons/breeze-dark/actions/16/selection-lower-symbolic.svg
selection-lower.svg	/usr/share/icons/breeze-dark/actions/16/selection-lower.svg
selection-make-bitmap-copy-symbolic.svg	/usr/share/icons/breeze-dark/actions/16/selection-make-bitmap-copy-symbolic.svg
selection-make-bitmap-copy.svg	/usr/share/icons/breeze-dark/actions/16/selection-make-bitmap-copy.svg
selection-move-to-layer-above-symbolic.svg	/usr/share/icons/breeze-dark/actions/16/selection-move-to-layer-above-symbolic.svg
selection-move-to-layer-above.svg	/usr/share/icons/breeze-dark/actions/16/selection-move-to-layer-above.svg
selection-move-to-layer-below-symbolic.svg	/usr/share/icons/breeze-dark/actions/16/selection-move-to-layer-below-symbolic.svg
selection-move-to-layer-below.svg	/usr/share/icons/breeze-dark/actions/16/selection-move-to-layer-below.svg
selection-raise-symbolic.svg	/usr/share/icons/breeze-dark/actions/16/selection-raise-symbolic.svg
selection-raise.svg	/usr/share/icons/breeze-dark/actions/16/selection-raise.svg
selection-symbolic.svg	/usr/share/icons/breeze-dark/actions/16/selection-symbolic.svg
selection-top-symbolic.svg	/usr/share/icons/breeze-dark/actions/16/selection-top-symbolic.svg
selection-top.svg	/usr/share/icons/breeze-dark/actions/16/selection-top.svg
selection.svg	/usr/share/icons/breeze-dark/actions/16/selection.svg
send_signal-symbolic.svg	/usr/share/icons/breeze-dark/actions/16/send_signal-symbolic.svg
send_signal.svg	/usr/share/icons/breeze-dark/actions/16/send_signal.svg
services-symbolic.svg	/usr/share/icons/breeze-dark/actions/16/services-symbolic.svg
services.svg	/usr/share/icons/breeze-dark/actions/16/services.svg
set-language-symbolic.svg	/usr/share/icons/breeze-dark/actions/16/set-language-symbolic.svg
set-language.svg	/usr/share/icons/breeze-dark/actions/16/set-language.svg
settings-configure-symbolic.svg	/usr/share/icons/breeze-dark/actions/16/settings-configure-symbolic.svg
settings-configure.svg	/usr/share/icons/breeze-dark/actions/16/settings-configure.svg
shallow-history-symbolic.svg	/usr/share/icons/breeze-dark/actions/16/shallow-history-symbolic.svg
shallow-history.svg	/usr/share/icons/breeze-dark/actions/16/shallow-history.svg
shape-choose-symbolic.svg	/usr/share/icons/breeze-dark/actions/16/shape-choose-symbolic.svg
shape-choose.svg	/usr/share/icons/breeze-dark/actions/16/shape-choose.svg
shape-cuboid-symbolic.svg	/usr/share/icons/breeze-dark/actions/16/shape-cuboid-symbolic.svg
shape-cuboid.svg	/usr/share/icons/breeze-dark/actions/16/shape-cuboid.svg
shapes-symbolic.svg	/usr/share/icons/breeze-dark/actions/16/shapes-symbolic.svg
shapes.svg	/usr/share/icons/breeze-dark/actions/16/shapes.svg
shear-symbolic.svg	/usr/share/icons/breeze-dark/actions/16/shear-symbolic.svg
shear.svg	/usr/share/icons/breeze-dark/actions/16/shear.svg
show-background.svg	/usr/share/icons/breeze-dark/actions/16/show-background.svg
show-dialogs-symbolic.svg	/usr/share/icons/breeze-dark/actions/16/show-dialogs-symbolic.svg
show-dialogs.svg	/usr/share/icons/breeze-dark/actions/16/show-dialogs.svg
show-grid-symbolic.svg	/usr/share/icons/breeze-dark/actions/16/show-grid-symbolic.svg
show-grid.svg	/usr/share/icons/breeze-dark/actions/16/show-grid.svg
show-guides-symbolic.svg	/usr/share/icons/breeze-dark/actions/16/show-guides-symbolic.svg
show-guides.svg	/usr/share/icons/breeze-dark/actions/16/show-guides.svg
show-menu-symbolic.svg	/usr/share/icons/breeze-dark/actions/16/show-menu-symbolic.svg
show-menu.svg	/usr/share/icons/breeze-dark/actions/16/show-menu.svg
show-node-handles-symbolic.svg	/usr/share/icons/breeze-dark/actions/16/show-node-handles-symbolic.svg
show-node-handles.svg	/usr/share/icons/breeze-dark/actions/16/show-node-handles.svg
show-offline-symbolic.svg	/usr/share/icons/breeze-dark/actions/16/show-offline-symbolic.svg
show-offline.svg	/usr/share/icons/breeze-dark/actions/16/show-offline.svg
show-path-outline-symbolic.svg	/usr/share/icons/breeze-dark/actions/16/show-path-outline-symbolic.svg
show-path-outline.svg	/usr/share/icons/breeze-dark/actions/16/show-path-outline.svg
show_table_column-symbolic.svg	/usr/share/icons/breeze-dark/actions/16/show_table_column-symbolic.svg
show_table_column.svg	/usr/share/icons/breeze-dark/actions/16/show_table_column.svg
show_table_row-symbolic.svg	/usr/share/icons/breeze-dark/actions/16/show_table_row-symbolic.svg
show_table_row.svg	/usr/share/icons/breeze-dark/actions/16/show_table_row.svg
shuffle-symbolic.svg	/usr/share/icons/breeze-dark/actions/16/shuffle-symbolic.svg
shuffle.svg	/usr/share/icons/breeze-dark/actions/16/shuffle.svg
sidebar-collapse-left-symbolic.svg	/usr/share/icons/breeze-dark/actions/16/sidebar-collapse-left-symbolic.svg
sidebar-collapse-left.svg	/usr/share/icons/breeze-dark/actions/16/sidebar-collapse-left.svg
sidebar-collapse-right-symbolic.svg	/usr/share/icons/breeze-dark/actions/16/sidebar-collapse-right-symbolic.svg
sidebar-collapse-right.svg	/usr/share/icons/breeze-dark/actions/16/sidebar-collapse-right.svg
sidebar-collapse-symbolic.svg	/usr/share/icons/breeze-dark/actions/16/sidebar-collapse-symbolic.svg
sidebar-collapse.svg	/usr/share/icons/breeze-dark/actions/16/sidebar-collapse.svg
sidebar-expand-left-symbolic.svg	/usr/share/icons/breeze-dark/actions/16/sidebar-expand-left-symbolic.svg
sidebar-expand-left.svg	/usr/share/icons/breeze-dark/actions/16/sidebar-expand-left.svg
sidebar-expand-right-symbolic.svg	/usr/share/icons/breeze-dark/actions/16/sidebar-expand-right-symbolic.svg
sidebar-expand-right.svg	/usr/share/icons/breeze-dark/actions/16/sidebar-expand-right.svg
sidebar-expand-symbolic.svg	/usr/share/icons/breeze-dark/actions/16/sidebar-expand-symbolic.svg
sidebar-expand.svg	/usr/share/icons/breeze-dark/actions/16/sidebar-expand.svg
similarartists-amarok-symbolic.svg	/usr/share/icons/breeze-dark/actions/16/similarartists-amarok-symbolic.svg
similarartists-amarok.svg	/usr/share/icons/breeze-dark/actions/16/similarartists-amarok.svg
slanted-symbolic.svg	/usr/share/icons/breeze-dark/actions/16/slanted-symbolic.svg
slanted.svg	/usr/share/icons/breeze-dark/actions/16/slanted.svg
smallclock-symbolic.svg	/usr/share/icons/breeze-dark/actions/16/smallclock-symbolic.svg
smallclock.svg	/usr/share/icons/breeze-dark/actions/16/smallclock.svg
smallskip-symbolic.svg	/usr/share/icons/breeze-dark/actions/16/smallskip-symbolic.svg
smallskip.svg	/usr/share/icons/breeze-dark/actions/16/smallskip.svg
smiley-add-symbolic.svg	/usr/share/icons/breeze-dark/actions/16/smiley-add-symbolic.svg
smiley-add.svg	/usr/share/icons/breeze-dark/actions/16/smiley-add.svg
snap-angle-symbolic.svg	/usr/share/icons/breeze-dark/actions/16/snap-angle-symbolic.svg
snap-angle.svg	/usr/share/icons/breeze-dark/actions/16/snap-angle.svg
snap-bounding-box-center-symbolic.svg	/usr/share/icons/breeze-dark/actions/16/snap-bounding-box-center-symbolic.svg
snap-bounding-box-center.svg	/usr/share/icons/breeze-dark/actions/16/snap-bounding-box-center.svg
snap-bounding-box-corners-symbolic.svg	/usr/share/icons/breeze-dark/actions/16/snap-bounding-box-corners-symbolic.svg
snap-bounding-box-corners.svg	/usr/share/icons/breeze-dark/actions/16/snap-bounding-box-corners.svg
snap-bounding-box-edges-symbolic.svg	/usr/share/icons/breeze-dark/actions/16/snap-bounding-box-edges-symbolic.svg
snap-bounding-box-edges.svg	/usr/share/icons/breeze-dark/actions/16/snap-bounding-box-edges.svg
snap-bounding-box-midpoints-symbolic.svg	/usr/share/icons/breeze-dark/actions/16/snap-bounding-box-midpoints-symbolic.svg
snap-bounding-box-midpoints.svg	/usr/share/icons/breeze-dark/actions/16/snap-bounding-box-midpoints.svg
snap-bounding-box-symbolic.svg	/usr/share/icons/breeze-dark/actions/16/snap-bounding-box-symbolic.svg
snap-bounding-box.svg	/usr/share/icons/breeze-dark/actions/16/snap-bounding-box.svg
snap-extension-symbolic.svg	/usr/share/icons/breeze-dark/actions/16/snap-extension-symbolic.svg
snap-extension.svg	/usr/share/icons/breeze-dark/actions/16/snap-extension.svg
snap-grid-guide-intersections-symbolic.svg	/usr/share/icons/breeze-dark/actions/16/snap-grid-guide-intersections-symbolic.svg
snap-grid-guide-intersections.svg	/usr/share/icons/breeze-dark/actions/16/snap-grid-guide-intersections.svg
snap-guideline-symbolic.svg	/usr/share/icons/breeze-dark/actions/16/snap-guideline-symbolic.svg
snap-guideline.svg	/usr/share/icons/breeze-dark/actions/16/snap-guideline.svg
snap-intersection-symbolic.svg	/usr/share/icons/breeze-dark/actions/16/snap-intersection-symbolic.svg
snap-intersection.svg	/usr/share/icons/breeze-dark/actions/16/snap-intersection.svg
snap-node-symbolic.svg	/usr/share/icons/breeze-dark/actions/16/snap-node-symbolic.svg
snap-node.svg	/usr/share/icons/breeze-dark/actions/16/snap-node.svg
snap-nodes-center-symbolic.svg	/usr/share/icons/breeze-dark/actions/16/snap-nodes-center-symbolic.svg
snap-nodes-center.svg	/usr/share/icons/breeze-dark/actions/16/snap-nodes-center.svg
snap-nodes-cusp-symbolic.svg	/usr/share/icons/breeze-dark/actions/16/snap-nodes-cusp-symbolic.svg
snap-nodes-cusp.svg	/usr/share/icons/breeze-dark/actions/16/snap-nodes-cusp.svg
snap-nodes-intersection-symbolic.svg	/usr/share/icons/breeze-dark/actions/16/snap-nodes-intersection-symbolic.svg
snap-nodes-intersection.svg	/usr/share/icons/breeze-dark/actions/16/snap-nodes-intersection.svg
snap-nodes-midpoint-symbolic.svg	/usr/share/icons/breeze-dark/actions/16/snap-nodes-midpoint-symbolic.svg
snap-nodes-midpoint.svg	/usr/share/icons/breeze-dark/actions/16/snap-nodes-midpoint.svg
snap-nodes-path-symbolic.svg	/usr/share/icons/breeze-dark/actions/16/snap-nodes-path-symbolic.svg
snap-nodes-path.svg	/usr/share/icons/breeze-dark/actions/16/snap-nodes-path.svg
snap-nodes-rotation-center-symbolic.svg	/usr/share/icons/breeze-dark/actions/16/snap-nodes-rotation-center-symbolic.svg
snap-nodes-rotation-center.svg	/usr/share/icons/breeze-dark/actions/16/snap-nodes-rotation-center.svg
snap-nodes-smooth-symbolic.svg	/usr/share/icons/breeze-dark/actions/16/snap-nodes-smooth-symbolic.svg
snap-nodes-smooth.svg	/usr/share/icons/breeze-dark/actions/16/snap-nodes-smooth.svg
snap-orthogonal-symbolic.svg	/usr/share/icons/breeze-dark/actions/16/snap-orthogonal-symbolic.svg
snap-orthogonal.svg	/usr/share/icons/breeze-dark/actions/16/snap-orthogonal.svg
snap-page-symbolic.svg	/usr/share/icons/breeze-dark/actions/16/snap-page-symbolic.svg
snap-page.svg	/usr/share/icons/breeze-dark/actions/16/snap-page.svg
snap-symbolic.svg	/usr/share/icons/breeze-dark/actions/16/snap-symbolic.svg
snap-text-baseline-symbolic.svg	/usr/share/icons/breeze-dark/actions/16/snap-text-baseline-symbolic.svg
snap-text-baseline.svg	/usr/share/icons/breeze-dark/actions/16/snap-text-baseline.svg
snap.svg	/usr/share/icons/breeze-dark/actions/16/snap.svg
social-symbolic.svg	/usr/share/icons/breeze-dark/actions/16/social-symbolic.svg
social.svg	/usr/share/icons/breeze-dark/actions/16/social.svg
sort-name-symbolic.svg	/usr/share/icons/breeze-dark/actions/16/sort-name-symbolic.svg
sort-name.svg	/usr/share/icons/breeze-dark/actions/16/sort-name.svg
sort-presence-symbolic.svg	/usr/share/icons/breeze-dark/actions/16/sort-presence-symbolic.svg
sort-presence.svg	/usr/share/icons/breeze-dark/actions/16/sort-presence.svg
sort_incr-symbolic.svg	/usr/share/icons/breeze-dark/actions/16/sort_incr-symbolic.svg
sort_incr.svg	/usr/share/icons/breeze-dark/actions/16/sort_incr.svg
source-playlist-symbolic.svg	/usr/share/icons/breeze-dark/actions/16/source-playlist-symbolic.svg
source-playlist.svg	/usr/share/icons/breeze-dark/actions/16/source-playlist.svg
source-smart-playlist-symbolic.svg	/usr/share/icons/breeze-dark/actions/16/source-smart-playlist-symbolic.svg
source-smart-playlist.svg	/usr/share/icons/breeze-dark/actions/16/source-smart-playlist.svg
speaker-symbolic.svg	/usr/share/icons/breeze-dark/actions/16/speaker-symbolic.svg
speaker.svg	/usr/share/icons/breeze-dark/actions/16/speaker.svg
special-effects-symbolic.svg	/usr/share/icons/breeze-dark/actions/16/special-effects-symbolic.svg
special_paste-symbolic.svg	/usr/share/icons/breeze-dark/actions/16/special_paste-symbolic.svg
special_paste.svg	/usr/share/icons/breeze-dark/actions/16/special_paste.svg
specific-setup-symbolic.svg	/usr/share/icons/breeze-dark/actions/16/specific-setup-symbolic.svg
specific-setup.svg	/usr/share/icons/breeze-dark/actions/16/specific-setup.svg
speedometer-symbolic.svg	/usr/share/icons/breeze-dark/actions/16/speedometer-symbolic.svg
speedometer.svg	/usr/share/icons/breeze-dark/actions/16/speedometer.svg
spinbox-decrease.svg	/usr/share/icons/breeze-dark/actions/16/spinbox-decrease.svg
spinbox-increase.svg	/usr/share/icons/breeze-dark/actions/16/spinbox-increase.svg
spiral-shape-symbolic.svg	/usr/share/icons/breeze-dark/actions/16/spiral-shape-symbolic.svg
spiral-shape.svg	/usr/share/icons/breeze-dark/actions/16/spiral-shape.svg
split-symbolic.svg	/usr/share/icons/breeze-dark/actions/16/split-symbolic.svg
split.svg	/usr/share/icons/breeze-dark/actions/16/split.svg
spreadsheetshape-symbolic.svg	/usr/share/icons/breeze-dark/actions/16/spreadsheetshape-symbolic.svg
spreadsheetshape.svg	/usr/share/icons/breeze-dark/actions/16/spreadsheetshape.svg
sqrt-symbolic.svg	/usr/share/icons/breeze-dark/actions/16/sqrt-symbolic.svg
sqrt.svg	/usr/share/icons/breeze-dark/actions/16/sqrt.svg
standard-connector-symbolic.svg	/usr/share/icons/breeze-dark/actions/16/standard-connector-symbolic.svg
standard-connector.svg	/usr/share/icons/breeze-dark/actions/16/standard-connector.svg
star-shape-symbolic.svg	/usr/share/icons/breeze-dark/actions/16/star-shape-symbolic.svg
star-shape.svg	/usr/share/icons/breeze-dark/actions/16/star-shape.svg
start-over-symbolic.svg	/usr/share/icons/breeze-dark/actions/16/start-over-symbolic.svg
start-over.svg	/usr/share/icons/breeze-dark/actions/16/start-over.svg
state-fork-symbolic.svg	/usr/share/icons/breeze-dark/actions/16/state-fork-symbolic.svg
state-fork.svg	/usr/share/icons/breeze-dark/actions/16/state-fork.svg
stateshape-symbolic.svg	/usr/share/icons/breeze-dark/actions/16/stateshape-symbolic.svg
stateshape.svg	/usr/share/icons/breeze-dark/actions/16/stateshape.svg
statetool-symbolic.svg	/usr/share/icons/breeze-dark/actions/16/statetool-symbolic.svg
statetool.svg	/usr/share/icons/breeze-dark/actions/16/statetool.svg
step_object_Anchor-symbolic.svg	/usr/share/icons/breeze-dark/actions/16/step_object_Anchor-symbolic.svg
step_object_Anchor.svg	/usr/share/icons/breeze-dark/actions/16/step_object_Anchor.svg
step_object_Box-symbolic.svg	/usr/share/icons/breeze-dark/actions/16/step_object_Box-symbolic.svg
step_object_Box.svg	/usr/share/icons/breeze-dark/actions/16/step_object_Box.svg
step_object_Controller-symbolic.svg	/usr/share/icons/breeze-dark/actions/16/step_object_Controller-symbolic.svg
step_object_Controller.svg	/usr/share/icons/breeze-dark/actions/16/step_object_Controller.svg
step_object_Disk-symbolic.svg	/usr/share/icons/breeze-dark/actions/16/step_object_Disk-symbolic.svg
step_object_Disk.svg	/usr/share/icons/breeze-dark/actions/16/step_object_Disk.svg
step_object_Graph-symbolic.svg	/usr/share/icons/breeze-dark/actions/16/step_object_Graph-symbolic.svg
step_object_Graph.svg	/usr/share/icons/breeze-dark/actions/16/step_object_Graph.svg
step_object_Note-symbolic.svg	/usr/share/icons/breeze-dark/actions/16/step_object_Note-symbolic.svg
step_object_Note.svg	/usr/share/icons/breeze-dark/actions/16/step_object_Note.svg
step_object_Particle-symbolic.svg	/usr/share/icons/breeze-dark/actions/16/step_object_Particle-symbolic.svg
step_object_Particle.svg	/usr/share/icons/breeze-dark/actions/16/step_object_Particle.svg
step_object_Pin-symbolic.svg	/usr/share/icons/breeze-dark/actions/16/step_object_Pin-symbolic.svg
step_object_Pin.svg	/usr/share/icons/breeze-dark/actions/16/step_object_Pin.svg
step_object_Polygon-symbolic.svg	/usr/share/icons/breeze-dark/actions/16/step_object_Polygon-symbolic.svg
step_object_Polygon.svg	/usr/share/icons/breeze-dark/actions/16/step_object_Polygon.svg
step_object_Rope-symbolic.svg	/usr/share/icons/breeze-dark/actions/16/step_object_Rope-symbolic.svg
step_object_Rope.svg	/usr/share/icons/breeze-dark/actions/16/step_object_Rope.svg
step_object_Stick-symbolic.svg	/usr/share/icons/breeze-dark/actions/16/step_object_Stick-symbolic.svg
step_object_Stick.svg	/usr/share/icons/breeze-dark/actions/16/step_object_Stick.svg
stickers-symbolic.svg	/usr/share/icons/breeze-dark/actions/16/stickers-symbolic.svg
stickers.svg	/usr/share/icons/breeze-dark/actions/16/stickers.svg
sticky_zoom-symbolic.svg	/usr/share/icons/breeze-dark/actions/16/sticky_zoom-symbolic.svg
sticky_zoom.svg	/usr/share/icons/breeze-dark/actions/16/sticky_zoom.svg
story-editor-symbolic.svg	/usr/share/icons/breeze-dark/actions/16/story-editor-symbolic.svg
story-editor.svg	/usr/share/icons/breeze-dark/actions/16/story-editor.svg
straight-connector-symbolic.svg	/usr/share/icons/breeze-dark/actions/16/straight-connector-symbolic.svg
straight-connector.svg	/usr/share/icons/breeze-dark/actions/16/straight-connector.svg
stroke-cap-bevel-symbolic.svg	/usr/share/icons/breeze-dark/actions/16/stroke-cap-bevel-symbolic.svg
stroke-cap-bevel.svg	/usr/share/icons/breeze-dark/actions/16/stroke-cap-bevel.svg
stroke-cap-butt-symbolic.svg	/usr/share/icons/breeze-dark/actions/16/stroke-cap-butt-symbolic.svg
stroke-cap-butt.svg	/usr/share/icons/breeze-dark/actions/16/stroke-cap-butt.svg
stroke-cap-miter-symbolic.svg	/usr/share/icons/breeze-dark/actions/16/stroke-cap-miter-symbolic.svg
stroke-cap-miter.svg	/usr/share/icons/breeze-dark/actions/16/stroke-cap-miter.svg
stroke-cap-round-symbolic.svg	/usr/share/icons/breeze-dark/actions/16/stroke-cap-round-symbolic.svg
stroke-cap-round.svg	/usr/share/icons/breeze-dark/actions/16/stroke-cap-round.svg
stroke-cap-square-symbolic.svg	/usr/share/icons/breeze-dark/actions/16/stroke-cap-square-symbolic.svg
stroke-cap-square.svg	/usr/share/icons/breeze-dark/actions/16/stroke-cap-square.svg
stroke-join-bevel-symbolic.svg	/usr/share/icons/breeze-dark/actions/16/stroke-join-bevel-symbolic.svg
stroke-join-bevel.svg	/usr/share/icons/breeze-dark/actions/16/stroke-join-bevel.svg
stroke-join-miter-symbolic.svg	/usr/share/icons/breeze-dark/actions/16/stroke-join-miter-symbolic.svg
stroke-join-miter.svg	/usr/share/icons/breeze-dark/actions/16/stroke-join-miter.svg
stroke-join-round-symbolic.svg	/usr/share/icons/breeze-dark/actions/16/stroke-join-round-symbolic.svg
stroke-join-round.svg	/usr/share/icons/breeze-dark/actions/16/stroke-join-round.svg
stroke-to-path-symbolic.svg	/usr/share/icons/breeze-dark/actions/16/stroke-to-path-symbolic.svg
stroke-to-path.svg	/usr/share/icons/breeze-dark/actions/16/stroke-to-path.svg
strong-symbolic.svg	/usr/share/icons/breeze-dark/actions/16/strong-symbolic.svg
strong.svg	/usr/share/icons/breeze-dark/actions/16/strong.svg
structure-symbolic.svg	/usr/share/icons/breeze-dark/actions/16/structure-symbolic.svg
structure.svg	/usr/share/icons/breeze-dark/actions/16/structure.svg
subsystem-symbolic.svg	/usr/share/icons/breeze-dark/actions/16/subsystem-symbolic.svg
subsystem.svg	/usr/share/icons/breeze-dark/actions/16/subsystem.svg
svn-commit-symbolic.svg	/usr/share/icons/breeze-dark/actions/16/svn-commit-symbolic.svg
svn-commit.svg	/usr/share/icons/breeze-dark/actions/16/svn-commit.svg
svn-update-symbolic.svg	/usr/share/icons/breeze-dark/actions/16/svn-update-symbolic.svg
svn-update.svg	/usr/share/icons/breeze-dark/actions/16/svn-update.svg
swap-panels-symbolic.svg	/usr/share/icons/breeze-dark/actions/16/swap-panels-symbolic.svg
swap-panels.svg	/usr/share/icons/breeze-dark/actions/16/swap-panels.svg
symbols-symbolic.svg	/usr/share/icons/breeze-dark/actions/16/symbols-symbolic.svg
symbols.svg	/usr/share/icons/breeze-dark/actions/16/symbols.svg
system-lock-screen.svg	/usr/share/icons/breeze-dark/actions/16/system-lock-screen.svg
system-log-out-rtl.svg	/usr/share/icons/breeze-dark/actions/16/system-log-out-rtl.svg
system-log-out.svg	/usr/share/icons/breeze-dark/actions/16/system-log-out.svg
system-reboot-update-symbolic.svg	/usr/share/icons/breeze-dark/actions/16/system-reboot-update-symbolic.svg
system-reboot-update.svg	/usr/share/icons/breeze-dark/actions/16/system-reboot-update.svg
system-reboot.svg	/usr/share/icons/breeze-dark/actions/16/system-reboot.svg
system-run.svg	/usr/share/icons/breeze-dark/actions/16/system-run.svg
system-save-session-symbolic.svg	/usr/share/icons/breeze-dark/actions/16/system-save-session-symbolic.svg
system-save-session.svg	/usr/share/icons/breeze-dark/actions/16/system-save-session.svg
system-search.svg	/usr/share/icons/breeze-dark/actions/16/system-search.svg
system-shutdown-update-symbolic.svg	/usr/share/icons/breeze-dark/actions/16/system-shutdown-update-symbolic.svg
system-shutdown-update.svg	/usr/share/icons/breeze-dark/actions/16/system-shutdown-update.svg
system-switch-user.svg	/usr/share/icons/breeze-dark/actions/16/system-switch-user.svg
system-users.svg	/usr/share/icons/breeze-dark/actions/16/system-users.svg
tab-close-other-symbolic.svg	/usr/share/icons/breeze-dark/actions/16/tab-close-other-symbolic.svg
tab-close-other.svg	/usr/share/icons/breeze-dark/actions/16/tab-close-other.svg
tab-close-symbolic.svg	/usr/share/icons/breeze-dark/actions/16/tab-close-symbolic.svg
tab-close.svg	/usr/share/icons/breeze-dark/actions/16/tab-close.svg
tab-detach-symbolic.svg	/usr/share/icons/breeze-dark/actions/16/tab-detach-symbolic.svg
tab-detach.svg	/usr/share/icons/breeze-dark/actions/16/tab-detach.svg
tab-duplicate-symbolic.svg	/usr/share/icons/breeze-dark/actions/16/tab-duplicate-symbolic.svg
tab-duplicate.svg	/usr/share/icons/breeze-dark/actions/16/tab-duplicate.svg
tab-new-background-symbolic.svg	/usr/share/icons/breeze-dark/actions/16/tab-new-background-symbolic.svg
tab-new-background.svg	/usr/share/icons/breeze-dark/actions/16/tab-new-background.svg
tab-new.svg	/usr/share/icons/breeze-dark/actions/16/tab-new.svg
table-symbolic.svg	/usr/share/icons/breeze-dark/actions/16/table-symbolic.svg
table.svg	/usr/share/icons/breeze-dark/actions/16/table.svg
tag-addressbook-symbolic.svg	/usr/share/icons/breeze-dark/actions/16/tag-addressbook-symbolic.svg
tag-addressbook.svg	/usr/share/icons/breeze-dark/actions/16/tag-addressbook.svg
tag-assigned-symbolic.svg	/usr/share/icons/breeze-dark/actions/16/tag-assigned-symbolic.svg
tag-assigned.svg	/usr/share/icons/breeze-dark/actions/16/tag-assigned.svg
tag-delete-symbolic.svg	/usr/share/icons/breeze-dark/actions/16/tag-delete-symbolic.svg
tag-delete.svg	/usr/share/icons/breeze-dark/actions/16/tag-delete.svg
tag-edit-symbolic.svg	/usr/share/icons/breeze-dark/actions/16/tag-edit-symbolic.svg
tag-edit.svg	/usr/share/icons/breeze-dark/actions/16/tag-edit.svg
tag-events-symbolic.svg	/usr/share/icons/breeze-dark/actions/16/tag-events-symbolic.svg
tag-events.svg	/usr/share/icons/breeze-dark/actions/16/tag-events.svg
tag-folder-symbolic.svg	/usr/share/icons/breeze-dark/actions/16/tag-folder-symbolic.svg
tag-folder.svg	/usr/share/icons/breeze-dark/actions/16/tag-folder.svg
tag-new-symbolic.svg	/usr/share/icons/breeze-dark/actions/16/tag-new-symbolic.svg
tag-new.svg	/usr/share/icons/breeze-dark/actions/16/tag-new.svg
tag-people-symbolic.svg	/usr/share/icons/breeze-dark/actions/16/tag-people-symbolic.svg
tag-people.svg	/usr/share/icons/breeze-dark/actions/16/tag-people.svg
tag-places-symbolic.svg	/usr/share/icons/breeze-dark/actions/16/tag-places-symbolic.svg
tag-places.svg	/usr/share/icons/breeze-dark/actions/16/tag-places.svg
tag-properties-symbolic.svg	/usr/share/icons/breeze-dark/actions/16/tag-properties-symbolic.svg
tag-properties.svg	/usr/share/icons/breeze-dark/actions/16/tag-properties.svg
tag-recents-symbolic.svg	/usr/share/icons/breeze-dark/actions/16/tag-recents-symbolic.svg
tag-recents.svg	/usr/share/icons/breeze-dark/actions/16/tag-recents.svg
tag-reset-symbolic.svg	/usr/share/icons/breeze-dark/actions/16/tag-reset-symbolic.svg
tag-reset.svg	/usr/share/icons/breeze-dark/actions/16/tag-reset.svg
tag-symbolic.svg	/usr/share/icons/breeze-dark/actions/16/tag-symbolic.svg
tag.svg	/usr/share/icons/breeze-dark/actions/16/tag.svg
task-new-symbolic.svg	/usr/share/icons/breeze-dark/actions/16/task-new-symbolic.svg
task-new.svg	/usr/share/icons/breeze-dark/actions/16/task-new.svg
taxes-finances-symbolic.svg	/usr/share/icons/breeze-dark/actions/16/taxes-finances-symbolic.svg
taxes-finances.svg	/usr/share/icons/breeze-dark/actions/16/taxes-finances.svg
template-symbolic.svg	/usr/share/icons/breeze-dark/actions/16/template-symbolic.svg
template.svg	/usr/share/icons/breeze-dark/actions/16/template.svg
text-convert-to-regular-symbolic.svg	/usr/share/icons/breeze-dark/actions/16/text-convert-to-regular-symbolic.svg
text-convert-to-regular.svg	/usr/share/icons/breeze-dark/actions/16/text-convert-to-regular.svg
text-field-framed-symbolic.svg	/usr/share/icons/breeze-dark/actions/16/text-field-framed-symbolic.svg
text-field-framed.svg	/usr/share/icons/breeze-dark/actions/16/text-field-framed.svg
text-field-frameless-symbolic.svg	/usr/share/icons/breeze-dark/actions/16/text-field-frameless-symbolic.svg
text-field-frameless.svg	/usr/share/icons/breeze-dark/actions/16/text-field-frameless.svg
text-field-symbolic.svg	/usr/share/icons/breeze-dark/actions/16/text-field-symbolic.svg
text-field.svg	/usr/share/icons/breeze-dark/actions/16/text-field.svg
text-flow-into-frame-symbolic.svg	/usr/share/icons/breeze-dark/actions/16/text-flow-into-frame-symbolic.svg
text-flow-into-frame.svg	/usr/share/icons/breeze-dark/actions/16/text-flow-into-frame.svg
text-frame-link-symbolic.svg	/usr/share/icons/breeze-dark/actions/16/text-frame-link-symbolic.svg
text-frame-link.svg	/usr/share/icons/breeze-dark/actions/16/text-frame-link.svg
text-frame-unlink-symbolic.svg	/usr/share/icons/breeze-dark/actions/16/text-frame-unlink-symbolic.svg
text-frame-unlink.svg	/usr/share/icons/breeze-dark/actions/16/text-frame-unlink.svg
text-put-on-path-symbolic.svg	/usr/share/icons/breeze-dark/actions/16/text-put-on-path-symbolic.svg
text-put-on-path.svg	/usr/share/icons/breeze-dark/actions/16/text-put-on-path.svg
text-remove-from-path-symbolic.svg	/usr/share/icons/breeze-dark/actions/16/text-remove-from-path-symbolic.svg
text-remove-from-path.svg	/usr/share/icons/breeze-dark/actions/16/text-remove-from-path.svg
text-speak-symbolic.svg	/usr/share/icons/breeze-dark/actions/16/text-speak-symbolic.svg
text-speak.svg	/usr/share/icons/breeze-dark/actions/16/text-speak.svg
text-unflow-symbolic.svg	/usr/share/icons/breeze-dark/actions/16/text-unflow-symbolic.svg
text-unflow.svg	/usr/share/icons/breeze-dark/actions/16/text-unflow.svg
text-unkern-symbolic.svg	/usr/share/icons/breeze-dark/actions/16/text-unkern-symbolic.svg
text-unkern.svg	/usr/share/icons/breeze-dark/actions/16/text-unkern.svg
text-wrap-symbolic.svg	/usr/share/icons/breeze-dark/actions/16/text-wrap-symbolic.svg
text-wrap.svg	/usr/share/icons/breeze-dark/actions/16/text-wrap.svg
text_horz_kern-symbolic.svg	/usr/share/icons/breeze-dark/actions/16/text_horz_kern-symbolic.svg
text_horz_kern.svg	/usr/share/icons/breeze-dark/actions/16/text_horz_kern.svg
text_letter_spacing-symbolic.svg	/usr/share/icons/breeze-dark/actions/16/text_letter_spacing-symbolic.svg
text_letter_spacing.svg	/usr/share/icons/breeze-dark/actions/16/text_letter_spacing.svg
text_line_spacing-symbolic.svg	/usr/share/icons/breeze-dark/actions/16/text_line_spacing-symbolic.svg
text_line_spacing.svg	/usr/share/icons/breeze-dark/actions/16/text_line_spacing.svg
text_rotation-symbolic.svg	/usr/share/icons/breeze-dark/actions/16/text_rotation-symbolic.svg
text_rotation.svg	/usr/share/icons/breeze-dark/actions/16/text_rotation.svg
text_subscript-symbolic.svg	/usr/share/icons/breeze-dark/actions/16/text_subscript-symbolic.svg
text_subscript.svg	/usr/share/icons/breeze-dark/actions/16/text_subscript.svg
text_superscript-symbolic.svg	/usr/share/icons/breeze-dark/actions/16/text_superscript-symbolic.svg
text_superscript.svg	/usr/share/icons/breeze-dark/actions/16/text_superscript.svg
text_vert_kern-symbolic.svg	/usr/share/icons/breeze-dark/actions/16/text_vert_kern-symbolic.svg
text_vert_kern.svg	/usr/share/icons/breeze-dark/actions/16/text_vert_kern.svg
text_word_spacing-symbolic.svg	/usr/share/icons/breeze-dark/actions/16/text_word_spacing-symbolic.svg
text_word_spacing.svg	/usr/share/icons/breeze-dark/actions/16/text_word_spacing.svg
tool-animator-symbolic.svg	/usr/share/icons/breeze-dark/actions/16/tool-animator-symbolic.svg
tool-animator.svg	/usr/share/icons/breeze-dark/actions/16/tool-animator.svg
tool-measure-symbolic.svg	/usr/share/icons/breeze-dark/actions/16/tool-measure-symbolic.svg
tool-measure.svg	/usr/share/icons/breeze-dark/actions/16/tool-measure.svg
tool-node-editor-symbolic.svg	/usr/share/icons/breeze-dark/actions/16/tool-node-editor-symbolic.svg
tool-node-editor.svg	/usr/share/icons/breeze-dark/actions/16/tool-node-editor.svg
tool-pointer-symbolic.svg	/usr/share/icons/breeze-dark/actions/16/tool-pointer-symbolic.svg
tool-pointer.svg	/usr/share/icons/breeze-dark/actions/16/tool-pointer.svg
tool-text-symbolic.svg	/usr/share/icons/breeze-dark/actions/16/tool-text-symbolic.svg
tool-text.svg	/usr/share/icons/breeze-dark/actions/16/tool-text.svg
tool-tweak-symbolic.svg	/usr/share/icons/breeze-dark/actions/16/tool-tweak-symbolic.svg
tool-tweak.svg	/usr/share/icons/breeze-dark/actions/16/tool-tweak.svg
tool_brush-symbolic.svg	/usr/share/icons/breeze-dark/actions/16/tool_brush-symbolic.svg
tool_brush.svg	/usr/share/icons/breeze-dark/actions/16/tool_brush.svg
tool_cellformatting-symbolic.svg	/usr/share/icons/breeze-dark/actions/16/tool_cellformatting-symbolic.svg
tool_cellformatting.svg	/usr/share/icons/breeze-dark/actions/16/tool_cellformatting.svg
tool_color_picker-symbolic.svg	/usr/share/icons/breeze-dark/actions/16/tool_color_picker-symbolic.svg
tool_color_picker.svg	/usr/share/icons/breeze-dark/actions/16/tool_color_picker.svg
tool_ellipse-symbolic.svg	/usr/share/icons/breeze-dark/actions/16/tool_ellipse-symbolic.svg
tool_ellipse.svg	/usr/share/icons/breeze-dark/actions/16/tool_ellipse.svg
tool_elliptical_selection-symbolic.svg	/usr/share/icons/breeze-dark/actions/16/tool_elliptical_selection-symbolic.svg
tool_elliptical_selection.svg	/usr/share/icons/breeze-dark/actions/16/tool_elliptical_selection.svg
tool_eraser-symbolic.svg	/usr/share/icons/breeze-dark/actions/16/tool_eraser-symbolic.svg
tool_eraser.svg	/usr/share/icons/breeze-dark/actions/16/tool_eraser.svg
tool_flood_fill-symbolic.svg	/usr/share/icons/breeze-dark/actions/16/tool_flood_fill-symbolic.svg
tool_flood_fill.svg	/usr/share/icons/breeze-dark/actions/16/tool_flood_fill.svg
tool_imageeffects-symbolic.svg	/usr/share/icons/breeze-dark/actions/16/tool_imageeffects-symbolic.svg
tool_imageeffects.svg	/usr/share/icons/breeze-dark/actions/16/tool_imageeffects.svg
tool_line-symbolic.svg	/usr/share/icons/breeze-dark/actions/16/tool_line-symbolic.svg
tool_line.svg	/usr/share/icons/breeze-dark/actions/16/tool_line.svg
tool_pagelayout-symbolic.svg	/usr/share/icons/breeze-dark/actions/16/tool_pagelayout-symbolic.svg
tool_pagelayout.svg	/usr/share/icons/breeze-dark/actions/16/tool_pagelayout.svg
tool_pen-symbolic.svg	/usr/share/icons/breeze-dark/actions/16/tool_pen-symbolic.svg
tool_pen.svg	/usr/share/icons/breeze-dark/actions/16/tool_pen.svg
tool_polyline-symbolic.svg	/usr/share/icons/breeze-dark/actions/16/tool_polyline-symbolic.svg
tool_polyline.svg	/usr/share/icons/breeze-dark/actions/16/tool_polyline.svg
tool_rect_selection-symbolic.svg	/usr/share/icons/breeze-dark/actions/16/tool_rect_selection-symbolic.svg
tool_rect_selection.svg	/usr/share/icons/breeze-dark/actions/16/tool_rect_selection.svg
tool_rectangle-symbolic.svg	/usr/share/icons/breeze-dark/actions/16/tool_rectangle-symbolic.svg
tool_rectangle.svg	/usr/share/icons/breeze-dark/actions/16/tool_rectangle.svg
tool_references-symbolic.svg	/usr/share/icons/breeze-dark/actions/16/tool_references-symbolic.svg
tool_references.svg	/usr/share/icons/breeze-dark/actions/16/tool_references.svg
tool_review-symbolic.svg	/usr/share/icons/breeze-dark/actions/16/tool_review-symbolic.svg
tool_review.svg	/usr/share/icons/breeze-dark/actions/16/tool_review.svg
tool_rounded_rectangle-symbolic.svg	/usr/share/icons/breeze-dark/actions/16/tool_rounded_rectangle-symbolic.svg
tool_rounded_rectangle.svg	/usr/share/icons/breeze-dark/actions/16/tool_rounded_rectangle.svg
tool_text-symbolic.svg	/usr/share/icons/breeze-dark/actions/16/tool_text-symbolic.svg
tool_text.svg	/usr/share/icons/breeze-dark/actions/16/tool_text.svg
tools-check-spelling.svg	/usr/share/icons/breeze-dark/actions/16/tools-check-spelling.svg
tools-media-optical-burn-image-symbolic.svg	/usr/share/icons/breeze-dark/actions/16/tools-media-optical-burn-image-symbolic.svg
tools-media-optical-burn-image.svg	/usr/share/icons/breeze-dark/actions/16/tools-media-optical-burn-image.svg
tools-media-optical-burn-symbolic.svg	/usr/share/icons/breeze-dark/actions/16/tools-media-optical-burn-symbolic.svg
tools-media-optical-burn.svg	/usr/share/icons/breeze-dark/actions/16/tools-media-optical-burn.svg
tools-media-optical-copy-symbolic.svg	/usr/share/icons/breeze-dark/actions/16/tools-media-optical-copy-symbolic.svg
tools-media-optical-copy.svg	/usr/share/icons/breeze-dark/actions/16/tools-media-optical-copy.svg
tools-media-optical-erase-symbolic.svg	/usr/share/icons/breeze-dark/actions/16/tools-media-optical-erase-symbolic.svg
tools-media-optical-erase.svg	/usr/share/icons/breeze-dark/actions/16/tools-media-optical-erase.svg
tools-media-optical-format-symbolic.svg	/usr/share/icons/breeze-dark/actions/16/tools-media-optical-format-symbolic.svg
tools-media-optical-format.svg	/usr/share/icons/breeze-dark/actions/16/tools-media-optical-format.svg
tools-report-bug-symbolic.svg	/usr/share/icons/breeze-dark/actions/16/tools-report-bug-symbolic.svg
tools-report-bug.svg	/usr/share/icons/breeze-dark/actions/16/tools-report-bug.svg
tools-rip-audio-cd-symbolic.svg	/usr/share/icons/breeze-dark/actions/16/tools-rip-audio-cd-symbolic.svg
tools-rip-audio-cd.svg	/usr/share/icons/breeze-dark/actions/16/tools-rip-audio-cd.svg
tools-rip-video-cd-symbolic.svg	/usr/share/icons/breeze-dark/actions/16/tools-rip-video-cd-symbolic.svg
tools-rip-video-cd.svg	/usr/share/icons/breeze-dark/actions/16/tools-rip-video-cd.svg
tools-rip-video-dvd-symbolic.svg	/usr/share/icons/breeze-dark/actions/16/tools-rip-video-dvd-symbolic.svg
tools-rip-video-dvd.svg	/usr/share/icons/breeze-dark/actions/16/tools-rip-video-dvd.svg
tools-symbolic.svg	/usr/share/icons/breeze-dark/actions/16/tools-symbolic.svg
tools-wizard-symbolic.svg	/usr/share/icons/breeze-dark/actions/16/tools-wizard-symbolic.svg
tools-wizard.svg	/usr/share/icons/breeze-dark/actions/16/tools-wizard.svg
tools.svg	/usr/share/icons/breeze-dark/actions/16/tools.svg
transform-affect-gradient-symbolic.svg	/usr/share/icons/breeze-dark/actions/16/transform-affect-gradient-symbolic.svg
transform-affect-pattern-symbolic.svg	/usr/share/icons/breeze-dark/actions/16/transform-affect-pattern-symbolic.svg
transform-affect-rounded-corners-symbolic.svg	/usr/share/icons/breeze-dark/actions/16/transform-affect-rounded-corners-symbolic.svg
transform-affect-stroke-symbolic.svg	/usr/share/icons/breeze-dark/actions/16/transform-affect-stroke-symbolic.svg
transform-crop-and-resize-symbolic.svg	/usr/share/icons/breeze-dark/actions/16/transform-crop-and-resize-symbolic.svg
transform-crop-and-resize.svg	/usr/share/icons/breeze-dark/actions/16/transform-crop-and-resize.svg
transform-crop-symbolic.svg	/usr/share/icons/breeze-dark/actions/16/transform-crop-symbolic.svg
transform-crop.svg	/usr/share/icons/breeze-dark/actions/16/transform-crop.svg
transform-move-horizontal-symbolic.svg	/usr/share/icons/breeze-dark/actions/16/transform-move-horizontal-symbolic.svg
transform-move-horizontal.svg	/usr/share/icons/breeze-dark/actions/16/transform-move-horizontal.svg
transform-move-symbolic.svg	/usr/share/icons/breeze-dark/actions/16/transform-move-symbolic.svg
transform-move-vertical-symbolic.svg	/usr/share/icons/breeze-dark/actions/16/transform-move-vertical-symbolic.svg
transform-move-vertical.svg	/usr/share/icons/breeze-dark/actions/16/transform-move-vertical.svg
transform-move.svg	/usr/share/icons/breeze-dark/actions/16/transform-move.svg
transform-rotate-symbolic.svg	/usr/share/icons/breeze-dark/actions/16/transform-rotate-symbolic.svg
transform-rotate.svg	/usr/share/icons/breeze-dark/actions/16/transform-rotate.svg
transform-scale-symbolic.svg	/usr/share/icons/breeze-dark/actions/16/transform-scale-symbolic.svg
transform-scale-textbox-points-symbolic.svg	/usr/share/icons/breeze-dark/actions/16/transform-scale-textbox-points-symbolic.svg
transform-scale-textbox-points.svg	/usr/share/icons/breeze-dark/actions/16/transform-scale-textbox-points.svg
transform-scale.svg	/usr/share/icons/breeze-dark/actions/16/transform-scale.svg
transform-shear-down-symbolic.svg	/usr/share/icons/breeze-dark/actions/16/transform-shear-down-symbolic.svg
transform-shear-down.svg	/usr/share/icons/breeze-dark/actions/16/transform-shear-down.svg
transform-shear-left-symbolic.svg	/usr/share/icons/breeze-dark/actions/16/transform-shear-left-symbolic.svg
transform-shear-left.svg	/usr/share/icons/breeze-dark/actions/16/transform-shear-left.svg
transform-shear-right-symbolic.svg	/usr/share/icons/breeze-dark/actions/16/transform-shear-right-symbolic.svg
transform-shear-right.svg	/usr/share/icons/breeze-dark/actions/16/transform-shear-right.svg
transform-shear-up-symbolic.svg	/usr/share/icons/breeze-dark/actions/16/transform-shear-up-symbolic.svg
transform-shear-up.svg	/usr/share/icons/breeze-dark/actions/16/transform-shear-up.svg
transform-skew-horizontal-symbolic.svg	/usr/share/icons/breeze-dark/actions/16/transform-skew-horizontal-symbolic.svg
transform-skew-horizontal.svg	/usr/share/icons/breeze-dark/actions/16/transform-skew-horizontal.svg
transform-skew-vertical-symbolic.svg	/usr/share/icons/breeze-dark/actions/16/transform-skew-vertical-symbolic.svg
transform-skew-vertical.svg	/usr/share/icons/breeze-dark/actions/16/transform-skew-vertical.svg
translate-symbolic.svg	/usr/share/icons/breeze-dark/actions/16/translate-symbolic.svg
translate.svg	/usr/share/icons/breeze-dark/actions/16/translate.svg
transsearch-symbolic.svg	/usr/share/icons/breeze-dark/actions/16/transsearch-symbolic.svg
transsearch.svg	/usr/share/icons/breeze-dark/actions/16/transsearch.svg
trash-empty-symbolic.svg	/usr/share/icons/breeze-dark/actions/16/trash-empty-symbolic.svg
trash-empty.svg	/usr/share/icons/breeze-dark/actions/16/trash-empty.svg
trim-margins-symbolic.svg	/usr/share/icons/breeze-dark/actions/16/trim-margins-symbolic.svg
trim-margins.svg	/usr/share/icons/breeze-dark/actions/16/trim-margins.svg
trim-to-selection-symbolic.svg	/usr/share/icons/breeze-dark/actions/16/trim-to-selection-symbolic.svg
trim-to-selection.svg	/usr/share/icons/breeze-dark/actions/16/trim-to-selection.svg
umbr-coll-message-asynchronous-symbolic.svg	/usr/share/icons/breeze-dark/actions/16/umbr-coll-message-asynchronous-symbolic.svg
umbr-coll-message-asynchronous.svg	/usr/share/icons/breeze-dark/actions/16/umbr-coll-message-asynchronous.svg
umbr-coll-message-synchronous-symbolic.svg	/usr/share/icons/breeze-dark/actions/16/umbr-coll-message-synchronous-symbolic.svg
umbr-coll-message-synchronous.svg	/usr/share/icons/breeze-dark/actions/16/umbr-coll-message-synchronous.svg
umbr-message-asynchronous-symbolic.svg	/usr/share/icons/breeze-dark/actions/16/umbr-message-asynchronous-symbolic.svg
umbr-message-asynchronous.svg	/usr/share/icons/breeze-dark/actions/16/umbr-message-asynchronous.svg
umbr-message-found-symbolic.svg	/usr/share/icons/breeze-dark/actions/16/umbr-message-found-symbolic.svg
umbr-message-found.svg	/usr/share/icons/breeze-dark/actions/16/umbr-message-found.svg
umbr-message-lost-symbolic.svg	/usr/share/icons/breeze-dark/actions/16/umbr-message-lost-symbolic.svg
umbr-message-lost.svg	/usr/share/icons/breeze-dark/actions/16/umbr-message-lost.svg
umbr-message-synchronous-symbolic.svg	/usr/share/icons/breeze-dark/actions/16/umbr-message-synchronous-symbolic.svg
umbr-message-synchronous.svg	/usr/share/icons/breeze-dark/actions/16/umbr-message-synchronous.svg
umbrello_diagram_activity-symbolic.svg	/usr/share/icons/breeze-dark/actions/16/umbrello_diagram_activity-symbolic.svg
umbrello_diagram_activity.svg	/usr/share/icons/breeze-dark/actions/16/umbrello_diagram_activity.svg
umbrello_diagram_class-symbolic.svg	/usr/share/icons/breeze-dark/actions/16/umbrello_diagram_class-symbolic.svg
umbrello_diagram_class.svg	/usr/share/icons/breeze-dark/actions/16/umbrello_diagram_class.svg
umbrello_diagram_collaboration-symbolic.svg	/usr/share/icons/breeze-dark/actions/16/umbrello_diagram_collaboration-symbolic.svg
umbrello_diagram_collaboration.svg	/usr/share/icons/breeze-dark/actions/16/umbrello_diagram_collaboration.svg
umbrello_diagram_component-symbolic.svg	/usr/share/icons/breeze-dark/actions/16/umbrello_diagram_component-symbolic.svg
umbrello_diagram_component.svg	/usr/share/icons/breeze-dark/actions/16/umbrello_diagram_component.svg
umbrello_diagram_deployment-symbolic.svg	/usr/share/icons/breeze-dark/actions/16/umbrello_diagram_deployment-symbolic.svg
umbrello_diagram_deployment.svg	/usr/share/icons/breeze-dark/actions/16/umbrello_diagram_deployment.svg
umbrello_diagram_entityrelationship-symbolic.svg	/usr/share/icons/breeze-dark/actions/16/umbrello_diagram_entityrelationship-symbolic.svg
umbrello_diagram_entityrelationship.svg	/usr/share/icons/breeze-dark/actions/16/umbrello_diagram_entityrelationship.svg
umbrello_diagram_sequence-symbolic.svg	/usr/share/icons/breeze-dark/actions/16/umbrello_diagram_sequence-symbolic.svg
umbrello_diagram_sequence.svg	/usr/share/icons/breeze-dark/actions/16/umbrello_diagram_sequence.svg
umbrello_diagram_state-symbolic.svg	/usr/share/icons/breeze-dark/actions/16/umbrello_diagram_state-symbolic.svg
umbrello_diagram_state.svg	/usr/share/icons/breeze-dark/actions/16/umbrello_diagram_state.svg
umbrello_diagram_usecase-symbolic.svg	/usr/share/icons/breeze-dark/actions/16/umbrello_diagram_usecase-symbolic.svg
umbrello_diagram_usecase.svg	/usr/share/icons/breeze-dark/actions/16/umbrello_diagram_usecase.svg
uniassociation-symbolic.svg	/usr/share/icons/breeze-dark/actions/16/uniassociation-symbolic.svg
uniassociation.svg	/usr/share/icons/breeze-dark/actions/16/uniassociation.svg
unique_constraint-symbolic.svg	/usr/share/icons/breeze-dark/actions/16/unique_constraint-symbolic.svg
unique_constraint.svg	/usr/share/icons/breeze-dark/actions/16/unique_constraint.svg
unlock-symbolic.svg	/usr/share/icons/breeze-dark/actions/16/unlock-symbolic.svg
unlock.svg	/usr/share/icons/breeze-dark/actions/16/unlock.svg
unmarkasblank-symbolic.svg	/usr/share/icons/breeze-dark/actions/16/unmarkasblank-symbolic.svg
unmarkasblank.svg	/usr/share/icons/breeze-dark/actions/16/unmarkasblank.svg
upcomingevents-amarok-symbolic.svg	/usr/share/icons/breeze-dark/actions/16/upcomingevents-amarok-symbolic.svg
upcomingevents-amarok.svg	/usr/share/icons/breeze-dark/actions/16/upcomingevents-amarok.svg
upindicator-symbolic.svg	/usr/share/icons/breeze-dark/actions/16/upindicator-symbolic.svg
upindicator.svg	/usr/share/icons/breeze-dark/actions/16/upindicator.svg
upload-later-symbolic.svg	/usr/share/icons/breeze-dark/actions/16/upload-later-symbolic.svg
upload-later.svg	/usr/share/icons/breeze-dark/actions/16/upload-later.svg
upload-media-symbolic.svg	/usr/share/icons/breeze-dark/actions/16/upload-media-symbolic.svg
upload-media.svg	/usr/share/icons/breeze-dark/actions/16/upload-media.svg
usecase-symbolic.svg	/usr/share/icons/breeze-dark/actions/16/usecase-symbolic.svg
usecase.svg	/usr/share/icons/breeze-dark/actions/16/usecase.svg
user-group-delete-symbolic.svg	/usr/share/icons/breeze-dark/actions/16/user-group-delete-symbolic.svg
user-group-delete.svg	/usr/share/icons/breeze-dark/actions/16/user-group-delete.svg
user-group-new-symbolic.svg	/usr/share/icons/breeze-dark/actions/16/user-group-new-symbolic.svg
user-group-new.svg	/usr/share/icons/breeze-dark/actions/16/user-group-new.svg
user-group-properties-symbolic.svg	/usr/share/icons/breeze-dark/actions/16/user-group-properties-symbolic.svg
user-group-properties.svg	/usr/share/icons/breeze-dark/actions/16/user-group-properties.svg
user-identity-symbolic.svg	/usr/share/icons/breeze-dark/actions/16/user-identity-symbolic.svg
user-identity.svg	/usr/share/icons/breeze-dark/actions/16/user-identity.svg
user-others-symbolic.svg	/usr/share/icons/breeze-dark/actions/16/user-others-symbolic.svg
user-others.svg	/usr/share/icons/breeze-dark/actions/16/user-others.svg
user-properties-symbolic.svg	/usr/share/icons/breeze-dark/actions/16/user-properties-symbolic.svg
user-properties.svg	/usr/share/icons/breeze-dark/actions/16/user-properties.svg
user-symbolic.svg	/usr/share/icons/breeze-dark/actions/16/user-symbolic.svg
user.svg	/usr/share/icons/breeze-dark/actions/16/user.svg
usermenu-delete-symbolic.svg	/usr/share/icons/breeze-dark/actions/16/usermenu-delete-symbolic.svg
usermenu-delete.svg	/usr/share/icons/breeze-dark/actions/16/usermenu-delete.svg
usermenu-down-symbolic.svg	/usr/share/icons/breeze-dark/actions/16/usermenu-down-symbolic.svg
usermenu-down.svg	/usr/share/icons/breeze-dark/actions/16/usermenu-down.svg
usermenu-up-symbolic.svg	/usr/share/icons/breeze-dark/actions/16/usermenu-up-symbolic.svg
usermenu-up.svg	/usr/share/icons/breeze-dark/actions/16/usermenu-up.svg
value-decrease.svg	/usr/share/icons/breeze-dark/actions/16/value-decrease.svg
value-increase.svg	/usr/share/icons/breeze-dark/actions/16/value-increase.svg
vcs-branch-delete-symbolic.svg	/usr/share/icons/breeze-dark/actions/16/vcs-branch-delete-symbolic.svg
vcs-branch-delete.svg	/usr/share/icons/breeze-dark/actions/16/vcs-branch-delete.svg
vcs-branch-symbolic.svg	/usr/share/icons/breeze-dark/actions/16/vcs-branch-symbolic.svg
vcs-branch.svg	/usr/share/icons/breeze-dark/actions/16/vcs-branch.svg
vcs-commit-symbolic.svg	/usr/share/icons/breeze-dark/actions/16/vcs-commit-symbolic.svg
vcs-commit.svg	/usr/share/icons/breeze-dark/actions/16/vcs-commit.svg
vcs-diff-symbolic.svg	/usr/share/icons/breeze-dark/actions/16/vcs-diff-symbolic.svg
vcs-diff.svg	/usr/share/icons/breeze-dark/actions/16/vcs-diff.svg
vcs-merge-request-symbolic.svg	/usr/share/icons/breeze-dark/actions/16/vcs-merge-request-symbolic.svg
vcs-merge-request.svg	/usr/share/icons/breeze-dark/actions/16/vcs-merge-request.svg
vcs-merge-symbolic.svg	/usr/share/icons/breeze-dark/actions/16/vcs-merge-symbolic.svg
vcs-merge.svg	/usr/share/icons/breeze-dark/actions/16/vcs-merge.svg
vcs-pull-symbolic.svg	/usr/share/icons/breeze-dark/actions/16/vcs-pull-symbolic.svg
vcs-pull.svg	/usr/share/icons/breeze-dark/actions/16/vcs-pull.svg
vcs-push-symbolic.svg	/usr/share/icons/breeze-dark/actions/16/vcs-push-symbolic.svg
vcs-push.svg	/usr/share/icons/breeze-dark/actions/16/vcs-push.svg
vcs-stash-pop-symbolic.svg	/usr/share/icons/breeze-dark/actions/16/vcs-stash-pop-symbolic.svg
vcs-stash-pop.svg	/usr/share/icons/breeze-dark/actions/16/vcs-stash-pop.svg
vcs-stash-symbolic.svg	/usr/share/icons/breeze-dark/actions/16/vcs-stash-symbolic.svg
vcs-stash.svg	/usr/share/icons/breeze-dark/actions/16/vcs-stash.svg
verb-symbolic.svg	/usr/share/icons/breeze-dark/actions/16/verb-symbolic.svg
verb.svg	/usr/share/icons/breeze-dark/actions/16/verb.svg
verbatim-symbolic.svg	/usr/share/icons/breeze-dark/actions/16/verbatim-symbolic.svg
verbatim.svg	/usr/share/icons/breeze-dark/actions/16/verbatim.svg
video-symbolic.svg	/usr/share/icons/breeze-dark/actions/16/video-symbolic.svg
videoclip-amarok-symbolic.svg	/usr/share/icons/breeze-dark/actions/16/videoclip-amarok-symbolic.svg
videoclip-amarok.svg	/usr/share/icons/breeze-dark/actions/16/videoclip-amarok.svg
view-bank-add-symbolic.svg	/usr/share/icons/breeze-dark/actions/16/view-bank-add-symbolic.svg
view-bank-add.svg	/usr/share/icons/breeze-dark/actions/16/view-bank-add.svg
view-bank-delete-symbolic.svg	/usr/share/icons/breeze-dark/actions/16/view-bank-delete-symbolic.svg
view-bank-delete.svg	/usr/share/icons/breeze-dark/actions/16/view-bank-delete.svg
view-bank-edit-symbolic.svg	/usr/share/icons/breeze-dark/actions/16/view-bank-edit-symbolic.svg
view-bank-edit.svg	/usr/share/icons/breeze-dark/actions/16/view-bank-edit.svg
view-bank-symbolic.svg	/usr/share/icons/breeze-dark/actions/16/view-bank-symbolic.svg
view-bank.svg	/usr/share/icons/breeze-dark/actions/16/view-bank.svg
view-barcode-add-symbolic.svg	/usr/share/icons/breeze-dark/actions/16/view-barcode-add-symbolic.svg
view-barcode-add.svg	/usr/share/icons/breeze-dark/actions/16/view-barcode-add.svg
view-barcode-qr-symbolic.svg	/usr/share/icons/breeze-dark/actions/16/view-barcode-qr-symbolic.svg
view-barcode-qr.svg	/usr/share/icons/breeze-dark/actions/16/view-barcode-qr.svg
view-barcode-symbolic.svg	/usr/share/icons/breeze-dark/actions/16/view-barcode-symbolic.svg
view-barcode.svg	/usr/share/icons/breeze-dark/actions/16/view-barcode.svg
view-calendar-agenda-symbolic.svg	/usr/share/icons/breeze-dark/actions/16/view-calendar-agenda-symbolic.svg
view-calendar-agenda.svg	/usr/share/icons/breeze-dark/actions/16/view-calendar-agenda.svg
view-calendar-birthday-symbolic.svg	/usr/share/icons/breeze-dark/actions/16/view-calendar-birthday-symbolic.svg
view-calendar-birthday.svg	/usr/share/icons/breeze-dark/actions/16/view-calendar-birthday.svg
view-calendar-day-symbolic.svg	/usr/share/icons/breeze-dark/actions/16/view-calendar-day-symbolic.svg
view-calendar-day.svg	/usr/share/icons/breeze-dark/actions/16/view-calendar-day.svg
view-calendar-holiday-symbolic.svg	/usr/share/icons/breeze-dark/actions/16/view-calendar-holiday-symbolic.svg
view-calendar-holiday.svg	/usr/share/icons/breeze-dark/actions/16/view-calendar-holiday.svg
view-calendar-journal-symbolic.svg	/usr/share/icons/breeze-dark/actions/16/view-calendar-journal-symbolic.svg
view-calendar-journal.svg	/usr/share/icons/breeze-dark/actions/16/view-calendar-journal.svg
view-calendar-list-symbolic.svg	/usr/share/icons/breeze-dark/actions/16/view-calendar-list-symbolic.svg
view-calendar-list.svg	/usr/share/icons/breeze-dark/actions/16/view-calendar-list.svg
view-calendar-month-symbolic.svg	/usr/share/icons/breeze-dark/actions/16/view-calendar-month-symbolic.svg
view-calendar-month.svg	/usr/share/icons/breeze-dark/actions/16/view-calendar-month.svg
view-calendar-special-occasion-symbolic.svg	/usr/share/icons/breeze-dark/actions/16/view-calendar-special-occasion-symbolic.svg
view-calendar-special-occasion.svg	/usr/share/icons/breeze-dark/actions/16/view-calendar-special-occasion.svg
view-calendar-symbolic.svg	/usr/share/icons/breeze-dark/actions/16/view-calendar-symbolic.svg
view-calendar-tasks-symbolic.svg	/usr/share/icons/breeze-dark/actions/16/view-calendar-tasks-symbolic.svg
view-calendar-tasks.svg	/usr/share/icons/breeze-dark/actions/16/view-calendar-tasks.svg
view-calendar-time-spent-symbolic.svg	/usr/share/icons/breeze-dark/actions/16/view-calendar-time-spent-symbolic.svg
view-calendar-time-spent.svg	/usr/share/icons/breeze-dark/actions/16/view-calendar-time-spent.svg
view-calendar-timeline-symbolic.svg	/usr/share/icons/breeze-dark/actions/16/view-calendar-timeline-symbolic.svg
view-calendar-timeline.svg	/usr/share/icons/breeze-dark/actions/16/view-calendar-timeline.svg
view-calendar-upcoming-days-symbolic.svg	/usr/share/icons/breeze-dark/actions/16/view-calendar-upcoming-days-symbolic.svg
view-calendar-upcoming-days.svg	/usr/share/icons/breeze-dark/actions/16/view-calendar-upcoming-days.svg
view-calendar-upcoming-events-symbolic.svg	/usr/share/icons/breeze-dark/actions/16/view-calendar-upcoming-events-symbolic.svg
view-calendar-upcoming-events.svg	/usr/share/icons/breeze-dark/actions/16/view-calendar-upcoming-events.svg
view-calendar-wedding-anniversary-symbolic.svg	/usr/share/icons/breeze-dark/actions/16/view-calendar-wedding-anniversary-symbolic.svg
view-calendar-wedding-anniversary.svg	/usr/share/icons/breeze-dark/actions/16/view-calendar-wedding-anniversary.svg
view-calendar-week-symbolic.svg	/usr/share/icons/breeze-dark/actions/16/view-calendar-week-symbolic.svg
view-calendar-week.svg	/usr/share/icons/breeze-dark/actions/16/view-calendar-week.svg
view-calendar-whatsnext-symbolic.svg	/usr/share/icons/breeze-dark/actions/16/view-calendar-whatsnext-symbolic.svg
view-calendar-whatsnext.svg	/usr/share/icons/breeze-dark/actions/16/view-calendar-whatsnext.svg
view-calendar-workweek-symbolic.svg	/usr/share/icons/breeze-dark/actions/16/view-calendar-workweek-symbolic.svg
view-calendar-workweek.svg	/usr/share/icons/breeze-dark/actions/16/view-calendar-workweek.svg
view-calendar.svg	/usr/share/icons/breeze-dark/actions/16/view-calendar.svg
view-categories-expenditures-symbolic.svg	/usr/share/icons/breeze-dark/actions/16/view-categories-expenditures-symbolic.svg
view-categories-expenditures.svg	/usr/share/icons/breeze-dark/actions/16/view-categories-expenditures.svg
view-categories-incomes-symbolic.svg	/usr/share/icons/breeze-dark/actions/16/view-categories-incomes-symbolic.svg
view-categories-incomes.svg	/usr/share/icons/breeze-dark/actions/16/view-categories-incomes.svg
view-choose-symbolic.svg	/usr/share/icons/breeze-dark/actions/16/view-choose-symbolic.svg
view-choose.svg	/usr/share/icons/breeze-dark/actions/16/view-choose.svg
view-close-symbolic.svg	/usr/share/icons/breeze-dark/actions/16/view-close-symbolic.svg
view-close.svg	/usr/share/icons/breeze-dark/actions/16/view-close.svg
view-conversation-balloon-symbolic.svg	/usr/share/icons/breeze-dark/actions/16/view-conversation-balloon-symbolic.svg
view-conversation-balloon.svg	/usr/share/icons/breeze-dark/actions/16/view-conversation-balloon.svg
view-currency-list-symbolic.svg	/usr/share/icons/breeze-dark/actions/16/view-currency-list-symbolic.svg
view-currency-list.svg	/usr/share/icons/breeze-dark/actions/16/view-currency-list.svg
view-file-columns-symbolic.svg	/usr/share/icons/breeze-dark/actions/16/view-file-columns-symbolic.svg
view-file-columns.svg	/usr/share/icons/breeze-dark/actions/16/view-file-columns.svg
view-filter-symbolic.svg	/usr/share/icons/breeze-dark/actions/16/view-filter-symbolic.svg
view-filter.svg	/usr/share/icons/breeze-dark/actions/16/view-filter.svg
view-financial-account-add-symbolic.svg	/usr/share/icons/breeze-dark/actions/16/view-financial-account-add-symbolic.svg
view-financial-account-add.svg	/usr/share/icons/breeze-dark/actions/16/view-financial-account-add.svg
view-financial-account-asset-closed-symbolic.svg	/usr/share/icons/breeze-dark/actions/16/view-financial-account-asset-closed-symbolic.svg
view-financial-account-asset-closed.svg	/usr/share/icons/breeze-dark/actions/16/view-financial-account-asset-closed.svg
view-financial-account-asset-symbolic.svg	/usr/share/icons/breeze-dark/actions/16/view-financial-account-asset-symbolic.svg
view-financial-account-asset.svg	/usr/share/icons/breeze-dark/actions/16/view-financial-account-asset.svg
view-financial-account-cash-closed-symbolic.svg	/usr/share/icons/breeze-dark/actions/16/view-financial-account-cash-closed-symbolic.svg
view-financial-account-cash-closed.svg	/usr/share/icons/breeze-dark/actions/16/view-financial-account-cash-closed.svg
view-financial-account-cash-symbolic.svg	/usr/share/icons/breeze-dark/actions/16/view-financial-account-cash-symbolic.svg
view-financial-account-cash.svg	/usr/share/icons/breeze-dark/actions/16/view-financial-account-cash.svg
view-financial-account-checking-closed-symbolic.svg	/usr/share/icons/breeze-dark/actions/16/view-financial-account-checking-closed-symbolic.svg
view-financial-account-checking-closed.svg	/usr/share/icons/breeze-dark/actions/16/view-financial-account-checking-closed.svg
view-financial-account-checking-symbolic.svg	/usr/share/icons/breeze-dark/actions/16/view-financial-account-checking-symbolic.svg
view-financial-account-checking.svg	/usr/share/icons/breeze-dark/actions/16/view-financial-account-checking.svg
view-financial-account-close-symbolic.svg	/usr/share/icons/breeze-dark/actions/16/view-financial-account-close-symbolic.svg
view-financial-account-close.svg	/usr/share/icons/breeze-dark/actions/16/view-financial-account-close.svg
view-financial-account-closed-symbolic.svg	/usr/share/icons/breeze-dark/actions/16/view-financial-account-closed-symbolic.svg
view-financial-account-closed.svg	/usr/share/icons/breeze-dark/actions/16/view-financial-account-closed.svg
view-financial-account-delete-symbolic.svg	/usr/share/icons/breeze-dark/actions/16/view-financial-account-delete-symbolic.svg
view-financial-account-delete.svg	/usr/share/icons/breeze-dark/actions/16/view-financial-account-delete.svg
view-financial-account-edit-symbolic.svg	/usr/share/icons/breeze-dark/actions/16/view-financial-account-edit-symbolic.svg
view-financial-account-edit.svg	/usr/share/icons/breeze-dark/actions/16/view-financial-account-edit.svg
view-financial-account-investment-closed-symbolic.svg	/usr/share/icons/breeze-dark/actions/16/view-financial-account-investment-closed-symbolic.svg
view-financial-account-investment-closed.svg	/usr/share/icons/breeze-dark/actions/16/view-financial-account-investment-closed.svg
view-financial-account-investment-security-closed-symbolic.svg	/usr/share/icons/breeze-dark/actions/16/view-financial-account-investment-security-closed-symbolic.svg
view-financial-account-investment-security-closed.svg	/usr/share/icons/breeze-dark/actions/16/view-financial-account-investment-security-closed.svg
view-financial-account-investment-security-symbolic.svg	/usr/share/icons/breeze-dark/actions/16/view-financial-account-investment-security-symbolic.svg
view-financial-account-investment-security.svg	/usr/share/icons/breeze-dark/actions/16/view-financial-account-investment-security.svg
view-financial-account-investment-symbolic.svg	/usr/share/icons/breeze-dark/actions/16/view-financial-account-investment-symbolic.svg
view-financial-account-investment.svg	/usr/share/icons/breeze-dark/actions/16/view-financial-account-investment.svg
view-financial-account-liability-closed-symbolic.svg	/usr/share/icons/breeze-dark/actions/16/view-financial-account-liability-closed-symbolic.svg
view-financial-account-liability-closed.svg	/usr/share/icons/breeze-dark/actions/16/view-financial-account-liability-closed.svg
view-financial-account-liability-symbolic.svg	/usr/share/icons/breeze-dark/actions/16/view-financial-account-liability-symbolic.svg
view-financial-account-liability.svg	/usr/share/icons/breeze-dark/actions/16/view-financial-account-liability.svg
view-financial-account-loan-closed-symbolic.svg	/usr/share/icons/breeze-dark/actions/16/view-financial-account-loan-closed-symbolic.svg
view-financial-account-loan-closed.svg	/usr/share/icons/breeze-dark/actions/16/view-financial-account-loan-closed.svg
view-financial-account-loan-symbolic.svg	/usr/share/icons/breeze-dark/actions/16/view-financial-account-loan-symbolic.svg
view-financial-account-loan.svg	/usr/share/icons/breeze-dark/actions/16/view-financial-account-loan.svg
view-financial-account-reopen-symbolic.svg	/usr/share/icons/breeze-dark/actions/16/view-financial-account-reopen-symbolic.svg
view-financial-account-reopen.svg	/usr/share/icons/breeze-dark/actions/16/view-financial-account-reopen.svg
view-financial-account-savings-closed-symbolic.svg	/usr/share/icons/breeze-dark/actions/16/view-financial-account-savings-closed-symbolic.svg
view-financial-account-savings-closed.svg	/usr/share/icons/breeze-dark/actions/16/view-financial-account-savings-closed.svg
view-financial-account-savings-symbolic.svg	/usr/share/icons/breeze-dark/actions/16/view-financial-account-savings-symbolic.svg
view-financial-account-savings.svg	/usr/share/icons/breeze-dark/actions/16/view-financial-account-savings.svg
view-financial-account-symbolic.svg	/usr/share/icons/breeze-dark/actions/16/view-financial-account-symbolic.svg
view-financial-account.svg	/usr/share/icons/breeze-dark/actions/16/view-financial-account.svg
view-financial-budget-symbolic.svg	/usr/share/icons/breeze-dark/actions/16/view-financial-budget-symbolic.svg
view-financial-budget.svg	/usr/share/icons/breeze-dark/actions/16/view-financial-budget.svg
view-financial-category-add-symbolic.svg	/usr/share/icons/breeze-dark/actions/16/view-financial-category-add-symbolic.svg
view-financial-category-add.svg	/usr/share/icons/breeze-dark/actions/16/view-financial-category-add.svg
view-financial-category-delete-symbolic.svg	/usr/share/icons/breeze-dark/actions/16/view-financial-category-delete-symbolic.svg
view-financial-category-delete.svg	/usr/share/icons/breeze-dark/actions/16/view-financial-category-delete.svg
view-financial-category-edit-symbolic.svg	/usr/share/icons/breeze-dark/actions/16/view-financial-category-edit-symbolic.svg
view-financial-category-edit.svg	/usr/share/icons/breeze-dark/actions/16/view-financial-category-edit.svg
view-financial-category-expense-symbolic.svg	/usr/share/icons/breeze-dark/actions/16/view-financial-category-expense-symbolic.svg
view-financial-category-expense.svg	/usr/share/icons/breeze-dark/actions/16/view-financial-category-expense.svg
view-financial-category-income-symbolic.svg	/usr/share/icons/breeze-dark/actions/16/view-financial-category-income-symbolic.svg
view-financial-category-income.svg	/usr/share/icons/breeze-dark/actions/16/view-financial-category-income.svg
view-financial-category-symbolic.svg	/usr/share/icons/breeze-dark/actions/16/view-financial-category-symbolic.svg
view-financial-category.svg	/usr/share/icons/breeze-dark/actions/16/view-financial-category.svg
view-financial-list-symbolic.svg	/usr/share/icons/breeze-dark/actions/16/view-financial-list-symbolic.svg
view-financial-list.svg	/usr/share/icons/breeze-dark/actions/16/view-financial-list.svg
view-financial-transfer-reconcile-symbolic.svg	/usr/share/icons/breeze-dark/actions/16/view-financial-transfer-reconcile-symbolic.svg
view-financial-transfer-reconcile.svg	/usr/share/icons/breeze-dark/actions/16/view-financial-transfer-reconcile.svg
view-financial-transfer-reconciled-symbolic.svg	/usr/share/icons/breeze-dark/actions/16/view-financial-transfer-reconciled-symbolic.svg
view-financial-transfer-reconciled.svg	/usr/share/icons/breeze-dark/actions/16/view-financial-transfer-reconciled.svg
view-financial-transfer-unreconciled-symbolic.svg	/usr/share/icons/breeze-dark/actions/16/view-financial-transfer-unreconciled-symbolic.svg
view-financial-transfer-unreconciled.svg	/usr/share/icons/breeze-dark/actions/16/view-financial-transfer-unreconciled.svg
view-form-action-symbolic.svg	/usr/share/icons/breeze-dark/actions/16/view-form-action-symbolic.svg
view-form-action.svg	/usr/share/icons/breeze-dark/actions/16/view-form-action.svg
view-form-symbolic.svg	/usr/share/icons/breeze-dark/actions/16/view-form-symbolic.svg
view-form.svg	/usr/share/icons/breeze-dark/actions/16/view-form.svg
view-fullscreen.svg	/usr/share/icons/breeze-dark/actions/16/view-fullscreen.svg
view-grid.svg	/usr/share/icons/breeze-dark/actions/16/view-grid.svg
view-group-symbolic.svg	/usr/share/icons/breeze-dark/actions/16/view-group-symbolic.svg
view-group.svg	/usr/share/icons/breeze-dark/actions/16/view-group.svg
view-hidden-symbolic.svg	/usr/share/icons/breeze-dark/actions/16/view-hidden-symbolic.svg
view-hidden.svg	/usr/share/icons/breeze-dark/actions/16/view-hidden.svg
view-history-symbolic.svg	/usr/share/icons/breeze-dark/actions/16/view-history-symbolic.svg
view-history.svg	/usr/share/icons/breeze-dark/actions/16/view-history.svg
view-institution-add-symbolic.svg	/usr/share/icons/breeze-dark/actions/16/view-institution-add-symbolic.svg
view-institution-add.svg	/usr/share/icons/breeze-dark/actions/16/view-institution-add.svg
view-institution-delete-symbolic.svg	/usr/share/icons/breeze-dark/actions/16/view-institution-delete-symbolic.svg
view-institution-delete.svg	/usr/share/icons/breeze-dark/actions/16/view-institution-delete.svg
view-institution-edit-symbolic.svg	/usr/share/icons/breeze-dark/actions/16/view-institution-edit-symbolic.svg
view-institution-edit.svg	/usr/share/icons/breeze-dark/actions/16/view-institution-edit.svg
view-institution-symbolic.svg	/usr/share/icons/breeze-dark/actions/16/view-institution-symbolic.svg
view-institution.svg	/usr/share/icons/breeze-dark/actions/16/view-institution.svg
view-left-close-symbolic.svg	/usr/share/icons/breeze-dark/actions/16/view-left-close-symbolic.svg
view-left-close.svg	/usr/share/icons/breeze-dark/actions/16/view-left-close.svg
view-left-new-symbolic.svg	/usr/share/icons/breeze-dark/actions/16/view-left-new-symbolic.svg
view-left-new.svg	/usr/share/icons/breeze-dark/actions/16/view-left-new.svg
view-list-details-symbolic.svg	/usr/share/icons/breeze-dark/actions/16/view-list-details-symbolic.svg
view-list-details.svg	/usr/share/icons/breeze-dark/actions/16/view-list-details.svg
view-list-icons-symbolic.svg	/usr/share/icons/breeze-dark/actions/16/view-list-icons-symbolic.svg
view-list-icons.svg	/usr/share/icons/breeze-dark/actions/16/view-list-icons.svg
view-list-text-symbolic.svg	/usr/share/icons/breeze-dark/actions/16/view-list-text-symbolic.svg
view-list-text.svg	/usr/share/icons/breeze-dark/actions/16/view-list-text.svg
view-list-tree-symbolic.svg	/usr/share/icons/breeze-dark/actions/16/view-list-tree-symbolic.svg
view-list-tree.svg	/usr/share/icons/breeze-dark/actions/16/view-list-tree.svg
view-media-album-cover-symbolic.svg	/usr/share/icons/breeze-dark/actions/16/view-media-album-cover-symbolic.svg
view-media-album-cover.svg	/usr/share/icons/breeze-dark/actions/16/view-media-album-cover.svg
view-media-artist-symbolic.svg	/usr/share/icons/breeze-dark/actions/16/view-media-artist-symbolic.svg
view-media-artist.svg	/usr/share/icons/breeze-dark/actions/16/view-media-artist.svg
view-media-equalizer-symbolic.svg	/usr/share/icons/breeze-dark/actions/16/view-media-equalizer-symbolic.svg
view-media-equalizer.svg	/usr/share/icons/breeze-dark/actions/16/view-media-equalizer.svg
view-media-lyrics-symbolic.svg	/usr/share/icons/breeze-dark/actions/16/view-media-lyrics-symbolic.svg
view-media-lyrics.svg	/usr/share/icons/breeze-dark/actions/16/view-media-lyrics.svg
view-media-playlist-symbolic.svg	/usr/share/icons/breeze-dark/actions/16/view-media-playlist-symbolic.svg
view-media-playlist.svg	/usr/share/icons/breeze-dark/actions/16/view-media-playlist.svg
view-media-publisher-symbolic.svg	/usr/share/icons/breeze-dark/actions/16/view-media-publisher-symbolic.svg
view-media-publisher.svg	/usr/share/icons/breeze-dark/actions/16/view-media-publisher.svg
view-media-visualization-symbolic.svg	/usr/share/icons/breeze-dark/actions/16/view-media-visualization-symbolic.svg
view-media-visualization.svg	/usr/share/icons/breeze-dark/actions/16/view-media-visualization.svg
view-multiple-objects-symbolic.svg	/usr/share/icons/breeze-dark/actions/16/view-multiple-objects-symbolic.svg
view-multiple-objects.svg	/usr/share/icons/breeze-dark/actions/16/view-multiple-objects.svg
view-object-histogram-linear-symbolic.svg	/usr/share/icons/breeze-dark/actions/16/view-object-histogram-linear-symbolic.svg
view-object-histogram-linear.svg	/usr/share/icons/breeze-dark/actions/16/view-object-histogram-linear.svg
view-object-histogram-logarithmic-symbolic.svg	/usr/share/icons/breeze-dark/actions/16/view-object-histogram-logarithmic-symbolic.svg
view-object-histogram-logarithmic.svg	/usr/share/icons/breeze-dark/actions/16/view-object-histogram-logarithmic.svg
view-pages-continuous-symbolic.svg	/usr/share/icons/breeze-dark/actions/16/view-pages-continuous-symbolic.svg
view-pages-continuous.svg	/usr/share/icons/breeze-dark/actions/16/view-pages-continuous.svg
view-pages-facing-first-centered-symbolic.svg	/usr/share/icons/breeze-dark/actions/16/view-pages-facing-first-centered-symbolic.svg
view-pages-facing-first-centered.svg	/usr/share/icons/breeze-dark/actions/16/view-pages-facing-first-centered.svg
view-pages-facing-symbolic.svg	/usr/share/icons/breeze-dark/actions/16/view-pages-facing-symbolic.svg
view-pages-facing.svg	/usr/share/icons/breeze-dark/actions/16/view-pages-facing.svg
view-pages-overview-symbolic.svg	/usr/share/icons/breeze-dark/actions/16/view-pages-overview-symbolic.svg
view-pages-overview.svg	/usr/share/icons/breeze-dark/actions/16/view-pages-overview.svg
view-pages-single-symbolic.svg	/usr/share/icons/breeze-dark/actions/16/view-pages-single-symbolic.svg
view-pages-single.svg	/usr/share/icons/breeze-dark/actions/16/view-pages-single.svg
view-pim-calendar-symbolic.svg	/usr/share/icons/breeze-dark/actions/16/view-pim-calendar-symbolic.svg
view-pim-calendar.svg	/usr/share/icons/breeze-dark/actions/16/view-pim-calendar.svg
view-pim-contacts-symbolic.svg	/usr/share/icons/breeze-dark/actions/16/view-pim-contacts-symbolic.svg
view-pim-contacts.svg	/usr/share/icons/breeze-dark/actions/16/view-pim-contacts.svg
view-pim-journal-symbolic.svg	/usr/share/icons/breeze-dark/actions/16/view-pim-journal-symbolic.svg
view-pim-journal.svg	/usr/share/icons/breeze-dark/actions/16/view-pim-journal.svg
view-pim-mail-symbolic.svg	/usr/share/icons/breeze-dark/actions/16/view-pim-mail-symbolic.svg
view-pim-mail.svg	/usr/share/icons/breeze-dark/actions/16/view-pim-mail.svg
view-pim-news-symbolic.svg	/usr/share/icons/breeze-dark/actions/16/view-pim-news-symbolic.svg
view-pim-news.svg	/usr/share/icons/breeze-dark/actions/16/view-pim-news.svg
view-pim-notes-symbolic.svg	/usr/share/icons/breeze-dark/actions/16/view-pim-notes-symbolic.svg
view-pim-notes.svg	/usr/share/icons/breeze-dark/actions/16/view-pim-notes.svg
view-pim-tasks-pending-symbolic.svg	/usr/share/icons/breeze-dark/actions/16/view-pim-tasks-pending-symbolic.svg
view-pim-tasks-pending.svg	/usr/share/icons/breeze-dark/actions/16/view-pim-tasks-pending.svg
view-pim-tasks-symbolic.svg	/usr/share/icons/breeze-dark/actions/16/view-pim-tasks-symbolic.svg
view-pim-tasks.svg	/usr/share/icons/breeze-dark/actions/16/view-pim-tasks.svg
view-presentation-symbolic.svg	/usr/share/icons/breeze-dark/actions/16/view-presentation-symbolic.svg
view-presentation.svg	/usr/share/icons/breeze-dark/actions/16/view-presentation.svg
view-preview-symbolic.svg	/usr/share/icons/breeze-dark/actions/16/view-preview-symbolic.svg
view-preview.svg	/usr/share/icons/breeze-dark/actions/16/view-preview.svg
view-private-symbolic.svg	/usr/share/icons/breeze-dark/actions/16/view-private-symbolic.svg
view-private.svg	/usr/share/icons/breeze-dark/actions/16/view-private.svg
view-process-all-symbolic.svg	/usr/share/icons/breeze-dark/actions/16/view-process-all-symbolic.svg
view-process-all-tree-symbolic.svg	/usr/share/icons/breeze-dark/actions/16/view-process-all-tree-symbolic.svg
view-process-all-tree.svg	/usr/share/icons/breeze-dark/actions/16/view-process-all-tree.svg
view-process-all.svg	/usr/share/icons/breeze-dark/actions/16/view-process-all.svg
view-process-own-symbolic.svg	/usr/share/icons/breeze-dark/actions/16/view-process-own-symbolic.svg
view-process-own.svg	/usr/share/icons/breeze-dark/actions/16/view-process-own.svg
view-process-system-symbolic.svg	/usr/share/icons/breeze-dark/actions/16/view-process-system-symbolic.svg
view-process-system.svg	/usr/share/icons/breeze-dark/actions/16/view-process-system.svg
view-process-tree-symbolic.svg	/usr/share/icons/breeze-dark/actions/16/view-process-tree-symbolic.svg
view-process-tree.svg	/usr/share/icons/breeze-dark/actions/16/view-process-tree.svg
view-process-users-symbolic.svg	/usr/share/icons/breeze-dark/actions/16/view-process-users-symbolic.svg
view-process-users.svg	/usr/share/icons/breeze-dark/actions/16/view-process-users.svg
view-readermode-active-symbolic.svg	/usr/share/icons/breeze-dark/actions/16/view-readermode-active-symbolic.svg
view-readermode-active.svg	/usr/share/icons/breeze-dark/actions/16/view-readermode-active.svg
view-readermode-symbolic.svg	/usr/share/icons/breeze-dark/actions/16/view-readermode-symbolic.svg
view-readermode.svg	/usr/share/icons/breeze-dark/actions/16/view-readermode.svg
view-refresh.svg	/usr/share/icons/breeze-dark/actions/16/view-refresh.svg
view-resource-calendar-symbolic.svg	/usr/share/icons/breeze-dark/actions/16/view-resource-calendar-symbolic.svg
view-resource-calendar.svg	/usr/share/icons/breeze-dark/actions/16/view-resource-calendar.svg
view-restore.svg	/usr/share/icons/breeze-dark/actions/16/view-restore.svg
view-right-close-symbolic.svg	/usr/share/icons/breeze-dark/actions/16/view-right-close-symbolic.svg
view-right-close.svg	/usr/share/icons/breeze-dark/actions/16/view-right-close.svg
view-right-new-symbolic.svg	/usr/share/icons/breeze-dark/actions/16/view-right-new-symbolic.svg
view-right-new.svg	/usr/share/icons/breeze-dark/actions/16/view-right-new.svg
view-services-scripted-amarok-symbolic.svg	/usr/share/icons/breeze-dark/actions/16/view-services-scripted-amarok-symbolic.svg
view-services-scripted-amarok.svg	/usr/share/icons/breeze-dark/actions/16/view-services-scripted-amarok.svg
view-sidetree-symbolic.svg	/usr/share/icons/breeze-dark/actions/16/view-sidetree-symbolic.svg
view-sidetree.svg	/usr/share/icons/breeze-dark/actions/16/view-sidetree.svg
view-sort-ascending-name-symbolic.svg	/usr/share/icons/breeze-dark/actions/16/view-sort-ascending-name-symbolic.svg
view-sort-ascending-name.svg	/usr/share/icons/breeze-dark/actions/16/view-sort-ascending-name.svg
view-sort-ascending.svg	/usr/share/icons/breeze-dark/actions/16/view-sort-ascending.svg
view-sort-descending-name-symbolic.svg	/usr/share/icons/breeze-dark/actions/16/view-sort-descending-name-symbolic.svg
view-sort-descending-name.svg	/usr/share/icons/breeze-dark/actions/16/view-sort-descending-name.svg
view-sort-descending.svg	/usr/share/icons/breeze-dark/actions/16/view-sort-descending.svg
view-sort-symbolic.svg	/usr/share/icons/breeze-dark/actions/16/view-sort-symbolic.svg
view-sort.svg	/usr/share/icons/breeze-dark/actions/16/view-sort.svg
view-split-left-right-symbolic.svg	/usr/share/icons/breeze-dark/actions/16/view-split-left-right-symbolic.svg
view-split-left-right.svg	/usr/share/icons/breeze-dark/actions/16/view-split-left-right.svg
view-split-top-bottom-symbolic.svg	/usr/share/icons/breeze-dark/actions/16/view-split-top-bottom-symbolic.svg
view-split-top-bottom.svg	/usr/share/icons/breeze-dark/actions/16/view-split-top-bottom.svg
view-statistics-symbolic.svg	/usr/share/icons/breeze-dark/actions/16/view-statistics-symbolic.svg
view-statistics.svg	/usr/share/icons/breeze-dark/actions/16/view-statistics.svg
view-table-of-contents-ltr-symbolic.svg	/usr/share/icons/breeze-dark/actions/16/view-table-of-contents-ltr-symbolic.svg
view-table-of-contents-ltr.svg	/usr/share/icons/breeze-dark/actions/16/view-table-of-contents-ltr.svg
view-table-of-contents-rtl-symbolic.svg	/usr/share/icons/breeze-dark/actions/16/view-table-of-contents-rtl-symbolic.svg
view-table-of-contents-rtl.svg	/usr/share/icons/breeze-dark/actions/16/view-table-of-contents-rtl.svg
view-task-add-symbolic.svg	/usr/share/icons/breeze-dark/actions/16/view-task-add-symbolic.svg
view-task-add.svg	/usr/share/icons/breeze-dark/actions/16/view-task-add.svg
view-task-child-add-symbolic.svg	/usr/share/icons/breeze-dark/actions/16/view-task-child-add-symbolic.svg
view-task-child-add.svg	/usr/share/icons/breeze-dark/actions/16/view-task-child-add.svg
view-task-child-symbolic.svg	/usr/share/icons/breeze-dark/actions/16/view-task-child-symbolic.svg
view-task-child.svg	/usr/share/icons/breeze-dark/actions/16/view-task-child.svg
view-task-symbolic.svg	/usr/share/icons/breeze-dark/actions/16/view-task-symbolic.svg
view-task.svg	/usr/share/icons/breeze-dark/actions/16/view-task.svg
view-tasks-all-symbolic.svg	/usr/share/icons/breeze-dark/actions/16/view-tasks-all-symbolic.svg
view-tasks-today-symbolic.svg	/usr/share/icons/breeze-dark/actions/16/view-tasks-today-symbolic.svg
view-tasks-unscheduled-symbolic.svg	/usr/share/icons/breeze-dark/actions/16/view-tasks-unscheduled-symbolic.svg
view-tasks-week-symbolic.svg	/usr/share/icons/breeze-dark/actions/16/view-tasks-week-symbolic.svg
view-time-schedule-baselined-add-symbolic.svg	/usr/share/icons/breeze-dark/actions/16/view-time-schedule-baselined-add-symbolic.svg
view-time-schedule-baselined-add.svg	/usr/share/icons/breeze-dark/actions/16/view-time-schedule-baselined-add.svg
view-time-schedule-baselined-remove-symbolic.svg	/usr/share/icons/breeze-dark/actions/16/view-time-schedule-baselined-remove-symbolic.svg
view-time-schedule-baselined-remove.svg	/usr/share/icons/breeze-dark/actions/16/view-time-schedule-baselined-remove.svg
view-time-schedule-baselined-symbolic.svg	/usr/share/icons/breeze-dark/actions/16/view-time-schedule-baselined-symbolic.svg
view-time-schedule-baselined.svg	/usr/share/icons/breeze-dark/actions/16/view-time-schedule-baselined.svg
view-time-schedule-calculus-symbolic.svg	/usr/share/icons/breeze-dark/actions/16/view-time-schedule-calculus-symbolic.svg
view-time-schedule-calculus.svg	/usr/share/icons/breeze-dark/actions/16/view-time-schedule-calculus.svg
view-time-schedule-child-insert-symbolic.svg	/usr/share/icons/breeze-dark/actions/16/view-time-schedule-child-insert-symbolic.svg
view-time-schedule-child-insert.svg	/usr/share/icons/breeze-dark/actions/16/view-time-schedule-child-insert.svg
view-time-schedule-edit-symbolic.svg	/usr/share/icons/breeze-dark/actions/16/view-time-schedule-edit-symbolic.svg
view-time-schedule-edit.svg	/usr/share/icons/breeze-dark/actions/16/view-time-schedule-edit.svg
view-time-schedule-insert-symbolic.svg	/usr/share/icons/breeze-dark/actions/16/view-time-schedule-insert-symbolic.svg
view-time-schedule-insert.svg	/usr/share/icons/breeze-dark/actions/16/view-time-schedule-insert.svg
view-time-schedule-symbolic.svg	/usr/share/icons/breeze-dark/actions/16/view-time-schedule-symbolic.svg
view-time-schedule.svg	/usr/share/icons/breeze-dark/actions/16/view-time-schedule.svg
view-visible-off-symbolic.svg	/usr/share/icons/breeze-dark/actions/16/view-visible-off-symbolic.svg
view-visible-off.svg	/usr/share/icons/breeze-dark/actions/16/view-visible-off.svg
view-visible-symbolic.svg	/usr/share/icons/breeze-dark/actions/16/view-visible-symbolic.svg
view-visible.svg	/usr/share/icons/breeze-dark/actions/16/view-visible.svg
view-web-browser-dom-tree-symbolic.svg	/usr/share/icons/breeze-dark/actions/16/view-web-browser-dom-tree-symbolic.svg
view-web-browser-dom-tree.svg	/usr/share/icons/breeze-dark/actions/16/view-web-browser-dom-tree.svg
view-zoom-fit-height-symbolic.svg	/usr/share/icons/breeze-dark/actions/16/view-zoom-fit-height-symbolic.svg
view-zoom-fit-symbolic.svg	/usr/share/icons/breeze-dark/actions/16/view-zoom-fit-symbolic.svg
view-zoom-fit-width-symbolic.svg	/usr/share/icons/breeze-dark/actions/16/view-zoom-fit-width-symbolic.svg
view-zoom-in-symbolic.svg	/usr/share/icons/breeze-dark/actions/16/view-zoom-in-symbolic.svg
view-zoom-original-symbolic.svg	/usr/share/icons/breeze-dark/actions/16/view-zoom-original-symbolic.svg
view-zoom-out-symbolic.svg	/usr/share/icons/breeze-dark/actions/16/view-zoom-out-symbolic.svg
view_fit_to_page-symbolic.svg	/usr/share/icons/breeze-dark/actions/16/view_fit_to_page-symbolic.svg
view_fit_to_page.svg	/usr/share/icons/breeze-dark/actions/16/view_fit_to_page.svg
viewbib-symbolic.svg	/usr/share/icons/breeze-dark/actions/16/viewbib-symbolic.svg
viewbib.svg	/usr/share/icons/breeze-dark/actions/16/viewbib.svg
viewhtml-symbolic.svg	/usr/share/icons/breeze-dark/actions/16/viewhtml-symbolic.svg
viewhtml.svg	/usr/share/icons/breeze-dark/actions/16/viewhtml.svg
viewimage-symbolic.svg	/usr/share/icons/breeze-dark/actions/16/viewimage-symbolic.svg
viewimage.svg	/usr/share/icons/breeze-dark/actions/16/viewimage.svg
viewlog-symbolic.svg	/usr/share/icons/breeze-dark/actions/16/viewlog-symbolic.svg
viewlog.svg	/usr/share/icons/breeze-dark/actions/16/viewlog.svg
viewpdf-symbolic.svg	/usr/share/icons/breeze-dark/actions/16/viewpdf-symbolic.svg
viewpdf.svg	/usr/share/icons/breeze-dark/actions/16/viewpdf.svg
viewps-symbolic.svg	/usr/share/icons/breeze-dark/actions/16/viewps-symbolic.svg
viewps.svg	/usr/share/icons/breeze-dark/actions/16/viewps.svg
virtual-desktops-symbolic.svg	/usr/share/icons/breeze-dark/actions/16/virtual-desktops-symbolic.svg
virtual-desktops.svg	/usr/share/icons/breeze-dark/actions/16/virtual-desktops.svg
visibility-symbolic.svg	/usr/share/icons/breeze-dark/actions/16/visibility-symbolic.svg
visibility.svg	/usr/share/icons/breeze-dark/actions/16/visibility.svg
waveform-symbolic.svg	/usr/share/icons/breeze-dark/actions/16/waveform-symbolic.svg
waveform.svg	/usr/share/icons/breeze-dark/actions/16/waveform.svg
widget-alternatives-symbolic.svg	/usr/share/icons/breeze-dark/actions/16/widget-alternatives-symbolic.svg
widget-alternatives.svg	/usr/share/icons/breeze-dark/actions/16/widget-alternatives.svg
window-close.svg	/usr/share/icons/breeze-dark/actions/16/window-close.svg
window-duplicate-symbolic.svg	/usr/share/icons/breeze-dark/actions/16/window-duplicate-symbolic.svg
window-duplicate.svg	/usr/share/icons/breeze-dark/actions/16/window-duplicate.svg
window-keep-above-symbolic.svg	/usr/share/icons/breeze-dark/actions/16/window-keep-above-symbolic.svg
window-keep-above.svg	/usr/share/icons/breeze-dark/actions/16/window-keep-above.svg
window-keep-below-symbolic.svg	/usr/share/icons/breeze-dark/actions/16/window-keep-below-symbolic.svg
window-keep-below.svg	/usr/share/icons/breeze-dark/actions/16/window-keep-below.svg
window-maximize.svg	/usr/share/icons/breeze-dark/actions/16/window-maximize.svg
window-minimize-pip.svg	/usr/share/icons/breeze-dark/actions/16/window-minimize-pip.svg
window-minimize.svg	/usr/share/icons/breeze-dark/actions/16/window-minimize.svg
window-new.svg	/usr/share/icons/breeze-dark/actions/16/window-new.svg
window-next-symbolic.svg	/usr/share/icons/breeze-dark/actions/16/window-next-symbolic.svg
window-next.svg	/usr/share/icons/breeze-dark/actions/16/window-next.svg
window-pin-symbolic.svg	/usr/share/icons/breeze-dark/actions/16/window-pin-symbolic.svg
window-pin.svg	/usr/share/icons/breeze-dark/actions/16/window-pin.svg
window-previous-symbolic.svg	/usr/share/icons/breeze-dark/actions/16/window-previous-symbolic.svg
window-previous.svg	/usr/share/icons/breeze-dark/actions/16/window-previous.svg
window-restore-pip.svg	/usr/share/icons/breeze-dark/actions/16/window-restore-pip.svg
window-restore.svg	/usr/share/icons/breeze-dark/actions/16/window-restore.svg
window-shade-symbolic.svg	/usr/share/icons/breeze-dark/actions/16/window-shade-symbolic.svg
window-shade.svg	/usr/share/icons/breeze-dark/actions/16/window-shade.svg
window-symbolic.svg	/usr/share/icons/breeze-dark/actions/16/window-symbolic.svg
window-unpin-symbolic.svg	/usr/share/icons/breeze-dark/actions/16/window-unpin-symbolic.svg
window-unpin.svg	/usr/share/icons/breeze-dark/actions/16/window-unpin.svg
window-unshade-symbolic.svg	/usr/share/icons/breeze-dark/actions/16/window-unshade-symbolic.svg
window-unshade.svg	/usr/share/icons/breeze-dark/actions/16/window-unshade.svg
window.svg	/usr/share/icons/breeze-dark/actions/16/window.svg
wizard_math-symbolic.svg	/usr/share/icons/breeze-dark/actions/16/wizard_math-symbolic.svg
wizard_math.svg	/usr/share/icons/breeze-dark/actions/16/wizard_math.svg
wizard_pdftools-symbolic.svg	/usr/share/icons/breeze-dark/actions/16/wizard_pdftools-symbolic.svg
wizard_pdftools.svg	/usr/share/icons/breeze-dark/actions/16/wizard_pdftools.svg
wizard_pstools-symbolic.svg	/usr/share/icons/breeze-dark/actions/16/wizard_pstools-symbolic.svg
wizard_pstools.svg	/usr/share/icons/breeze-dark/actions/16/wizard_pstools.svg
wizard_tabular-symbolic.svg	/usr/share/icons/breeze-dark/actions/16/wizard_tabular-symbolic.svg
wizard_tabular.svg	/usr/share/icons/breeze-dark/actions/16/wizard_tabular.svg
x-clementine-album-symbolic.svg	/usr/share/icons/breeze-dark/actions/16/x-clementine-album-symbolic.svg
x-clementine-album.svg	/usr/share/icons/breeze-dark/actions/16/x-clementine-album.svg
x-clementine-albums-symbolic.svg	/usr/share/icons/breeze-dark/actions/16/x-clementine-albums-symbolic.svg
x-clementine-albums.svg	/usr/share/icons/breeze-dark/actions/16/x-clementine-albums.svg
x-clementine-artist-symbolic.svg	/usr/share/icons/breeze-dark/actions/16/x-clementine-artist-symbolic.svg
x-clementine-artist.svg	/usr/share/icons/breeze-dark/actions/16/x-clementine-artist.svg
x-clementine-shuffle-symbolic.svg	/usr/share/icons/breeze-dark/actions/16/x-clementine-shuffle-symbolic.svg
x-clementine-shuffle.svg	/usr/share/icons/breeze-dark/actions/16/x-clementine-shuffle.svg
x-shape-connection-symbolic.svg	/usr/share/icons/breeze-dark/actions/16/x-shape-connection-symbolic.svg
x-shape-connection.svg	/usr/share/icons/breeze-dark/actions/16/x-shape-connection.svg
x-shape-formula-symbolic.svg	/usr/share/icons/breeze-dark/actions/16/x-shape-formula-symbolic.svg
x-shape-formula.svg	/usr/share/icons/breeze-dark/actions/16/x-shape-formula.svg
x-shape-image-symbolic.svg	/usr/share/icons/breeze-dark/actions/16/x-shape-image-symbolic.svg
x-shape-image.svg	/usr/share/icons/breeze-dark/actions/16/x-shape-image.svg
x-shape-text-symbolic.svg	/usr/share/icons/breeze-dark/actions/16/x-shape-text-symbolic.svg
x-shape-text.svg	/usr/share/icons/breeze-dark/actions/16/x-shape-text.svg
x-zoom-in-symbolic.svg	/usr/share/icons/breeze-dark/actions/16/x-zoom-in-symbolic.svg
x-zoom-in.svg	/usr/share/icons/breeze-dark/actions/16/x-zoom-in.svg
x-zoom-out-symbolic.svg	/usr/share/icons/breeze-dark/actions/16/x-zoom-out-symbolic.svg
x-zoom-out.svg	/usr/share/icons/breeze-dark/actions/16/x-zoom-out.svg
xml-attribute-delete-symbolic.svg	/usr/share/icons/breeze-dark/actions/16/xml-attribute-delete-symbolic.svg
xml-attribute-delete.svg	/usr/share/icons/breeze-dark/actions/16/xml-attribute-delete.svg
xml-element-new-symbolic.svg	/usr/share/icons/breeze-dark/actions/16/xml-element-new-symbolic.svg
xml-element-new.svg	/usr/share/icons/breeze-dark/actions/16/xml-element-new.svg
xml-node-delete-symbolic.svg	/usr/share/icons/breeze-dark/actions/16/xml-node-delete-symbolic.svg
xml-node-delete.svg	/usr/share/icons/breeze-dark/actions/16/xml-node-delete.svg
xml-node-duplicate-symbolic.svg	/usr/share/icons/breeze-dark/actions/16/xml-node-duplicate-symbolic.svg
xml-node-duplicate.svg	/usr/share/icons/breeze-dark/actions/16/xml-node-duplicate.svg
xml-text-new-symbolic.svg	/usr/share/icons/breeze-dark/actions/16/xml-text-new-symbolic.svg
xml-text-new.svg	/usr/share/icons/breeze-dark/actions/16/xml-text-new.svg
y-zoom-in-symbolic.svg	/usr/share/icons/breeze-dark/actions/16/y-zoom-in-symbolic.svg
y-zoom-in.svg	/usr/share/icons/breeze-dark/actions/16/y-zoom-in.svg
y-zoom-out-symbolic.svg	/usr/share/icons/breeze-dark/actions/16/y-zoom-out-symbolic.svg
y-zoom-out.svg	/usr/share/icons/breeze-dark/actions/16/y-zoom-out.svg
zoom-1-to-2-symbolic.svg	/usr/share/icons/breeze-dark/actions/16/zoom-1-to-2-symbolic.svg
zoom-1-to-2.svg	/usr/share/icons/breeze-dark/actions/16/zoom-1-to-2.svg
zoom-2-to-1-symbolic.svg	/usr/share/icons/breeze-dark/actions/16/zoom-2-to-1-symbolic.svg
zoom-2-to-1.svg	/usr/share/icons/breeze-dark/actions/16/zoom-2-to-1.svg
zoom-all-symbolic.svg	/usr/share/icons/breeze-dark/actions/16/zoom-all-symbolic.svg
zoom-all.svg	/usr/share/icons/breeze-dark/actions/16/zoom-all.svg
zoom-double-size-symbolic.svg	/usr/share/icons/breeze-dark/actions/16/zoom-double-size-symbolic.svg
zoom-double-size.svg	/usr/share/icons/breeze-dark/actions/16/zoom-double-size.svg
zoom-draw-symbolic.svg	/usr/share/icons/breeze-dark/actions/16/zoom-draw-symbolic.svg
zoom-draw.svg	/usr/share/icons/breeze-dark/actions/16/zoom-draw.svg
zoom-fit-best.svg	/usr/share/icons/breeze-dark/actions/16/zoom-fit-best.svg
zoom-fit-drawing-symbolic.svg	/usr/share/icons/breeze-dark/actions/16/zoom-fit-drawing-symbolic.svg
zoom-fit-drawing.svg	/usr/share/icons/breeze-dark/actions/16/zoom-fit-drawing.svg
zoom-fit-height-symbolic.svg	/usr/share/icons/breeze-dark/actions/16/zoom-fit-height-symbolic.svg
zoom-fit-height.svg	/usr/share/icons/breeze-dark/actions/16/zoom-fit-height.svg
zoom-fit-page-symbolic.svg	/usr/share/icons/breeze-dark/actions/16/zoom-fit-page-symbolic.svg
zoom-fit-page.svg	/usr/share/icons/breeze-dark/actions/16/zoom-fit-page.svg
zoom-fit-selection-symbolic.svg	/usr/share/icons/breeze-dark/actions/16/zoom-fit-selection-symbolic.svg
zoom-fit-selection.svg	/usr/share/icons/breeze-dark/actions/16/zoom-fit-selection.svg
zoom-fit-width-symbolic.svg	/usr/share/icons/breeze-dark/actions/16/zoom-fit-width-symbolic.svg
zoom-fit-width.svg	/usr/share/icons/breeze-dark/actions/16/zoom-fit-width.svg
zoom-half-size-symbolic.svg	/usr/share/icons/breeze-dark/actions/16/zoom-half-size-symbolic.svg
zoom-half-size.svg	/usr/share/icons/breeze-dark/actions/16/zoom-half-size.svg
zoom-in-large-symbolic.svg	/usr/share/icons/breeze-dark/actions/16/zoom-in-large-symbolic.svg
zoom-in-large.svg	/usr/share/icons/breeze-dark/actions/16/zoom-in-large.svg
zoom-in-map-symbolic.svg	/usr/share/icons/breeze-dark/actions/16/zoom-in-map-symbolic.svg
zoom-in-map.svg	/usr/share/icons/breeze-dark/actions/16/zoom-in-map.svg
zoom-in-x-symbolic.svg	/usr/share/icons/breeze-dark/actions/16/zoom-in-x-symbolic.svg
zoom-in-x.svg	/usr/share/icons/breeze-dark/actions/16/zoom-in-x.svg
zoom-in-y-symbolic.svg	/usr/share/icons/breeze-dark/actions/16/zoom-in-y-symbolic.svg
zoom-in-y.svg	/usr/share/icons/breeze-dark/actions/16/zoom-in-y.svg
zoom-in.svg	/usr/share/icons/breeze-dark/actions/16/zoom-in.svg
zoom-next-symbolic.svg	/usr/share/icons/breeze-dark/actions/16/zoom-next-symbolic.svg
zoom-next.svg	/usr/share/icons/breeze-dark/actions/16/zoom-next.svg
zoom-original.svg	/usr/share/icons/breeze-dark/actions/16/zoom-original.svg
zoom-out-large-symbolic.svg	/usr/share/icons/breeze-dark/actions/16/zoom-out-large-symbolic.svg
zoom-out-large.svg	/usr/share/icons/breeze-dark/actions/16/zoom-out-large.svg
zoom-out-map-symbolic.svg	/usr/share/icons/breeze-dark/actions/16/zoom-out-map-symbolic.svg
zoom-out-map.svg	/usr/share/icons/breeze-dark/actions/16/zoom-out-map.svg
zoom-out-x-symbolic.svg	/usr/share/icons/breeze-dark/actions/16/zoom-out-x-symbolic.svg
zoom-out-x.svg	/usr/share/icons/breeze-dark/actions/16/zoom-out-x.svg
zoom-out-y-symbolic.svg	/usr/share/icons/breeze-dark/actions/16/zoom-out-y-symbolic.svg
zoom-out-y.svg	/usr/share/icons/breeze-dark/actions/16/zoom-out-y.svg
zoom-out.svg	/usr/share/icons/breeze-dark/actions/16/zoom-out.svg
zoom-pixels-symbolic.svg	/usr/share/icons/breeze-dark/actions/16/zoom-pixels-symbolic.svg
zoom-pixels.svg	/usr/share/icons/breeze-dark/actions/16/zoom-pixels.svg
zoom-previous-symbolic.svg	/usr/share/icons/breeze-dark/actions/16/zoom-previous-symbolic.svg
zoom-previous.svg	/usr/share/icons/breeze-dark/actions/16/zoom-previous.svg
zoom-select-fit-symbolic.svg	/usr/share/icons/breeze-dark/actions/16/zoom-select-fit-symbolic.svg
zoom-select-fit.svg	/usr/share/icons/breeze-dark/actions/16/zoom-select-fit.svg
zoom-select-symbolic.svg	/usr/share/icons/breeze-dark/actions/16/zoom-select-symbolic.svg
zoom-select-x-symbolic.svg	/usr/share/icons/breeze-dark/actions/16/zoom-select-x-symbolic.svg
zoom-select-x.svg	/usr/share/icons/breeze-dark/actions/16/zoom-select-x.svg
zoom-select-y-symbolic.svg	/usr/share/icons/breeze-dark/actions/16/zoom-select-y-symbolic.svg
zoom-select-y.svg	/usr/share/icons/breeze-dark/actions/16/zoom-select-y.svg
zoom-select.svg	/usr/share/icons/breeze-dark/actions/16/zoom-select.svg
zoom-selection-symbolic.svg	/usr/share/icons/breeze-dark/actions/16/zoom-selection-symbolic.svg
zoom-selection.svg	/usr/share/icons/breeze-dark/actions/16/zoom-selection.svg
zoom-symbolic.svg	/usr/share/icons/breeze-dark/actions/16/zoom-symbolic.svg
zoom.svg	/usr/share/icons/breeze-dark/actions/16/zoom.svg
adjustcurves-symbolic.svg	/usr/share/icons/breeze-dark/actions/22/adjustcurves-symbolic.svg
adjustcurves.svg	/usr/share/icons/breeze-dark/actions/22/adjustcurves.svg
adjusthsl-symbolic.svg	/usr/share/icons/breeze-dark/actions/22/adjusthsl-symbolic.svg
adjusthsl.svg	/usr/share/icons/breeze-dark/actions/22/adjusthsl.svg
adjustlevels-symbolic.svg	/usr/share/icons/breeze-dark/actions/22/adjustlevels-symbolic.svg
adjustlevels.svg	/usr/share/icons/breeze-dark/actions/22/adjustlevels.svg
adjustrgb-symbolic.svg	/usr/share/icons/breeze-dark/actions/22/adjustrgb-symbolic.svg
adjustrgb.svg	/usr/share/icons/breeze-dark/actions/22/adjustrgb.svg
akonadiconsole-symbolic.svg	/usr/share/icons/breeze-dark/actions/22/akonadiconsole-symbolic.svg
akonadiconsole.svg	/usr/share/icons/breeze-dark/actions/22/akonadiconsole.svg
align-horizontal-node-symbolic.svg	/usr/share/icons/breeze-dark/actions/22/align-horizontal-node-symbolic.svg
align-horizontal-node.svg	/usr/share/icons/breeze-dark/actions/22/align-horizontal-node.svg
align-none-symbolic.svg	/usr/share/icons/breeze-dark/actions/22/align-none-symbolic.svg
align-none.svg	/usr/share/icons/breeze-dark/actions/22/align-none.svg
align-vertical-node-symbolic.svg	/usr/share/icons/breeze-dark/actions/22/align-vertical-node-symbolic.svg
align-vertical-node.svg	/usr/share/icons/breeze-dark/actions/22/align-vertical-node.svg
animal-symbolic.svg	/usr/share/icons/breeze-dark/actions/22/animal-symbolic.svg
animal.svg	/usr/share/icons/breeze-dark/actions/22/animal.svg
antivignetting-symbolic.svg	/usr/share/icons/breeze-dark/actions/22/antivignetting-symbolic.svg
antivignetting.svg	/usr/share/icons/breeze-dark/actions/22/antivignetting.svg
audio-symbolic.svg	/usr/share/icons/breeze-dark/actions/22/audio-symbolic.svg
auto-transition-symbolic.svg	/usr/share/icons/breeze-dark/actions/22/auto-transition-symbolic.svg
auto-transition.svg	/usr/share/icons/breeze-dark/actions/22/auto-transition.svg
auto-type-symbolic.svg	/usr/share/icons/breeze-dark/actions/22/auto-type-symbolic.svg
auto-type.svg	/usr/share/icons/breeze-dark/actions/22/auto-type.svg
backgroundtool-symbolic.svg	/usr/share/icons/breeze-dark/actions/22/backgroundtool-symbolic.svg
backgroundtool.svg	/usr/share/icons/breeze-dark/actions/22/backgroundtool.svg
bboxnext-symbolic.svg	/usr/share/icons/breeze-dark/actions/22/bboxnext-symbolic.svg
bboxnext.svg	/usr/share/icons/breeze-dark/actions/22/bboxnext.svg
bboxprev-symbolic.svg	/usr/share/icons/breeze-dark/actions/22/bboxprev-symbolic.svg
bboxprev.svg	/usr/share/icons/breeze-dark/actions/22/bboxprev.svg
blurfx-symbolic.svg	/usr/share/icons/breeze-dark/actions/22/blurfx-symbolic.svg
blurfx.svg	/usr/share/icons/breeze-dark/actions/22/blurfx.svg
blurimage-symbolic.svg	/usr/share/icons/breeze-dark/actions/22/blurimage-symbolic.svg
blurimage.svg	/usr/share/icons/breeze-dark/actions/22/blurimage.svg
brightness-high-symbolic.svg	/usr/share/icons/breeze-dark/actions/22/brightness-high-symbolic.svg
brightness-high.svg	/usr/share/icons/breeze-dark/actions/22/brightness-high.svg
brightness-low-symbolic.svg	/usr/share/icons/breeze-dark/actions/22/brightness-low-symbolic.svg
brightness-low.svg	/usr/share/icons/breeze-dark/actions/22/brightness-low.svg
bwtonal-symbolic.svg	/usr/share/icons/breeze-dark/actions/22/bwtonal-symbolic.svg
bwtonal.svg	/usr/share/icons/breeze-dark/actions/22/bwtonal.svg
calligraphy-symbolic.svg	/usr/share/icons/breeze-dark/actions/22/calligraphy-symbolic.svg
calligraphy.svg	/usr/share/icons/breeze-dark/actions/22/calligraphy.svg
channelmixer-symbolic.svg	/usr/share/icons/breeze-dark/actions/22/channelmixer-symbolic.svg
channelmixer.svg	/usr/share/icons/breeze-dark/actions/22/channelmixer.svg
charcoaltool-symbolic.svg	/usr/share/icons/breeze-dark/actions/22/charcoaltool-symbolic.svg
charcoaltool.svg	/usr/share/icons/breeze-dark/actions/22/charcoaltool.svg
colorfx-symbolic.svg	/usr/share/icons/breeze-dark/actions/22/colorfx-symbolic.svg
colorfx.svg	/usr/share/icons/breeze-dark/actions/22/colorfx.svg
colorneg-symbolic.svg	/usr/share/icons/breeze-dark/actions/22/colorneg-symbolic.svg
colorneg.svg	/usr/share/icons/breeze-dark/actions/22/colorneg.svg
composite-track-off-symbolic.svg	/usr/share/icons/breeze-dark/actions/22/composite-track-off-symbolic.svg
composite-track-off.svg	/usr/share/icons/breeze-dark/actions/22/composite-track-off.svg
composite-track-on-symbolic.svg	/usr/share/icons/breeze-dark/actions/22/composite-track-on-symbolic.svg
composite-track-on.svg	/usr/share/icons/breeze-dark/actions/22/composite-track-on.svg
composite-track-preview-symbolic.svg	/usr/share/icons/breeze-dark/actions/22/composite-track-preview-symbolic.svg
composite-track-preview.svg	/usr/share/icons/breeze-dark/actions/22/composite-track-preview.svg
contrast-symbolic.svg	/usr/share/icons/breeze-dark/actions/22/contrast-symbolic.svg
contrast.svg	/usr/share/icons/breeze-dark/actions/22/contrast.svg
coordinate-symbolic.svg	/usr/share/icons/breeze-dark/actions/22/coordinate-symbolic.svg
coordinate.svg	/usr/share/icons/breeze-dark/actions/22/coordinate.svg
copy-coordinates-symbolic.svg	/usr/share/icons/breeze-dark/actions/22/copy-coordinates-symbolic.svg
copy-coordinates.svg	/usr/share/icons/breeze-dark/actions/22/copy-coordinates.svg
database-change-key-symbolic.svg	/usr/share/icons/breeze-dark/actions/22/database-change-key-symbolic.svg
database-change-key.svg	/usr/share/icons/breeze-dark/actions/22/database-change-key.svg
depth16to8-symbolic.svg	/usr/share/icons/breeze-dark/actions/22/depth16to8-symbolic.svg
depth16to8.svg	/usr/share/icons/breeze-dark/actions/22/depth16to8.svg
depth8to16-symbolic.svg	/usr/share/icons/breeze-dark/actions/22/depth8to16-symbolic.svg
depth8to16.svg	/usr/share/icons/breeze-dark/actions/22/depth8to16.svg
description-symbolic.svg	/usr/share/icons/breeze-dark/actions/22/description-symbolic.svg
description.svg	/usr/share/icons/breeze-dark/actions/22/description.svg
dfrac-symbolic.svg	/usr/share/icons/breeze-dark/actions/22/dfrac-symbolic.svg
dfrac.svg	/usr/share/icons/breeze-dark/actions/22/dfrac.svg
discrete-symbolic.svg	/usr/share/icons/breeze-dark/actions/22/discrete-symbolic.svg
discrete.svg	/usr/share/icons/breeze-dark/actions/22/discrete.svg
distribute-graph-directed-symbolic.svg	/usr/share/icons/breeze-dark/actions/22/distribute-graph-directed-symbolic.svg
distribute-graph-directed.svg	/usr/share/icons/breeze-dark/actions/22/distribute-graph-directed.svg
distribute-graph-symbolic.svg	/usr/share/icons/breeze-dark/actions/22/distribute-graph-symbolic.svg
distribute-graph.svg	/usr/share/icons/breeze-dark/actions/22/distribute-graph.svg
distribute-horizontal-node-symbolic.svg	/usr/share/icons/breeze-dark/actions/22/distribute-horizontal-node-symbolic.svg
distribute-horizontal-node.svg	/usr/share/icons/breeze-dark/actions/22/distribute-horizontal-node.svg
distribute-randomize-symbolic.svg	/usr/share/icons/breeze-dark/actions/22/distribute-randomize-symbolic.svg
distribute-randomize.svg	/usr/share/icons/breeze-dark/actions/22/distribute-randomize.svg
distribute-remove-overlaps-symbolic.svg	/usr/share/icons/breeze-dark/actions/22/distribute-remove-overlaps-symbolic.svg
distribute-remove-overlaps.svg	/usr/share/icons/breeze-dark/actions/22/distribute-remove-overlaps.svg
distribute-unclump-symbolic.svg	/usr/share/icons/breeze-dark/actions/22/distribute-unclump-symbolic.svg
distribute-unclump.svg	/usr/share/icons/breeze-dark/actions/22/distribute-unclump.svg
distribute-vertical-node-symbolic.svg	/usr/share/icons/breeze-dark/actions/22/distribute-vertical-node-symbolic.svg
distribute-vertical-node.svg	/usr/share/icons/breeze-dark/actions/22/distribute-vertical-node.svg
document-save-as-template-symbolic.svg	/usr/share/icons/breeze-dark/actions/22/document-save-as-template-symbolic.svg
document-save-as-template.svg	/usr/share/icons/breeze-dark/actions/22/document-save-as-template.svg
dontknow-symbolic.svg	/usr/share/icons/breeze-dark/actions/22/dontknow-symbolic.svg
dontknow.svg	/usr/share/icons/breeze-dark/actions/22/dontknow.svg
drag-surface-symbolic.svg	/usr/share/icons/breeze-dark/actions/22/drag-surface-symbolic.svg
drag-surface.svg	/usr/share/icons/breeze-dark/actions/22/drag-surface.svg
draw-calligraphic-symbolic.svg	/usr/share/icons/breeze-dark/actions/22/draw-calligraphic-symbolic.svg
draw-calligraphic.svg	/usr/share/icons/breeze-dark/actions/22/draw-calligraphic.svg
draw-number-symbolic.svg	/usr/share/icons/breeze-dark/actions/22/draw-number-symbolic.svg
draw-number.svg	/usr/share/icons/breeze-dark/actions/22/draw-number.svg
dvisearch-symbolic.svg	/usr/share/icons/breeze-dark/actions/22/dvisearch-symbolic.svg
dvisearch.svg	/usr/share/icons/breeze-dark/actions/22/dvisearch.svg
earthquake-symbolic.svg	/usr/share/icons/breeze-dark/actions/22/earthquake-symbolic.svg
earthquake.svg	/usr/share/icons/breeze-dark/actions/22/earthquake.svg
edit-group-symbolic.svg	/usr/share/icons/breeze-dark/actions/22/edit-group-symbolic.svg
edit-group.svg	/usr/share/icons/breeze-dark/actions/22/edit-group.svg
edit-select-lasso-symbolic.svg	/usr/share/icons/breeze-dark/actions/22/edit-select-lasso-symbolic.svg
edit-select-lasso.svg	/usr/share/icons/breeze-dark/actions/22/edit-select-lasso.svg
edit_animation-symbolic.svg	/usr/share/icons/breeze-dark/actions/22/edit_animation-symbolic.svg
edit_animation.svg	/usr/share/icons/breeze-dark/actions/22/edit_animation.svg
embosstool-symbolic.svg	/usr/share/icons/breeze-dark/actions/22/embosstool-symbolic.svg
embosstool.svg	/usr/share/icons/breeze-dark/actions/22/embosstool.svg
entrance_animations-symbolic.svg	/usr/share/icons/breeze-dark/actions/22/entrance_animations-symbolic.svg
entrance_animations.svg	/usr/share/icons/breeze-dark/actions/22/entrance_animations.svg
entry-new-symbolic.svg	/usr/share/icons/breeze-dark/actions/22/entry-new-symbolic.svg
entry-new.svg	/usr/share/icons/breeze-dark/actions/22/entry-new.svg
errornext-symbolic.svg	/usr/share/icons/breeze-dark/actions/22/errornext-symbolic.svg
errornext.svg	/usr/share/icons/breeze-dark/actions/22/errornext.svg
errorprev-symbolic.svg	/usr/share/icons/breeze-dark/actions/22/errorprev-symbolic.svg
errorprev.svg	/usr/share/icons/breeze-dark/actions/22/errorprev.svg
exchange-positions-clockwise-symbolic.svg	/usr/share/icons/breeze-dark/actions/22/exchange-positions-clockwise-symbolic.svg
exchange-positions-clockwise.svg	/usr/share/icons/breeze-dark/actions/22/exchange-positions-clockwise.svg
exchange-positions-symbolic.svg	/usr/share/icons/breeze-dark/actions/22/exchange-positions-symbolic.svg
exchange-positions-zorder-symbolic.svg	/usr/share/icons/breeze-dark/actions/22/exchange-positions-zorder-symbolic.svg
exchange-positions-zorder.svg	/usr/share/icons/breeze-dark/actions/22/exchange-positions-zorder.svg
exchange-positions.svg	/usr/share/icons/breeze-dark/actions/22/exchange-positions.svg
exit_animations-symbolic.svg	/usr/share/icons/breeze-dark/actions/22/exit_animations-symbolic.svg
exit_animations.svg	/usr/share/icons/breeze-dark/actions/22/exit_animations.svg
favorite-favorited-symbolic.svg	/usr/share/icons/breeze-dark/actions/22/favorite-favorited-symbolic.svg
favorite-favorited.svg	/usr/share/icons/breeze-dark/actions/22/favorite-favorited.svg
favorite-symbolic.svg	/usr/share/icons/breeze-dark/actions/22/favorite-symbolic.svg
favorite.svg	/usr/share/icons/breeze-dark/actions/22/favorite.svg
filmgrain-symbolic.svg	/usr/share/icons/breeze-dark/actions/22/filmgrain-symbolic.svg
filmgrain.svg	/usr/share/icons/breeze-dark/actions/22/filmgrain.svg
fingerprint-symbolic.svg	/usr/share/icons/breeze-dark/actions/22/fingerprint-symbolic.svg
fingerprint.svg	/usr/share/icons/breeze-dark/actions/22/fingerprint.svg
flower-shape-symbolic.svg	/usr/share/icons/breeze-dark/actions/22/flower-shape-symbolic.svg
flower-shape.svg	/usr/share/icons/breeze-dark/actions/22/flower-shape.svg
food-symbolic.svg	/usr/share/icons/breeze-dark/actions/22/food-symbolic.svg
food.svg	/usr/share/icons/breeze-dark/actions/22/food.svg
format-convert-to-path-symbolic.svg	/usr/share/icons/breeze-dark/actions/22/format-convert-to-path-symbolic.svg
format-convert-to-path.svg	/usr/share/icons/breeze-dark/actions/22/format-convert-to-path.svg
format-currency-symbolic.svg	/usr/share/icons/breeze-dark/actions/22/format-currency-symbolic.svg
format-currency.svg	/usr/share/icons/breeze-dark/actions/22/format-currency.svg
format-insert-node-symbolic.svg	/usr/share/icons/breeze-dark/actions/22/format-insert-node-symbolic.svg
format-insert-node.svg	/usr/share/icons/breeze-dark/actions/22/format-insert-node.svg
format-node-corner-symbolic.svg	/usr/share/icons/breeze-dark/actions/22/format-node-corner-symbolic.svg
format-node-corner.svg	/usr/share/icons/breeze-dark/actions/22/format-node-corner.svg
format-node-curve-symbolic.svg	/usr/share/icons/breeze-dark/actions/22/format-node-curve-symbolic.svg
format-node-curve.svg	/usr/share/icons/breeze-dark/actions/22/format-node-curve.svg
format-node-line-symbolic.svg	/usr/share/icons/breeze-dark/actions/22/format-node-line-symbolic.svg
format-node-line.svg	/usr/share/icons/breeze-dark/actions/22/format-node-line.svg
format-node-smooth-symbolic.svg	/usr/share/icons/breeze-dark/actions/22/format-node-smooth-symbolic.svg
format-node-smooth.svg	/usr/share/icons/breeze-dark/actions/22/format-node-smooth.svg
format-node-symmetric-symbolic.svg	/usr/share/icons/breeze-dark/actions/22/format-node-symmetric-symbolic.svg
format-node-symmetric.svg	/usr/share/icons/breeze-dark/actions/22/format-node-symmetric.svg
format-segment-curve-symbolic.svg	/usr/share/icons/breeze-dark/actions/22/format-segment-curve-symbolic.svg
format-segment-curve.svg	/usr/share/icons/breeze-dark/actions/22/format-segment-curve.svg
format-segment-line-symbolic.svg	/usr/share/icons/breeze-dark/actions/22/format-segment-line-symbolic.svg
format-segment-line.svg	/usr/share/icons/breeze-dark/actions/22/format-segment-line.svg
gnumeric-autosum-symbolic.svg	/usr/share/icons/breeze-dark/actions/22/gnumeric-autosum-symbolic.svg
gnumeric-autosum.svg	/usr/share/icons/breeze-dark/actions/22/gnumeric-autosum.svg
gnumeric-bucket-symbolic.svg	/usr/share/icons/breeze-dark/actions/22/gnumeric-bucket-symbolic.svg
gnumeric-bucket.svg	/usr/share/icons/breeze-dark/actions/22/gnumeric-bucket.svg
gnumeric-format-accounting-symbolic.svg	/usr/share/icons/breeze-dark/actions/22/gnumeric-format-accounting-symbolic.svg
gnumeric-format-accounting.svg	/usr/share/icons/breeze-dark/actions/22/gnumeric-format-accounting.svg
gnumeric-format-border-all-symbolic.svg	/usr/share/icons/breeze-dark/actions/22/gnumeric-format-border-all-symbolic.svg
gnumeric-format-border-all.svg	/usr/share/icons/breeze-dark/actions/22/gnumeric-format-border-all.svg
gnumeric-format-border-double-bottom-symbolic.svg	/usr/share/icons/breeze-dark/actions/22/gnumeric-format-border-double-bottom-symbolic.svg
gnumeric-format-border-double-bottom.svg	/usr/share/icons/breeze-dark/actions/22/gnumeric-format-border-double-bottom.svg
gnumeric-format-border-inside-horiz-symbolic.svg	/usr/share/icons/breeze-dark/actions/22/gnumeric-format-border-inside-horiz-symbolic.svg
gnumeric-format-border-inside-horiz.svg	/usr/share/icons/breeze-dark/actions/22/gnumeric-format-border-inside-horiz.svg
gnumeric-format-border-none-symbolic.svg	/usr/share/icons/breeze-dark/actions/22/gnumeric-format-border-none-symbolic.svg
gnumeric-format-border-none.svg	/usr/share/icons/breeze-dark/actions/22/gnumeric-format-border-none.svg
gnumeric-format-border-outside-symbolic.svg	/usr/share/icons/breeze-dark/actions/22/gnumeric-format-border-outside-symbolic.svg
gnumeric-format-border-outside.svg	/usr/share/icons/breeze-dark/actions/22/gnumeric-format-border-outside.svg
gnumeric-format-border-thick-bottom-symbolic.svg	/usr/share/icons/breeze-dark/actions/22/gnumeric-format-border-thick-bottom-symbolic.svg
gnumeric-format-border-thick-bottom.svg	/usr/share/icons/breeze-dark/actions/22/gnumeric-format-border-thick-bottom.svg
gnumeric-format-border-thick-outside-symbolic.svg	/usr/share/icons/breeze-dark/actions/22/gnumeric-format-border-thick-outside-symbolic.svg
gnumeric-format-border-thick-outside.svg	/usr/share/icons/breeze-dark/actions/22/gnumeric-format-border-thick-outside.svg
gnumeric-format-border-top-n-bottom-symbolic.svg	/usr/share/icons/breeze-dark/actions/22/gnumeric-format-border-top-n-bottom-symbolic.svg
gnumeric-format-border-top-n-bottom.svg	/usr/share/icons/breeze-dark/actions/22/gnumeric-format-border-top-n-bottom.svg
gnumeric-format-border-top-n-double-bottom-symbolic.svg	/usr/share/icons/breeze-dark/actions/22/gnumeric-format-border-top-n-double-bottom-symbolic.svg
gnumeric-format-border-top-n-double-bottom.svg	/usr/share/icons/breeze-dark/actions/22/gnumeric-format-border-top-n-double-bottom.svg
gnumeric-format-border-top-n-thick-bottom-symbolic.svg	/usr/share/icons/breeze-dark/actions/22/gnumeric-format-border-top-n-thick-bottom-symbolic.svg
gnumeric-format-border-top-n-thick-bottom.svg	/usr/share/icons/breeze-dark/actions/22/gnumeric-format-border-top-n-thick-bottom.svg
gnumeric-format-percentage-symbolic.svg	/usr/share/icons/breeze-dark/actions/22/gnumeric-format-percentage-symbolic.svg
gnumeric-format-percentage.svg	/usr/share/icons/breeze-dark/actions/22/gnumeric-format-percentage.svg
gnumeric-format-precision-decrease-symbolic.svg	/usr/share/icons/breeze-dark/actions/22/gnumeric-format-precision-decrease-symbolic.svg
gnumeric-format-precision-decrease.svg	/usr/share/icons/breeze-dark/actions/22/gnumeric-format-precision-decrease.svg
gnumeric-format-precision-increase-symbolic.svg	/usr/share/icons/breeze-dark/actions/22/gnumeric-format-precision-increase-symbolic.svg
gnumeric-format-precision-increase.svg	/usr/share/icons/breeze-dark/actions/22/gnumeric-format-precision-increase.svg
gnumeric-format-thousand-separator-symbolic.svg	/usr/share/icons/breeze-dark/actions/22/gnumeric-format-thousand-separator-symbolic.svg
gnumeric-format-thousand-separator.svg	/usr/share/icons/breeze-dark/actions/22/gnumeric-format-thousand-separator.svg
gnumeric-object-arrow-symbolic.svg	/usr/share/icons/breeze-dark/actions/22/gnumeric-object-arrow-symbolic.svg
gnumeric-object-arrow.svg	/usr/share/icons/breeze-dark/actions/22/gnumeric-object-arrow.svg
gnumeric-object-button-symbolic.svg	/usr/share/icons/breeze-dark/actions/22/gnumeric-object-button-symbolic.svg
gnumeric-object-button.svg	/usr/share/icons/breeze-dark/actions/22/gnumeric-object-button.svg
gnumeric-object-checkbox-symbolic.svg	/usr/share/icons/breeze-dark/actions/22/gnumeric-object-checkbox-symbolic.svg
gnumeric-object-checkbox.svg	/usr/share/icons/breeze-dark/actions/22/gnumeric-object-checkbox.svg
gnumeric-object-combo-symbolic.svg	/usr/share/icons/breeze-dark/actions/22/gnumeric-object-combo-symbolic.svg
gnumeric-object-combo.svg	/usr/share/icons/breeze-dark/actions/22/gnumeric-object-combo.svg
gnumeric-object-ellipse-symbolic.svg	/usr/share/icons/breeze-dark/actions/22/gnumeric-object-ellipse-symbolic.svg
gnumeric-object-ellipse.svg	/usr/share/icons/breeze-dark/actions/22/gnumeric-object-ellipse.svg
gnumeric-object-label-symbolic.svg	/usr/share/icons/breeze-dark/actions/22/gnumeric-object-label-symbolic.svg
gnumeric-object-label.svg	/usr/share/icons/breeze-dark/actions/22/gnumeric-object-label.svg
gnumeric-object-line-symbolic.svg	/usr/share/icons/breeze-dark/actions/22/gnumeric-object-line-symbolic.svg
gnumeric-object-line.svg	/usr/share/icons/breeze-dark/actions/22/gnumeric-object-line.svg
gnumeric-object-list-symbolic.svg	/usr/share/icons/breeze-dark/actions/22/gnumeric-object-list-symbolic.svg
gnumeric-object-list.svg	/usr/share/icons/breeze-dark/actions/22/gnumeric-object-list.svg
gnumeric-object-rectangle-symbolic.svg	/usr/share/icons/breeze-dark/actions/22/gnumeric-object-rectangle-symbolic.svg
gnumeric-object-rectangle.svg	/usr/share/icons/breeze-dark/actions/22/gnumeric-object-rectangle.svg
gnumeric-object-scrollbar-symbolic.svg	/usr/share/icons/breeze-dark/actions/22/gnumeric-object-scrollbar-symbolic.svg
gnumeric-object-scrollbar.svg	/usr/share/icons/breeze-dark/actions/22/gnumeric-object-scrollbar.svg
gnumeric-object-spinbutton-symbolic.svg	/usr/share/icons/breeze-dark/actions/22/gnumeric-object-spinbutton-symbolic.svg
gnumeric-object-spinbutton.svg	/usr/share/icons/breeze-dark/actions/22/gnumeric-object-spinbutton.svg
gnumeric-pagesetup-hf-cell-symbolic.svg	/usr/share/icons/breeze-dark/actions/22/gnumeric-pagesetup-hf-cell-symbolic.svg
gnumeric-pagesetup-hf-cell.svg	/usr/share/icons/breeze-dark/actions/22/gnumeric-pagesetup-hf-cell.svg
gnumeric-pagesetup-hf-time-symbolic.svg	/usr/share/icons/breeze-dark/actions/22/gnumeric-pagesetup-hf-time-symbolic.svg
gnumeric-pagesetup-hf-time.svg	/usr/share/icons/breeze-dark/actions/22/gnumeric-pagesetup-hf-time.svg
gnumeric-protection-no-symbolic.svg	/usr/share/icons/breeze-dark/actions/22/gnumeric-protection-no-symbolic.svg
gnumeric-protection-no.svg	/usr/share/icons/breeze-dark/actions/22/gnumeric-protection-no.svg
gnumeric-protection-yes-symbolic.svg	/usr/share/icons/breeze-dark/actions/22/gnumeric-protection-yes-symbolic.svg
gnumeric-protection-yes.svg	/usr/share/icons/breeze-dark/actions/22/gnumeric-protection-yes.svg
gtk-tab-duplicate-symbolic.svg	/usr/share/icons/breeze-dark/actions/22/gtk-tab-duplicate-symbolic.svg
gtk-tab-duplicate.svg	/usr/share/icons/breeze-dark/actions/22/gtk-tab-duplicate.svg
gtk-tab-new-symbolic.svg	/usr/share/icons/breeze-dark/actions/22/gtk-tab-new-symbolic.svg
gtk-tab-new.svg	/usr/share/icons/breeze-dark/actions/22/gtk-tab-new.svg
hand-symbolic.svg	/usr/share/icons/breeze-dark/actions/22/hand-symbolic.svg
hand.svg	/usr/share/icons/breeze-dark/actions/22/hand.svg
handle-left-symbolic.svg	/usr/share/icons/breeze-dark/actions/22/handle-left-symbolic.svg
handle-left.svg	/usr/share/icons/breeze-dark/actions/22/handle-left.svg
handle-move-symbolic.svg	/usr/share/icons/breeze-dark/actions/22/handle-move-symbolic.svg
handle-move.svg	/usr/share/icons/breeze-dark/actions/22/handle-move.svg
handle-right-symbolic.svg	/usr/share/icons/breeze-dark/actions/22/handle-right-symbolic.svg
handle-right.svg	/usr/share/icons/breeze-dark/actions/22/handle-right.svg
handle-sort-symbolic.svg	/usr/share/icons/breeze-dark/actions/22/handle-sort-symbolic.svg
handle-sort.svg	/usr/share/icons/breeze-dark/actions/22/handle-sort.svg
headphones-symbolic.svg	/usr/share/icons/breeze-dark/actions/22/headphones-symbolic.svg
headphones.svg	/usr/share/icons/breeze-dark/actions/22/headphones.svg
hexagon-shape-symbolic.svg	/usr/share/icons/breeze-dark/actions/22/hexagon-shape-symbolic.svg
hexagon-shape.svg	/usr/share/icons/breeze-dark/actions/22/hexagon-shape.svg
high-brightness-symbolic.svg	/usr/share/icons/breeze-dark/actions/22/high-brightness-symbolic.svg
high-brightness.svg	/usr/share/icons/breeze-dark/actions/22/high-brightness.svg
hotpixels-symbolic.svg	/usr/share/icons/breeze-dark/actions/22/hotpixels-symbolic.svg
hotpixels.svg	/usr/share/icons/breeze-dark/actions/22/hotpixels.svg
im-gadugadu-symbolic.svg	/usr/share/icons/breeze-dark/actions/22/im-gadugadu-symbolic.svg
im-gadugadu.svg	/usr/share/icons/breeze-dark/actions/22/im-gadugadu.svg
im-google-symbolic.svg	/usr/share/icons/breeze-dark/actions/22/im-google-symbolic.svg
im-google-talk-symbolic.svg	/usr/share/icons/breeze-dark/actions/22/im-google-talk-symbolic.svg
im-google-talk.svg	/usr/share/icons/breeze-dark/actions/22/im-google-talk.svg
im-google.svg	/usr/share/icons/breeze-dark/actions/22/im-google.svg
input-keyboard-virtual-hide-symbolic.svg	/usr/share/icons/breeze-dark/actions/22/input-keyboard-virtual-hide-symbolic.svg
input-keyboard-virtual-hide.svg	/usr/share/icons/breeze-dark/actions/22/input-keyboard-virtual-hide.svg
input-keyboard-virtual-show-symbolic.svg	/usr/share/icons/breeze-dark/actions/22/input-keyboard-virtual-show-symbolic.svg
input-keyboard-virtual-show.svg	/usr/share/icons/breeze-dark/actions/22/input-keyboard-virtual-show.svg
irc-operator-symbolic.svg	/usr/share/icons/breeze-dark/actions/22/irc-operator-symbolic.svg
irc-operator.svg	/usr/share/icons/breeze-dark/actions/22/irc-operator.svg
irc-remove-operator-symbolic.svg	/usr/share/icons/breeze-dark/actions/22/irc-remove-operator-symbolic.svg
irc-remove-operator.svg	/usr/share/icons/breeze-dark/actions/22/irc-remove-operator.svg
irc-unvoice-symbolic.svg	/usr/share/icons/breeze-dark/actions/22/irc-unvoice-symbolic.svg
irc-unvoice.svg	/usr/share/icons/breeze-dark/actions/22/irc-unvoice.svg
irc-voice-symbolic.svg	/usr/share/icons/breeze-dark/actions/22/irc-voice-symbolic.svg
irc-voice.svg	/usr/share/icons/breeze-dark/actions/22/irc-voice.svg
item-symbolic.svg	/usr/share/icons/breeze-dark/actions/22/item-symbolic.svg
item.svg	/usr/share/icons/breeze-dark/actions/22/item.svg
kdenlive-add-clip-symbolic.svg	/usr/share/icons/breeze-dark/actions/22/kdenlive-add-clip-symbolic.svg
kdenlive-add-clip.svg	/usr/share/icons/breeze-dark/actions/22/kdenlive-add-clip.svg
kdenlive-add-color-clip-symbolic.svg	/usr/share/icons/breeze-dark/actions/22/kdenlive-add-color-clip-symbolic.svg
kdenlive-add-color-clip.svg	/usr/share/icons/breeze-dark/actions/22/kdenlive-add-color-clip.svg
kdenlive-custom-effect-symbolic.svg	/usr/share/icons/breeze-dark/actions/22/kdenlive-custom-effect-symbolic.svg
kdenlive-custom-effect.svg	/usr/share/icons/breeze-dark/actions/22/kdenlive-custom-effect.svg
kdenlive-hide-video-symbolic.svg	/usr/share/icons/breeze-dark/actions/22/kdenlive-hide-video-symbolic.svg
kdenlive-hide-video.svg	/usr/share/icons/breeze-dark/actions/22/kdenlive-hide-video.svg
kdenlive-insert-rect-symbolic.svg	/usr/share/icons/breeze-dark/actions/22/kdenlive-insert-rect-symbolic.svg
kdenlive-insert-rect.svg	/usr/share/icons/breeze-dark/actions/22/kdenlive-insert-rect.svg
kdenlive-insert-unicode-symbolic.svg	/usr/share/icons/breeze-dark/actions/22/kdenlive-insert-unicode-symbolic.svg
kdenlive-insert-unicode.svg	/usr/share/icons/breeze-dark/actions/22/kdenlive-insert-unicode.svg
kdenlive-select-images-symbolic.svg	/usr/share/icons/breeze-dark/actions/22/kdenlive-select-images-symbolic.svg
kdenlive-select-images.svg	/usr/share/icons/breeze-dark/actions/22/kdenlive-select-images.svg
kdenlive-select-texts-symbolic.svg	/usr/share/icons/breeze-dark/actions/22/kdenlive-select-texts-symbolic.svg
kdenlive-select-texts.svg	/usr/share/icons/breeze-dark/actions/22/kdenlive-select-texts.svg
kdenlive-show-markers-symbolic.svg	/usr/share/icons/breeze-dark/actions/22/kdenlive-show-markers-symbolic.svg
kdenlive-show-markers.svg	/usr/share/icons/breeze-dark/actions/22/kdenlive-show-markers.svg
kdenlive-split-audio-symbolic.svg	/usr/share/icons/breeze-dark/actions/22/kdenlive-split-audio-symbolic.svg
kdenlive-split-audio.svg	/usr/share/icons/breeze-dark/actions/22/kdenlive-split-audio.svg
kdenlive-track_has_effect-symbolic.svg	/usr/share/icons/breeze-dark/actions/22/kdenlive-track_has_effect-symbolic.svg
kdenlive-track_has_effect.svg	/usr/share/icons/breeze-dark/actions/22/kdenlive-track_has_effect.svg
kmouth-phrase-new-symbolic.svg	/usr/share/icons/breeze-dark/actions/22/kmouth-phrase-new-symbolic.svg
kmouth-phrase-new.svg	/usr/share/icons/breeze-dark/actions/22/kmouth-phrase-new.svg
kmouth-phresebook-new-symbolic.svg	/usr/share/icons/breeze-dark/actions/22/kmouth-phresebook-new-symbolic.svg
kmouth-phresebook-new.svg	/usr/share/icons/breeze-dark/actions/22/kmouth-phresebook-new.svg
know-symbolic.svg	/usr/share/icons/breeze-dark/actions/22/know-symbolic.svg
know.svg	/usr/share/icons/breeze-dark/actions/22/know.svg
kstars_cbound-symbolic.svg	/usr/share/icons/breeze-dark/actions/22/kstars_cbound-symbolic.svg
kstars_cbound.svg	/usr/share/icons/breeze-dark/actions/22/kstars_cbound.svg
kstars_clines-symbolic.svg	/usr/share/icons/breeze-dark/actions/22/kstars_clines-symbolic.svg
kstars_clines.svg	/usr/share/icons/breeze-dark/actions/22/kstars_clines.svg
kstars_cnames-symbolic.svg	/usr/share/icons/breeze-dark/actions/22/kstars_cnames-symbolic.svg
kstars_cnames.svg	/usr/share/icons/breeze-dark/actions/22/kstars_cnames.svg
kstars_constellationart-symbolic.svg	/usr/share/icons/breeze-dark/actions/22/kstars_constellationart-symbolic.svg
kstars_constellationart.svg	/usr/share/icons/breeze-dark/actions/22/kstars_constellationart.svg
kstars_deepsky-symbolic.svg	/usr/share/icons/breeze-dark/actions/22/kstars_deepsky-symbolic.svg
kstars_deepsky.svg	/usr/share/icons/breeze-dark/actions/22/kstars_deepsky.svg
kstars_ekos-symbolic.svg	/usr/share/icons/breeze-dark/actions/22/kstars_ekos-symbolic.svg
kstars_ekos.svg	/usr/share/icons/breeze-dark/actions/22/kstars_ekos.svg
kstars_fitsviewer-symbolic.svg	/usr/share/icons/breeze-dark/actions/22/kstars_fitsviewer-symbolic.svg
kstars_fitsviewer.svg	/usr/share/icons/breeze-dark/actions/22/kstars_fitsviewer.svg
kstars_grid-symbolic.svg	/usr/share/icons/breeze-dark/actions/22/kstars_grid-symbolic.svg
kstars_grid.svg	/usr/share/icons/breeze-dark/actions/22/kstars_grid.svg
kstars_hgrid-symbolic.svg	/usr/share/icons/breeze-dark/actions/22/kstars_hgrid-symbolic.svg
kstars_hgrid.svg	/usr/share/icons/breeze-dark/actions/22/kstars_hgrid.svg
kstars_horizon-symbolic.svg	/usr/share/icons/breeze-dark/actions/22/kstars_horizon-symbolic.svg
kstars_horizon.svg	/usr/share/icons/breeze-dark/actions/22/kstars_horizon.svg
kstars_indi-symbolic.svg	/usr/share/icons/breeze-dark/actions/22/kstars_indi-symbolic.svg
kstars_indi.svg	/usr/share/icons/breeze-dark/actions/22/kstars_indi.svg
kstars_mw-symbolic.svg	/usr/share/icons/breeze-dark/actions/22/kstars_mw-symbolic.svg
kstars_mw.svg	/usr/share/icons/breeze-dark/actions/22/kstars_mw.svg
kstars_planets-symbolic.svg	/usr/share/icons/breeze-dark/actions/22/kstars_planets-symbolic.svg
kstars_planets.svg	/usr/share/icons/breeze-dark/actions/22/kstars_planets.svg
kstars_satellites-symbolic.svg	/usr/share/icons/breeze-dark/actions/22/kstars_satellites-symbolic.svg
kstars_satellites.svg	/usr/share/icons/breeze-dark/actions/22/kstars_satellites.svg
kstars_solarsystem-symbolic.svg	/usr/share/icons/breeze-dark/actions/22/kstars_solarsystem-symbolic.svg
kstars_solarsystem.svg	/usr/share/icons/breeze-dark/actions/22/kstars_solarsystem.svg
kstars_stars-symbolic.svg	/usr/share/icons/breeze-dark/actions/22/kstars_stars-symbolic.svg
kstars_stars.svg	/usr/share/icons/breeze-dark/actions/22/kstars_stars.svg
kstars_supernovae-symbolic.svg	/usr/share/icons/breeze-dark/actions/22/kstars_supernovae-symbolic.svg
kstars_supernovae.svg	/usr/share/icons/breeze-dark/actions/22/kstars_supernovae.svg
kstars_xplanet-symbolic.svg	/usr/share/icons/breeze-dark/actions/22/kstars_xplanet-symbolic.svg
kstars_xplanet.svg	/usr/share/icons/breeze-dark/actions/22/kstars_xplanet.svg
kt-add-feeds-symbolic.svg	/usr/share/icons/breeze-dark/actions/22/kt-add-feeds-symbolic.svg
kt-add-feeds.svg	/usr/share/icons/breeze-dark/actions/22/kt-add-feeds.svg
kt-add-filters-symbolic.svg	/usr/share/icons/breeze-dark/actions/22/kt-add-filters-symbolic.svg
kt-add-filters.svg	/usr/share/icons/breeze-dark/actions/22/kt-add-filters.svg
kt-chunks-symbolic.svg	/usr/share/icons/breeze-dark/actions/22/kt-chunks-symbolic.svg
kt-chunks.svg	/usr/share/icons/breeze-dark/actions/22/kt-chunks.svg
kt-magnet-symbolic.svg	/usr/share/icons/breeze-dark/actions/22/kt-magnet-symbolic.svg
kt-magnet.svg	/usr/share/icons/breeze-dark/actions/22/kt-magnet.svg
kt-queue-manager-symbolic.svg	/usr/share/icons/breeze-dark/actions/22/kt-queue-manager-symbolic.svg
kt-queue-manager.svg	/usr/share/icons/breeze-dark/actions/22/kt-queue-manager.svg
kt-remove-feeds-symbolic.svg	/usr/share/icons/breeze-dark/actions/22/kt-remove-feeds-symbolic.svg
kt-remove-feeds.svg	/usr/share/icons/breeze-dark/actions/22/kt-remove-feeds.svg
kt-remove-filters-symbolic.svg	/usr/share/icons/breeze-dark/actions/22/kt-remove-filters-symbolic.svg
kt-remove-filters.svg	/usr/share/icons/breeze-dark/actions/22/kt-remove-filters.svg
kt-start-all-symbolic.svg	/usr/share/icons/breeze-dark/actions/22/kt-start-all-symbolic.svg
kt-start-all.svg	/usr/share/icons/breeze-dark/actions/22/kt-start-all.svg
kt-stop-all-symbolic.svg	/usr/share/icons/breeze-dark/actions/22/kt-stop-all-symbolic.svg
kt-stop-all.svg	/usr/share/icons/breeze-dark/actions/22/kt-stop-all.svg
labplot-1x-zoom-symbolic.svg	/usr/share/icons/breeze-dark/actions/22/labplot-1x-zoom-symbolic.svg
labplot-1x-zoom.svg	/usr/share/icons/breeze-dark/actions/22/labplot-1x-zoom.svg
labplot-2x-zoom-symbolic.svg	/usr/share/icons/breeze-dark/actions/22/labplot-2x-zoom-symbolic.svg
labplot-2x-zoom.svg	/usr/share/icons/breeze-dark/actions/22/labplot-2x-zoom.svg
labplot-3x-zoom-symbolic.svg	/usr/share/icons/breeze-dark/actions/22/labplot-3x-zoom-symbolic.svg
labplot-3x-zoom.svg	/usr/share/icons/breeze-dark/actions/22/labplot-3x-zoom.svg
labplot-4x-zoom-symbolic.svg	/usr/share/icons/breeze-dark/actions/22/labplot-4x-zoom-symbolic.svg
labplot-4x-zoom.svg	/usr/share/icons/breeze-dark/actions/22/labplot-4x-zoom.svg
labplot-5x-zoom-symbolic.svg	/usr/share/icons/breeze-dark/actions/22/labplot-5x-zoom-symbolic.svg
labplot-5x-zoom.svg	/usr/share/icons/breeze-dark/actions/22/labplot-5x-zoom.svg
labplot-TeX-logo-symbolic.svg	/usr/share/icons/breeze-dark/actions/22/labplot-TeX-logo-symbolic.svg
labplot-TeX-logo.svg	/usr/share/icons/breeze-dark/actions/22/labplot-TeX-logo.svg
labplot-axis-horizontal-symbolic.svg	/usr/share/icons/breeze-dark/actions/22/labplot-axis-horizontal-symbolic.svg
labplot-axis-horizontal.svg	/usr/share/icons/breeze-dark/actions/22/labplot-axis-horizontal.svg
labplot-axis-vertical-symbolic.svg	/usr/share/icons/breeze-dark/actions/22/labplot-axis-vertical-symbolic.svg
labplot-axis-vertical.svg	/usr/share/icons/breeze-dark/actions/22/labplot-axis-vertical.svg
labplot-matrix-new-symbolic.svg	/usr/share/icons/breeze-dark/actions/22/labplot-matrix-new-symbolic.svg
labplot-matrix-new.svg	/usr/share/icons/breeze-dark/actions/22/labplot-matrix-new.svg
labplot-matrix-symbolic.svg	/usr/share/icons/breeze-dark/actions/22/labplot-matrix-symbolic.svg
labplot-matrix.svg	/usr/share/icons/breeze-dark/actions/22/labplot-matrix.svg
labplot-plot-axis-points-symbolic.svg	/usr/share/icons/breeze-dark/actions/22/labplot-plot-axis-points-symbolic.svg
labplot-plot-axis-points.svg	/usr/share/icons/breeze-dark/actions/22/labplot-plot-axis-points.svg
labplot-shift-down-y-symbolic.svg	/usr/share/icons/breeze-dark/actions/22/labplot-shift-down-y-symbolic.svg
labplot-shift-down-y.svg	/usr/share/icons/breeze-dark/actions/22/labplot-shift-down-y.svg
labplot-shift-left-x-symbolic.svg	/usr/share/icons/breeze-dark/actions/22/labplot-shift-left-x-symbolic.svg
labplot-shift-left-x.svg	/usr/share/icons/breeze-dark/actions/22/labplot-shift-left-x.svg
labplot-shift-right-x-symbolic.svg	/usr/share/icons/breeze-dark/actions/22/labplot-shift-right-x-symbolic.svg
labplot-shift-right-x.svg	/usr/share/icons/breeze-dark/actions/22/labplot-shift-right-x.svg
labplot-shift-up-y-symbolic.svg	/usr/share/icons/breeze-dark/actions/22/labplot-shift-up-y-symbolic.svg
labplot-shift-up-y.svg	/usr/share/icons/breeze-dark/actions/22/labplot-shift-up-y.svg
labplot-workbook-new-symbolic.svg	/usr/share/icons/breeze-dark/actions/22/labplot-workbook-new-symbolic.svg
labplot-workbook-new.svg	/usr/share/icons/breeze-dark/actions/22/labplot-workbook-new.svg
labplot-workbook-symbolic.svg	/usr/share/icons/breeze-dark/actions/22/labplot-workbook-symbolic.svg
labplot-workbook.svg	/usr/share/icons/breeze-dark/actions/22/labplot-workbook.svg
labplot-worksheet-new-symbolic.svg	/usr/share/icons/breeze-dark/actions/22/labplot-worksheet-new-symbolic.svg
labplot-worksheet-new.svg	/usr/share/icons/breeze-dark/actions/22/labplot-worksheet-new.svg
labplot-worksheet-symbolic.svg	/usr/share/icons/breeze-dark/actions/22/labplot-worksheet-symbolic.svg
labplot-worksheet.svg	/usr/share/icons/breeze-dark/actions/22/labplot-worksheet.svg
labplot-xy-curve-segments-symbolic.svg	/usr/share/icons/breeze-dark/actions/22/labplot-xy-curve-segments-symbolic.svg
labplot-xy-curve-segments.svg	/usr/share/icons/breeze-dark/actions/22/labplot-xy-curve-segments.svg
labplot-xy-curve-symbolic.svg	/usr/share/icons/breeze-dark/actions/22/labplot-xy-curve-symbolic.svg
labplot-xy-curve.svg	/usr/share/icons/breeze-dark/actions/22/labplot-xy-curve.svg
labplot-xy-equation-curve-symbolic.svg	/usr/share/icons/breeze-dark/actions/22/labplot-xy-equation-curve-symbolic.svg
labplot-xy-equation-curve.svg	/usr/share/icons/breeze-dark/actions/22/labplot-xy-equation-curve.svg
labplot-xy-fit-curve-symbolic.svg	/usr/share/icons/breeze-dark/actions/22/labplot-xy-fit-curve-symbolic.svg
labplot-xy-fit-curve.svg	/usr/share/icons/breeze-dark/actions/22/labplot-xy-fit-curve.svg
labplot-xy-fourier-filter-curve-symbolic.svg	/usr/share/icons/breeze-dark/actions/22/labplot-xy-fourier-filter-curve-symbolic.svg
labplot-xy-fourier-filter-curve.svg	/usr/share/icons/breeze-dark/actions/22/labplot-xy-fourier-filter-curve.svg
labplot-xy-fourier-transform-curve-symbolic.svg	/usr/share/icons/breeze-dark/actions/22/labplot-xy-fourier-transform-curve-symbolic.svg
labplot-xy-fourier-transform-curve.svg	/usr/share/icons/breeze-dark/actions/22/labplot-xy-fourier-transform-curve.svg
labplot-xy-interpolation-curve-symbolic.svg	/usr/share/icons/breeze-dark/actions/22/labplot-xy-interpolation-curve-symbolic.svg
labplot-xy-interpolation-curve.svg	/usr/share/icons/breeze-dark/actions/22/labplot-xy-interpolation-curve.svg
labplot-xy-plot-four-axes-symbolic.svg	/usr/share/icons/breeze-dark/actions/22/labplot-xy-plot-four-axes-symbolic.svg
labplot-xy-plot-four-axes.svg	/usr/share/icons/breeze-dark/actions/22/labplot-xy-plot-four-axes.svg
labplot-xy-plot-two-axes-centered-origin-symbolic.svg	/usr/share/icons/breeze-dark/actions/22/labplot-xy-plot-two-axes-centered-origin-symbolic.svg
labplot-xy-plot-two-axes-centered-origin.svg	/usr/share/icons/breeze-dark/actions/22/labplot-xy-plot-two-axes-centered-origin.svg
labplot-xy-plot-two-axes-centered-symbolic.svg	/usr/share/icons/breeze-dark/actions/22/labplot-xy-plot-two-axes-centered-symbolic.svg
labplot-xy-plot-two-axes-centered.svg	/usr/share/icons/breeze-dark/actions/22/labplot-xy-plot-two-axes-centered.svg
labplot-xy-plot-two-axes-symbolic.svg	/usr/share/icons/breeze-dark/actions/22/labplot-xy-plot-two-axes-symbolic.svg
labplot-xy-plot-two-axes.svg	/usr/share/icons/breeze-dark/actions/22/labplot-xy-plot-two-axes.svg
labplot-xy-smoothing-curve-symbolic.svg	/usr/share/icons/breeze-dark/actions/22/labplot-xy-smoothing-curve-symbolic.svg
labplot-xy-smoothing-curve.svg	/usr/share/icons/breeze-dark/actions/22/labplot-xy-smoothing-curve.svg
labplot-zoom-in-x-symbolic.svg	/usr/share/icons/breeze-dark/actions/22/labplot-zoom-in-x-symbolic.svg
labplot-zoom-in-x.svg	/usr/share/icons/breeze-dark/actions/22/labplot-zoom-in-x.svg
labplot-zoom-in-y-symbolic.svg	/usr/share/icons/breeze-dark/actions/22/labplot-zoom-in-y-symbolic.svg
labplot-zoom-in-y.svg	/usr/share/icons/breeze-dark/actions/22/labplot-zoom-in-y.svg
labplot-zoom-out-x-symbolic.svg	/usr/share/icons/breeze-dark/actions/22/labplot-zoom-out-x-symbolic.svg
labplot-zoom-out-x.svg	/usr/share/icons/breeze-dark/actions/22/labplot-zoom-out-x.svg
labplot-zoom-out-y-symbolic.svg	/usr/share/icons/breeze-dark/actions/22/labplot-zoom-out-y-symbolic.svg
labplot-zoom-out-y.svg	/usr/share/icons/breeze-dark/actions/22/labplot-zoom-out-y.svg
latex-config-symbolic.svg	/usr/share/icons/breeze-dark/actions/22/latex-config-symbolic.svg
latex-config.svg	/usr/share/icons/breeze-dark/actions/22/latex-config.svg
latex-symbolic.svg	/usr/share/icons/breeze-dark/actions/22/latex-symbolic.svg
latex.svg	/usr/share/icons/breeze-dark/actions/22/latex.svg
lensautofix-symbolic.svg	/usr/share/icons/breeze-dark/actions/22/lensautofix-symbolic.svg
lensautofix.svg	/usr/share/icons/breeze-dark/actions/22/lensautofix.svg
lensdistortion-symbolic.svg	/usr/share/icons/breeze-dark/actions/22/lensdistortion-symbolic.svg
lensdistortion.svg	/usr/share/icons/breeze-dark/actions/22/lensdistortion.svg
lilypond-symbolic.svg	/usr/share/icons/breeze-dark/actions/22/lilypond-symbolic.svg
lilypond.svg	/usr/share/icons/breeze-dark/actions/22/lilypond.svg
linear-symbolic.svg	/usr/share/icons/breeze-dark/actions/22/linear-symbolic.svg
linear.svg	/usr/share/icons/breeze-dark/actions/22/linear.svg
low-brightness-symbolic.svg	/usr/share/icons/breeze-dark/actions/22/low-brightness-symbolic.svg
low-brightness.svg	/usr/share/icons/breeze-dark/actions/22/low-brightness.svg
map-flat-symbolic.svg	/usr/share/icons/breeze-dark/actions/22/map-flat-symbolic.svg
map-flat.svg	/usr/share/icons/breeze-dark/actions/22/map-flat.svg
map-globe-symbolic.svg	/usr/share/icons/breeze-dark/actions/22/map-globe-symbolic.svg
map-globe.svg	/usr/share/icons/breeze-dark/actions/22/map-globe.svg
map-gnomonic-symbolic.svg	/usr/share/icons/breeze-dark/actions/22/map-gnomonic-symbolic.svg
map-gnomonic.svg	/usr/share/icons/breeze-dark/actions/22/map-gnomonic.svg
map-mercator-symbolic.svg	/usr/share/icons/breeze-dark/actions/22/map-mercator-symbolic.svg
map-mercator.svg	/usr/share/icons/breeze-dark/actions/22/map-mercator.svg
media-playlist-no-shuffle-symbolic.svg	/usr/share/icons/breeze-dark/actions/22/media-playlist-no-shuffle-symbolic.svg
media-playlist-no-shuffle.svg	/usr/share/icons/breeze-dark/actions/22/media-playlist-no-shuffle.svg
media-playlist-normal-symbolic.svg	/usr/share/icons/breeze-dark/actions/22/media-playlist-normal-symbolic.svg
media-playlist-normal.svg	/usr/share/icons/breeze-dark/actions/22/media-playlist-normal.svg
menu_new_sep-symbolic.svg	/usr/share/icons/breeze-dark/actions/22/menu_new_sep-symbolic.svg
menu_new_sep.svg	/usr/share/icons/breeze-dark/actions/22/menu_new_sep.svg
motion_path_animations-symbolic.svg	/usr/share/icons/breeze-dark/actions/22/motion_path_animations-symbolic.svg
motion_path_animations.svg	/usr/share/icons/breeze-dark/actions/22/motion_path_animations.svg
music-note-16th-symbolic.svg	/usr/share/icons/breeze-dark/actions/22/music-note-16th-symbolic.svg
music-note-16th.svg	/usr/share/icons/breeze-dark/actions/22/music-note-16th.svg
newline-symbolic.svg	/usr/share/icons/breeze-dark/actions/22/newline-symbolic.svg
newline.svg	/usr/share/icons/breeze-dark/actions/22/newline.svg
nextfuzzy-symbolic.svg	/usr/share/icons/breeze-dark/actions/22/nextfuzzy-symbolic.svg
nextfuzzy.svg	/usr/share/icons/breeze-dark/actions/22/nextfuzzy.svg
nextfuzzyuntrans-symbolic.svg	/usr/share/icons/breeze-dark/actions/22/nextfuzzyuntrans-symbolic.svg
nextfuzzyuntrans.svg	/usr/share/icons/breeze-dark/actions/22/nextfuzzyuntrans.svg
nextuntranslated-symbolic.svg	/usr/share/icons/breeze-dark/actions/22/nextuntranslated-symbolic.svg
nextuntranslated.svg	/usr/share/icons/breeze-dark/actions/22/nextuntranslated.svg
noisereduction-symbolic.svg	/usr/share/icons/breeze-dark/actions/22/noisereduction-symbolic.svg
noisereduction.svg	/usr/share/icons/breeze-dark/actions/22/noisereduction.svg
notification-active-symbolic.svg	/usr/share/icons/breeze-dark/actions/22/notification-active-symbolic.svg
notification-active.svg	/usr/share/icons/breeze-dark/actions/22/notification-active.svg
notification-disabled-symbolic.svg	/usr/share/icons/breeze-dark/actions/22/notification-disabled-symbolic.svg
notification-disabled.svg	/usr/share/icons/breeze-dark/actions/22/notification-disabled.svg
notification-empty.svg	/usr/share/icons/breeze-dark/actions/22/notification-empty.svg
notification-inactive-symbolic.svg	/usr/share/icons/breeze-dark/actions/22/notification-inactive-symbolic.svg
notification-inactive.svg	/usr/share/icons/breeze-dark/actions/22/notification-inactive.svg
notification-progress-active.svg	/usr/share/icons/breeze-dark/actions/22/notification-progress-active.svg
notification-progress-inactive.svg	/usr/share/icons/breeze-dark/actions/22/notification-progress-inactive.svg
nroot-symbolic.svg	/usr/share/icons/breeze-dark/actions/22/nroot-symbolic.svg
nroot.svg	/usr/share/icons/breeze-dark/actions/22/nroot.svg
object-height-symbolic.svg	/usr/share/icons/breeze-dark/actions/22/object-height-symbolic.svg
object-height.svg	/usr/share/icons/breeze-dark/actions/22/object-height.svg
object-width-symbolic.svg	/usr/share/icons/breeze-dark/actions/22/object-width-symbolic.svg
object-width.svg	/usr/share/icons/breeze-dark/actions/22/object-width.svg
oilpaint-symbolic.svg	/usr/share/icons/breeze-dark/actions/22/oilpaint-symbolic.svg
oilpaint.svg	/usr/share/icons/breeze-dark/actions/22/oilpaint.svg
overexposure-symbolic.svg	/usr/share/icons/breeze-dark/actions/22/overexposure-symbolic.svg
overexposure.svg	/usr/share/icons/breeze-dark/actions/22/overexposure.svg
overflow-menu-left-symbolic.svg	/usr/share/icons/breeze-dark/actions/22/overflow-menu-left-symbolic.svg
overflow-menu-left.svg	/usr/share/icons/breeze-dark/actions/22/overflow-menu-left.svg
overflow-menu-right-symbolic.svg	/usr/share/icons/breeze-dark/actions/22/overflow-menu-right-symbolic.svg
overflow-menu-right.svg	/usr/share/icons/breeze-dark/actions/22/overflow-menu-right.svg
pathshape-symbolic.svg	/usr/share/icons/breeze-dark/actions/22/pathshape-symbolic.svg
pathshape.svg	/usr/share/icons/breeze-dark/actions/22/pathshape.svg
perspective-symbolic.svg	/usr/share/icons/breeze-dark/actions/22/perspective-symbolic.svg
perspective.svg	/usr/share/icons/breeze-dark/actions/22/perspective.svg
podcast-amarok-symbolic.svg	/usr/share/icons/breeze-dark/actions/22/podcast-amarok-symbolic.svg
podcast-amarok.svg	/usr/share/icons/breeze-dark/actions/22/podcast-amarok.svg
preflight-verifier-symbolic.svg	/usr/share/icons/breeze-dark/actions/22/preflight-verifier-symbolic.svg
preflight-verifier.svg	/usr/share/icons/breeze-dark/actions/22/preflight-verifier.svg
prevfuzzy-symbolic.svg	/usr/share/icons/breeze-dark/actions/22/prevfuzzy-symbolic.svg
prevfuzzy.svg	/usr/share/icons/breeze-dark/actions/22/prevfuzzy.svg
prevfuzzyuntrans-symbolic.svg	/usr/share/icons/breeze-dark/actions/22/prevfuzzyuntrans-symbolic.svg
prevfuzzyuntrans.svg	/usr/share/icons/breeze-dark/actions/22/prevfuzzyuntrans.svg
preview-add-zone-symbolic.svg	/usr/share/icons/breeze-dark/actions/22/preview-add-zone-symbolic.svg
preview-add-zone.svg	/usr/share/icons/breeze-dark/actions/22/preview-add-zone.svg
preview-remove-all-symbolic.svg	/usr/share/icons/breeze-dark/actions/22/preview-remove-all-symbolic.svg
preview-remove-all.svg	/usr/share/icons/breeze-dark/actions/22/preview-remove-all.svg
preview-remove-zone-symbolic.svg	/usr/share/icons/breeze-dark/actions/22/preview-remove-zone-symbolic.svg
preview-remove-zone.svg	/usr/share/icons/breeze-dark/actions/22/preview-remove-zone.svg
preview-render-off-symbolic.svg	/usr/share/icons/breeze-dark/actions/22/preview-render-off-symbolic.svg
preview-render-off.svg	/usr/share/icons/breeze-dark/actions/22/preview-render-off.svg
preview-render-on-symbolic.svg	/usr/share/icons/breeze-dark/actions/22/preview-render-on-symbolic.svg
preview-render-on.svg	/usr/share/icons/breeze-dark/actions/22/preview-render-on.svg
prevuntranslated-symbolic.svg	/usr/share/icons/breeze-dark/actions/22/prevuntranslated-symbolic.svg
prevuntranslated.svg	/usr/share/icons/breeze-dark/actions/22/prevuntranslated.svg
project-defaults-symbolic.svg	/usr/share/icons/breeze-dark/actions/22/project-defaults-symbolic.svg
project-defaults.svg	/usr/share/icons/breeze-dark/actions/22/project-defaults.svg
question-symbolic.svg	/usr/share/icons/breeze-dark/actions/22/question-symbolic.svg
question.svg	/usr/share/icons/breeze-dark/actions/22/question.svg
raindrop-symbolic.svg	/usr/share/icons/breeze-dark/actions/22/raindrop-symbolic.svg
raindrop.svg	/usr/share/icons/breeze-dark/actions/22/raindrop.svg
rss-symbolic.svg	/usr/share/icons/breeze-dark/actions/22/rss-symbolic.svg
rss.svg	/usr/share/icons/breeze-dark/actions/22/rss.svg
secure-card-symbolic.svg	/usr/share/icons/breeze-dark/actions/22/secure-card-symbolic.svg
secure-card.svg	/usr/share/icons/breeze-dark/actions/22/secure-card.svg
sharpenimage-symbolic.svg	/usr/share/icons/breeze-dark/actions/22/sharpenimage-symbolic.svg
sharpenimage.svg	/usr/share/icons/breeze-dark/actions/22/sharpenimage.svg
show-all-effects-symbolic.svg	/usr/share/icons/breeze-dark/actions/22/show-all-effects-symbolic.svg
show-all-effects.svg	/usr/share/icons/breeze-dark/actions/22/show-all-effects.svg
show-gpu-effects-symbolic.svg	/usr/share/icons/breeze-dark/actions/22/show-gpu-effects-symbolic.svg
show-gpu-effects.svg	/usr/share/icons/breeze-dark/actions/22/show-gpu-effects.svg
skg-chart-bubble-symbolic.svg	/usr/share/icons/breeze-dark/actions/22/skg-chart-bubble-symbolic.svg
skg-chart-bubble.svg	/usr/share/icons/breeze-dark/actions/22/skg-chart-bubble.svg
skrooge_credit_card-symbolic.svg	/usr/share/icons/breeze-dark/actions/22/skrooge_credit_card-symbolic.svg
skrooge_credit_card.svg	/usr/share/icons/breeze-dark/actions/22/skrooge_credit_card.svg
skrooge_less-symbolic.svg	/usr/share/icons/breeze-dark/actions/22/skrooge_less-symbolic.svg
skrooge_less.svg	/usr/share/icons/breeze-dark/actions/22/skrooge_less.svg
skrooge_more-symbolic.svg	/usr/share/icons/breeze-dark/actions/22/skrooge_more-symbolic.svg
skrooge_more.svg	/usr/share/icons/breeze-dark/actions/22/skrooge_more.svg
skrooge_much_less-symbolic.svg	/usr/share/icons/breeze-dark/actions/22/skrooge_much_less-symbolic.svg
skrooge_much_less.svg	/usr/share/icons/breeze-dark/actions/22/skrooge_much_less.svg
skrooge_much_more-symbolic.svg	/usr/share/icons/breeze-dark/actions/22/skrooge_much_more-symbolic.svg
skrooge_much_more.svg	/usr/share/icons/breeze-dark/actions/22/skrooge_much_more.svg
skrooge_type-symbolic.svg	/usr/share/icons/breeze-dark/actions/22/skrooge_type-symbolic.svg
skrooge_type.svg	/usr/share/icons/breeze-dark/actions/22/skrooge_type.svg
smallfrac-symbolic.svg	/usr/share/icons/breeze-dark/actions/22/smallfrac-symbolic.svg
smallfrac.svg	/usr/share/icons/breeze-dark/actions/22/smallfrac.svg
smartnewline-symbolic.svg	/usr/share/icons/breeze-dark/actions/22/smartnewline-symbolic.svg
smartnewline.svg	/usr/share/icons/breeze-dark/actions/22/smartnewline.svg
smiley-shape-symbolic.svg	/usr/share/icons/breeze-dark/actions/22/smiley-shape-symbolic.svg
smiley-shape.svg	/usr/share/icons/breeze-dark/actions/22/smiley-shape.svg
smiley-symbolic.svg	/usr/share/icons/breeze-dark/actions/22/smiley-symbolic.svg
smiley.svg	/usr/share/icons/breeze-dark/actions/22/smiley.svg
smooth-symbolic.svg	/usr/share/icons/breeze-dark/actions/22/smooth-symbolic.svg
smooth.svg	/usr/share/icons/breeze-dark/actions/22/smooth.svg
step_object_ChargedParticle-symbolic.svg	/usr/share/icons/breeze-dark/actions/22/step_object_ChargedParticle-symbolic.svg
step_object_ChargedParticle.svg	/usr/share/icons/breeze-dark/actions/22/step_object_ChargedParticle.svg
step_object_CircularMotor-symbolic.svg	/usr/share/icons/breeze-dark/actions/22/step_object_CircularMotor-symbolic.svg
step_object_CircularMotor.svg	/usr/share/icons/breeze-dark/actions/22/step_object_CircularMotor.svg
step_object_CoulombForce-symbolic.svg	/usr/share/icons/breeze-dark/actions/22/step_object_CoulombForce-symbolic.svg
step_object_CoulombForce.svg	/usr/share/icons/breeze-dark/actions/22/step_object_CoulombForce.svg
step_object_Gas-symbolic.svg	/usr/share/icons/breeze-dark/actions/22/step_object_Gas-symbolic.svg
step_object_Gas.svg	/usr/share/icons/breeze-dark/actions/22/step_object_Gas.svg
step_object_GasParticle-symbolic.svg	/usr/share/icons/breeze-dark/actions/22/step_object_GasParticle-symbolic.svg
step_object_GasParticle.svg	/usr/share/icons/breeze-dark/actions/22/step_object_GasParticle.svg
step_object_GravitationForce-symbolic.svg	/usr/share/icons/breeze-dark/actions/22/step_object_GravitationForce-symbolic.svg
step_object_GravitationForce.svg	/usr/share/icons/breeze-dark/actions/22/step_object_GravitationForce.svg
step_object_LinearMotor-symbolic.svg	/usr/share/icons/breeze-dark/actions/22/step_object_LinearMotor-symbolic.svg
step_object_LinearMotor.svg	/usr/share/icons/breeze-dark/actions/22/step_object_LinearMotor.svg
step_object_Meter-symbolic.svg	/usr/share/icons/breeze-dark/actions/22/step_object_Meter-symbolic.svg
step_object_Meter.svg	/usr/share/icons/breeze-dark/actions/22/step_object_Meter.svg
step_object_SoftBody-symbolic.svg	/usr/share/icons/breeze-dark/actions/22/step_object_SoftBody-symbolic.svg
step_object_SoftBody.svg	/usr/share/icons/breeze-dark/actions/22/step_object_SoftBody.svg
step_object_Spring-symbolic.svg	/usr/share/icons/breeze-dark/actions/22/step_object_Spring-symbolic.svg
step_object_Spring.svg	/usr/share/icons/breeze-dark/actions/22/step_object_Spring.svg
step_object_Tracer-symbolic.svg	/usr/share/icons/breeze-dark/actions/22/step_object_Tracer-symbolic.svg
step_object_Tracer.svg	/usr/share/icons/breeze-dark/actions/22/step_object_Tracer.svg
step_object_WeightForce-symbolic.svg	/usr/share/icons/breeze-dark/actions/22/step_object_WeightForce-symbolic.svg
step_object_WeightForce.svg	/usr/share/icons/breeze-dark/actions/22/step_object_WeightForce.svg
system-hibernate-symbolic.svg	/usr/share/icons/breeze-dark/actions/22/system-hibernate-symbolic.svg
system-hibernate.svg	/usr/share/icons/breeze-dark/actions/22/system-hibernate.svg
system-shutdown.svg	/usr/share/icons/breeze-dark/actions/22/system-shutdown.svg
system-suspend-hibernate-symbolic.svg	/usr/share/icons/breeze-dark/actions/22/system-suspend-hibernate-symbolic.svg
system-suspend-hibernate.svg	/usr/share/icons/breeze-dark/actions/22/system-suspend-hibernate.svg
system-suspend-symbolic.svg	/usr/share/icons/breeze-dark/actions/22/system-suspend-symbolic.svg
system-suspend.svg	/usr/share/icons/breeze-dark/actions/22/system-suspend.svg
system-upgrade-symbolic.svg	/usr/share/icons/breeze-dark/actions/22/system-upgrade-symbolic.svg
system-upgrade.svg	/usr/share/icons/breeze-dark/actions/22/system-upgrade.svg
system-user-list.svg	/usr/share/icons/breeze-dark/actions/22/system-user-list.svg
system-user-prompt.svg	/usr/share/icons/breeze-dark/actions/22/system-user-prompt.svg
texcompiler-symbolic.svg	/usr/share/icons/breeze-dark/actions/22/texcompiler-symbolic.svg
texcompiler.svg	/usr/share/icons/breeze-dark/actions/22/texcompiler.svg
texlion-symbolic.svg	/usr/share/icons/breeze-dark/actions/22/texlion-symbolic.svg
texlion.svg	/usr/share/icons/breeze-dark/actions/22/texlion.svg
text_remove_kerns-symbolic.svg	/usr/share/icons/breeze-dark/actions/22/text_remove_kerns-symbolic.svg
text_remove_kerns.svg	/usr/share/icons/breeze-dark/actions/22/text_remove_kerns.svg
texture-symbolic.svg	/usr/share/icons/breeze-dark/actions/22/texture-symbolic.svg
texture.svg	/usr/share/icons/breeze-dark/actions/22/texture.svg
timeline-extract-symbolic.svg	/usr/share/icons/breeze-dark/actions/22/timeline-extract-symbolic.svg
timeline-extract.svg	/usr/share/icons/breeze-dark/actions/22/timeline-extract.svg
timeline-insert-symbolic.svg	/usr/share/icons/breeze-dark/actions/22/timeline-insert-symbolic.svg
timeline-insert.svg	/usr/share/icons/breeze-dark/actions/22/timeline-insert.svg
timeline-lift-symbolic.svg	/usr/share/icons/breeze-dark/actions/22/timeline-lift-symbolic.svg
timeline-lift.svg	/usr/share/icons/breeze-dark/actions/22/timeline-lift.svg
timeline-mode-insert-symbolic.svg	/usr/share/icons/breeze-dark/actions/22/timeline-mode-insert-symbolic.svg
timeline-mode-insert.svg	/usr/share/icons/breeze-dark/actions/22/timeline-mode-insert.svg
timeline-mode-normal-symbolic.svg	/usr/share/icons/breeze-dark/actions/22/timeline-mode-normal-symbolic.svg
timeline-mode-normal.svg	/usr/share/icons/breeze-dark/actions/22/timeline-mode-normal.svg
timeline-mode-overwrite-symbolic.svg	/usr/share/icons/breeze-dark/actions/22/timeline-mode-overwrite-symbolic.svg
timeline-mode-overwrite.svg	/usr/share/icons/breeze-dark/actions/22/timeline-mode-overwrite.svg
timeline-overwrite-symbolic.svg	/usr/share/icons/breeze-dark/actions/22/timeline-overwrite-symbolic.svg
timeline-overwrite.svg	/usr/share/icons/breeze-dark/actions/22/timeline-overwrite.svg
timeline-use-zone-off-symbolic.svg	/usr/share/icons/breeze-dark/actions/22/timeline-use-zone-off-symbolic.svg
timeline-use-zone-off.svg	/usr/share/icons/breeze-dark/actions/22/timeline-use-zone-off.svg
timeline-use-zone-on-symbolic.svg	/usr/share/icons/breeze-dark/actions/22/timeline-use-zone-on-symbolic.svg
timeline-use-zone-on.svg	/usr/share/icons/breeze-dark/actions/22/timeline-use-zone-on.svg
tool-spray-symbolic.svg	/usr/share/icons/breeze-dark/actions/22/tool-spray-symbolic.svg
tool-spray.svg	/usr/share/icons/breeze-dark/actions/22/tool-spray.svg
tool_color_eraser-symbolic.svg	/usr/share/icons/breeze-dark/actions/22/tool_color_eraser-symbolic.svg
tool_color_eraser.svg	/usr/share/icons/breeze-dark/actions/22/tool_color_eraser.svg
tool_curve-symbolic.svg	/usr/share/icons/breeze-dark/actions/22/tool_curve-symbolic.svg
tool_curve.svg	/usr/share/icons/breeze-dark/actions/22/tool_curve.svg
tool_free_form_selection-symbolic.svg	/usr/share/icons/breeze-dark/actions/22/tool_free_form_selection-symbolic.svg
tool_free_form_selection.svg	/usr/share/icons/breeze-dark/actions/22/tool_free_form_selection.svg
tool_polygon-symbolic.svg	/usr/share/icons/breeze-dark/actions/22/tool_polygon-symbolic.svg
tool_polygon.svg	/usr/share/icons/breeze-dark/actions/22/tool_polygon.svg
tool_spraycan-symbolic.svg	/usr/share/icons/breeze-dark/actions/22/tool_spraycan-symbolic.svg
tool_spraycan.svg	/usr/share/icons/breeze-dark/actions/22/tool_spraycan.svg
torrents-symbolic.svg	/usr/share/icons/breeze-dark/actions/22/torrents-symbolic.svg
torrents.svg	/usr/share/icons/breeze-dark/actions/22/torrents.svg
transform-browse-symbolic.svg	/usr/share/icons/breeze-dark/actions/22/transform-browse-symbolic.svg
transform-browse.svg	/usr/share/icons/breeze-dark/actions/22/transform-browse.svg
transform-scale-horizontal-symbolic.svg	/usr/share/icons/breeze-dark/actions/22/transform-scale-horizontal-symbolic.svg
transform-scale-horizontal.svg	/usr/share/icons/breeze-dark/actions/22/transform-scale-horizontal.svg
transform-scale-vertical-symbolic.svg	/usr/share/icons/breeze-dark/actions/22/transform-scale-vertical-symbolic.svg
transform-scale-vertical.svg	/usr/share/icons/breeze-dark/actions/22/transform-scale-vertical.svg
transport-mode-flight.svg	/usr/share/icons/breeze-dark/actions/22/transport-mode-flight.svg
typewriter-symbolic.svg	/usr/share/icons/breeze-dark/actions/22/typewriter-symbolic.svg
typewriter.svg	/usr/share/icons/breeze-dark/actions/22/typewriter.svg
underexposure-symbolic.svg	/usr/share/icons/breeze-dark/actions/22/underexposure-symbolic.svg
underexposure.svg	/usr/share/icons/breeze-dark/actions/22/underexposure.svg
username-copy-symbolic.svg	/usr/share/icons/breeze-dark/actions/22/username-copy-symbolic.svg
username-copy.svg	/usr/share/icons/breeze-dark/actions/22/username-copy.svg
vcs-commit-cvs-cervisia-symbolic.svg	/usr/share/icons/breeze-dark/actions/22/vcs-commit-cvs-cervisia-symbolic.svg
vcs-commit-cvs-cervisia.svg	/usr/share/icons/breeze-dark/actions/22/vcs-commit-cvs-cervisia.svg
vcs-diff-cvs-cervisia-symbolic.svg	/usr/share/icons/breeze-dark/actions/22/vcs-diff-cvs-cervisia-symbolic.svg
vcs-diff-cvs-cervisia.svg	/usr/share/icons/breeze-dark/actions/22/vcs-diff-cvs-cervisia.svg
vcs-remove-cvs-cervisia-symbolic.svg	/usr/share/icons/breeze-dark/actions/22/vcs-remove-cvs-cervisia-symbolic.svg
vcs-remove-cvs-cervisia.svg	/usr/share/icons/breeze-dark/actions/22/vcs-remove-cvs-cervisia.svg
vcs-status-cvs-cervisia-symbolic.svg	/usr/share/icons/breeze-dark/actions/22/vcs-status-cvs-cervisia-symbolic.svg
vcs-status-cvs-cervisia.svg	/usr/share/icons/breeze-dark/actions/22/vcs-status-cvs-cervisia.svg
vcs-update-cvs-cervisia-symbolic.svg	/usr/share/icons/breeze-dark/actions/22/vcs-update-cvs-cervisia-symbolic.svg
vcs-update-cvs-cervisia.svg	/usr/share/icons/breeze-dark/actions/22/vcs-update-cvs-cervisia.svg
view-catalog-symbolic.svg	/usr/share/icons/breeze-dark/actions/22/view-catalog-symbolic.svg
view-catalog.svg	/usr/share/icons/breeze-dark/actions/22/view-catalog.svg
view-certificate-add-symbolic.svg	/usr/share/icons/breeze-dark/actions/22/view-certificate-add-symbolic.svg
view-certificate-add.svg	/usr/share/icons/breeze-dark/actions/22/view-certificate-add.svg
view-certificate-export-secret-symbolic.svg	/usr/share/icons/breeze-dark/actions/22/view-certificate-export-secret-symbolic.svg
view-certificate-export-secret.svg	/usr/share/icons/breeze-dark/actions/22/view-certificate-export-secret.svg
view-certificate-export-server-symbolic.svg	/usr/share/icons/breeze-dark/actions/22/view-certificate-export-server-symbolic.svg
view-certificate-export-server.svg	/usr/share/icons/breeze-dark/actions/22/view-certificate-export-server.svg
view-certificate-export-symbolic.svg	/usr/share/icons/breeze-dark/actions/22/view-certificate-export-symbolic.svg
view-certificate-export.svg	/usr/share/icons/breeze-dark/actions/22/view-certificate-export.svg
view-certificate-import-symbolic.svg	/usr/share/icons/breeze-dark/actions/22/view-certificate-import-symbolic.svg
view-certificate-import.svg	/usr/share/icons/breeze-dark/actions/22/view-certificate-import.svg
view-certificate-server-configure-symbolic.svg	/usr/share/icons/breeze-dark/actions/22/view-certificate-server-configure-symbolic.svg
view-certificate-server-configure.svg	/usr/share/icons/breeze-dark/actions/22/view-certificate-server-configure.svg
view-certificate-sign-symbolic.svg	/usr/share/icons/breeze-dark/actions/22/view-certificate-sign-symbolic.svg
view-certificate-sign.svg	/usr/share/icons/breeze-dark/actions/22/view-certificate-sign.svg
view-certificate-symbolic.svg	/usr/share/icons/breeze-dark/actions/22/view-certificate-symbolic.svg
view-certificate.svg	/usr/share/icons/breeze-dark/actions/22/view-certificate.svg
view-financial-account-credit-card-closed-symbolic.svg	/usr/share/icons/breeze-dark/actions/22/view-financial-account-credit-card-closed-symbolic.svg
view-financial-account-credit-card-closed.svg	/usr/share/icons/breeze-dark/actions/22/view-financial-account-credit-card-closed.svg
view-financial-account-credit-card-symbolic.svg	/usr/share/icons/breeze-dark/actions/22/view-financial-account-credit-card-symbolic.svg
view-financial-account-credit-card.svg	/usr/share/icons/breeze-dark/actions/22/view-financial-account-credit-card.svg
view-media-chart-symbolic.svg	/usr/share/icons/breeze-dark/actions/22/view-media-chart-symbolic.svg
view-media-chart.svg	/usr/share/icons/breeze-dark/actions/22/view-media-chart.svg
view-media-config-symbolic.svg	/usr/share/icons/breeze-dark/actions/22/view-media-config-symbolic.svg
view-media-config.svg	/usr/share/icons/breeze-dark/actions/22/view-media-config.svg
view-media-favorite-symbolic.svg	/usr/share/icons/breeze-dark/actions/22/view-media-favorite-symbolic.svg
view-media-favorite.svg	/usr/share/icons/breeze-dark/actions/22/view-media-favorite.svg
view-media-genre-symbolic.svg	/usr/share/icons/breeze-dark/actions/22/view-media-genre-symbolic.svg
view-media-genre.svg	/usr/share/icons/breeze-dark/actions/22/view-media-genre.svg
view-media-playcount-symbolic.svg	/usr/share/icons/breeze-dark/actions/22/view-media-playcount-symbolic.svg
view-media-playcount.svg	/usr/share/icons/breeze-dark/actions/22/view-media-playcount.svg
view-media-recent-symbolic.svg	/usr/share/icons/breeze-dark/actions/22/view-media-recent-symbolic.svg
view-media-recent.svg	/usr/share/icons/breeze-dark/actions/22/view-media-recent.svg
view-media-similarartists-symbolic.svg	/usr/share/icons/breeze-dark/actions/22/view-media-similarartists-symbolic.svg
view-media-similarartists.svg	/usr/share/icons/breeze-dark/actions/22/view-media-similarartists.svg
view-media-title-symbolic.svg	/usr/share/icons/breeze-dark/actions/22/view-media-title-symbolic.svg
view-media-title.svg	/usr/share/icons/breeze-dark/actions/22/view-media-title.svg
view-media-track-symbolic.svg	/usr/share/icons/breeze-dark/actions/22/view-media-track-symbolic.svg
view-media-track.svg	/usr/share/icons/breeze-dark/actions/22/view-media-track.svg
view-split-effect-symbolic.svg	/usr/share/icons/breeze-dark/actions/22/view-split-effect-symbolic.svg
view-split-effect.svg	/usr/share/icons/breeze-dark/actions/22/view-split-effect.svg
view-unsplit-effect-symbolic.svg	/usr/share/icons/breeze-dark/actions/22/view-unsplit-effect-symbolic.svg
view-unsplit-effect.svg	/usr/share/icons/breeze-dark/actions/22/view-unsplit-effect.svg
viewdvi-symbolic.svg	/usr/share/icons/breeze-dark/actions/22/viewdvi-symbolic.svg
viewdvi.svg	/usr/share/icons/breeze-dark/actions/22/viewdvi.svg
wallet-closed-symbolic.svg	/usr/share/icons/breeze-dark/actions/22/wallet-closed-symbolic.svg
wallet-closed.svg	/usr/share/icons/breeze-dark/actions/22/wallet-closed.svg
wallet-open-symbolic.svg	/usr/share/icons/breeze-dark/actions/22/wallet-open-symbolic.svg
wallet-open.svg	/usr/share/icons/breeze-dark/actions/22/wallet-open.svg
warnnext-symbolic.svg	/usr/share/icons/breeze-dark/actions/22/warnnext-symbolic.svg
warnnext.svg	/usr/share/icons/breeze-dark/actions/22/warnnext.svg
warnprev-symbolic.svg	/usr/share/icons/breeze-dark/actions/22/warnprev-symbolic.svg
warnprev.svg	/usr/share/icons/breeze-dark/actions/22/warnprev.svg
whitebalance-symbolic.svg	/usr/share/icons/breeze-dark/actions/22/whitebalance-symbolic.svg
whitebalance.svg	/usr/share/icons/breeze-dark/actions/22/whitebalance.svg
xfsm-hibernate-symbolic.svg	/usr/share/icons/breeze-dark/actions/22/xfsm-hibernate-symbolic.svg
xfsm-hibernate.svg	/usr/share/icons/breeze-dark/actions/22/xfsm-hibernate.svg
zone-in-symbolic.svg	/usr/share/icons/breeze-dark/actions/22/zone-in-symbolic.svg
zone-in.svg	/usr/share/icons/breeze-dark/actions/22/zone-in.svg
zone-out-symbolic.svg	/usr/share/icons/breeze-dark/actions/22/zone-out-symbolic.svg
zone-out.svg	/usr/share/icons/breeze-dark/actions/22/zone-out.svg
cursor-cross-symbolic.svg	/usr/share/icons/breeze-dark/actions/32/cursor-cross-symbolic.svg
cursor-cross.svg	/usr/share/icons/breeze-dark/actions/32/cursor-cross.svg
financial-account.svg	/usr/share/icons/breeze-dark/actions/32/financial-account.svg
financial-budget.svg	/usr/share/icons/breeze-dark/actions/32/financial-budget.svg
financial-list.svg	/usr/share/icons/breeze-dark/actions/32/financial-list.svg
financial-payees.svg	/usr/share/icons/breeze-dark/actions/32/financial-payees.svg
gnumeric-format-halign-distributed-symbolic.svg	/usr/share/icons/breeze-dark/actions/32/gnumeric-format-halign-distributed-symbolic.svg
gnumeric-format-halign-distributed.svg	/usr/share/icons/breeze-dark/actions/32/gnumeric-format-halign-distributed.svg
gnumeric-format-valign-bottom-symbolic.svg	/usr/share/icons/breeze-dark/actions/32/gnumeric-format-valign-bottom-symbolic.svg
gnumeric-format-valign-bottom.svg	/usr/share/icons/breeze-dark/actions/32/gnumeric-format-valign-bottom.svg
gnumeric-format-valign-center-symbolic.svg	/usr/share/icons/breeze-dark/actions/32/gnumeric-format-valign-center-symbolic.svg
gnumeric-format-valign-center.svg	/usr/share/icons/breeze-dark/actions/32/gnumeric-format-valign-center.svg
gnumeric-format-valign-distributed-symbolic.svg	/usr/share/icons/breeze-dark/actions/32/gnumeric-format-valign-distributed-symbolic.svg
gnumeric-format-valign-distributed.svg	/usr/share/icons/breeze-dark/actions/32/gnumeric-format-valign-distributed.svg
gnumeric-format-valign-justify-symbolic.svg	/usr/share/icons/breeze-dark/actions/32/gnumeric-format-valign-justify-symbolic.svg
gnumeric-format-valign-justify.svg	/usr/share/icons/breeze-dark/actions/32/gnumeric-format-valign-justify.svg
gnumeric-format-valign-top-symbolic.svg	/usr/share/icons/breeze-dark/actions/32/gnumeric-format-valign-top-symbolic.svg
gnumeric-format-valign-top.svg	/usr/share/icons/breeze-dark/actions/32/gnumeric-format-valign-top.svg
home.svg	/usr/share/icons/breeze-dark/actions/32/home.svg
institution.svg	/usr/share/icons/breeze-dark/actions/32/institution.svg
multiple-symbolic.svg	/usr/share/icons/breeze-dark/actions/32/multiple-symbolic.svg
multiple.svg	/usr/share/icons/breeze-dark/actions/32/multiple.svg
percent-symbolic.svg	/usr/share/icons/breeze-dark/actions/32/percent-symbolic.svg
percent.svg	/usr/share/icons/breeze-dark/actions/32/percent.svg
window-list.svg	/usr/share/icons/breeze-dark/actions/32/window-list.svg
financial-categories.svg	/usr/share/icons/breeze-dark/actions/48/financial-categories.svg
financial-forecast.svg	/usr/share/icons/breeze-dark/actions/48/financial-forecast.svg
financial-investments.svg	/usr/share/icons/breeze-dark/actions/48/financial-investments.svg
financial-report.svg	/usr/share/icons/breeze-dark/actions/48/financial-report.svg
media-default-album.svg	/usr/share/icons/breeze-dark/actions/64/media-default-album.svg
media-default-track.svg	/usr/share/icons/breeze-dark/actions/64/media-default-track.svg
process-working.svg	/usr/share/icons/breeze-dark/animations/16/process-working.svg
osd-duplicate.svg	/usr/share/icons/breeze-dark/applets/128/osd-duplicate.svg
osd-rotate-ccw.svg	/usr/share/icons/breeze-dark/applets/128/osd-rotate-ccw.svg
osd-rotate-cw.svg	/usr/share/icons/breeze-dark/applets/128/osd-rotate-cw.svg
osd-rotate-flip.svg	/usr/share/icons/breeze-dark/applets/128/osd-rotate-flip.svg
osd-rotate-normal.svg	/usr/share/icons/breeze-dark/applets/128/osd-rotate-normal.svg
osd-sbs-left.svg	/usr/share/icons/breeze-dark/applets/128/osd-sbs-left.svg
osd-sbs-sright.svg	/usr/share/icons/breeze-dark/applets/128/osd-sbs-sright.svg
osd-shutd-laptop.svg	/usr/share/icons/breeze-dark/applets/128/osd-shutd-laptop.svg
osd-shutd-screen.svg	/usr/share/icons/breeze-dark/applets/128/osd-shutd-screen.svg
user-ada-lovelace.svg	/usr/share/icons/breeze-dark/applets/128/user-ada-lovelace.svg
user-alice-in-wonderland.svg	/usr/share/icons/breeze-dark/applets/128/user-alice-in-wonderland.svg
user-grace-hopper.svg	/usr/share/icons/breeze-dark/applets/128/user-grace-hopper.svg
user-leonardo-da-vinci.svg	/usr/share/icons/breeze-dark/applets/128/user-leonardo-da-vinci.svg
user-mahatma-gandhi.svg	/usr/share/icons/breeze-dark/applets/128/user-mahatma-gandhi.svg
user-man.svg	/usr/share/icons/breeze-dark/applets/128/user-man.svg
user-mowgli.svg	/usr/share/icons/breeze-dark/applets/128/user-mowgli.svg
user-none.svg	/usr/share/icons/breeze-dark/applets/128/user-none.svg
car.svg	/usr/share/icons/breeze-dark/applets/16/car.svg
hands-free.svg	/usr/share/icons/breeze-dark/applets/22/hands-free.svg
handset.svg	/usr/share/icons/breeze-dark/applets/22/handset.svg
headphone.svg	/usr/share/icons/breeze-dark/applets/22/headphone.svg
headset.svg	/usr/share/icons/breeze-dark/applets/22/headset.svg
hifi.svg	/usr/share/icons/breeze-dark/applets/22/hifi.svg
internal.svg	/usr/share/icons/breeze-dark/applets/22/internal.svg
portable.svg	/usr/share/icons/breeze-dark/applets/22/portable.svg
tv.svg	/usr/share/icons/breeze-dark/applets/22/tv.svg
webcam.svg	/usr/share/icons/breeze-dark/applets/22/webcam.svg
applets-template.svg	/usr/share/icons/breeze-dark/applets/256/applets-template.svg
empty.svg	/usr/share/icons/breeze-dark/applets/256/empty.svg
org.kde.ktpcontactlist.svg	/usr/share/icons/breeze-dark/applets/256/org.kde.ktpcontactlist.svg
org.kde.muonnotifier.svg	/usr/share/icons/breeze-dark/applets/256/org.kde.muonnotifier.svg
org.kde.plasma.activitybar.svg	/usr/share/icons/breeze-dark/applets/256/org.kde.plasma.activitybar.svg
org.kde.plasma.analogclock.svg	/usr/share/icons/breeze-dark/applets/256/org.kde.plasma.analogclock.svg
org.kde.plasma.battery.svg	/usr/share/icons/breeze-dark/applets/256/org.kde.plasma.battery.svg
org.kde.plasma.binaryclock.svg	/usr/share/icons/breeze-dark/applets/256/org.kde.plasma.binaryclock.svg
org.kde.plasma.calculator.svg	/usr/share/icons/breeze-dark/applets/256/org.kde.plasma.calculator.svg
org.kde.plasma.calendar.svg	/usr/share/icons/breeze-dark/applets/256/org.kde.plasma.calendar.svg
org.kde.plasma.clipboard.svg	/usr/share/icons/breeze-dark/applets/256/org.kde.plasma.clipboard.svg
org.kde.plasma.colorpicker.svg	/usr/share/icons/breeze-dark/applets/256/org.kde.plasma.colorpicker.svg
org.kde.plasma.comic.svg	/usr/share/icons/breeze-dark/applets/256/org.kde.plasma.comic.svg
org.kde.plasma.date.svg	/usr/share/icons/breeze-dark/applets/256/org.kde.plasma.date.svg
org.kde.plasma.devicenotifier.svg	/usr/share/icons/breeze-dark/applets/256/org.kde.plasma.devicenotifier.svg
org.kde.plasma.digitalclock.svg	/usr/share/icons/breeze-dark/applets/256/org.kde.plasma.digitalclock.svg
org.kde.plasma.diskquota.svg	/usr/share/icons/breeze-dark/applets/256/org.kde.plasma.diskquota.svg
org.kde.plasma.fifteenpuzzle.svg	/usr/share/icons/breeze-dark/applets/256/org.kde.plasma.fifteenpuzzle.svg
org.kde.plasma.folder.svg	/usr/share/icons/breeze-dark/applets/256/org.kde.plasma.folder.svg
org.kde.plasma.frame.svg	/usr/share/icons/breeze-dark/applets/256/org.kde.plasma.frame.svg
org.kde.plasma.fuzzyclock.svg	/usr/share/icons/breeze-dark/applets/256/org.kde.plasma.fuzzyclock.svg
org.kde.plasma.icontasks.svg	/usr/share/icons/breeze-dark/applets/256/org.kde.plasma.icontasks.svg
org.kde.plasma.kicker.svg	/usr/share/icons/breeze-dark/applets/256/org.kde.plasma.kicker.svg
org.kde.plasma.kickerdash.svg	/usr/share/icons/breeze-dark/applets/256/org.kde.plasma.kickerdash.svg
org.kde.plasma.kickoff.svg	/usr/share/icons/breeze-dark/applets/256/org.kde.plasma.kickoff.svg
org.kde.plasma.kickofflegacy.svg	/usr/share/icons/breeze-dark/applets/256/org.kde.plasma.kickofflegacy.svg
org.kde.plasma.mediacontroller.svg	/usr/share/icons/breeze-dark/applets/256/org.kde.plasma.mediacontroller.svg
org.kde.plasma.networkmanagement.svg	/usr/share/icons/breeze-dark/applets/256/org.kde.plasma.networkmanagement.svg
org.kde.plasma.notes.svg	/usr/share/icons/breeze-dark/applets/256/org.kde.plasma.notes.svg
org.kde.plasma.pager.svg	/usr/share/icons/breeze-dark/applets/256/org.kde.plasma.pager.svg
org.kde.plasma.quicklaunch.svg	/usr/share/icons/breeze-dark/applets/256/org.kde.plasma.quicklaunch.svg
org.kde.plasma.showActivityManager.svg	/usr/share/icons/breeze-dark/applets/256/org.kde.plasma.showActivityManager.svg
org.kde.plasma.systemloadviewer.svg	/usr/share/icons/breeze-dark/applets/256/org.kde.plasma.systemloadviewer.svg
org.kde.plasma.systemmonitor.cpu.svg	/usr/share/icons/breeze-dark/applets/256/org.kde.plasma.systemmonitor.cpu.svg
org.kde.plasma.systemmonitor.diskactivity.svg	/usr/share/icons/breeze-dark/applets/256/org.kde.plasma.systemmonitor.diskactivity.svg
org.kde.plasma.systemmonitor.diskusage.svg	/usr/share/icons/breeze-dark/applets/256/org.kde.plasma.systemmonitor.diskusage.svg
org.kde.plasma.systemmonitor.memory.svg	/usr/share/icons/breeze-dark/applets/256/org.kde.plasma.systemmonitor.memory.svg
org.kde.plasma.systemmonitor.net.svg	/usr/share/icons/breeze-dark/applets/256/org.kde.plasma.systemmonitor.net.svg
org.kde.plasma.systemtray.svg	/usr/share/icons/breeze-dark/applets/256/org.kde.plasma.systemtray.svg
org.kde.plasma.taskmanager.svg	/usr/share/icons/breeze-dark/applets/256/org.kde.plasma.taskmanager.svg
org.kde.plasma.timer.svg	/usr/share/icons/breeze-dark/applets/256/org.kde.plasma.timer.svg
org.kde.plasma.userswitcher.svg	/usr/share/icons/breeze-dark/applets/256/org.kde.plasma.userswitcher.svg
org.kde.plasma.vault.svg	/usr/share/icons/breeze-dark/applets/256/org.kde.plasma.vault.svg
org.kde.plasma.volume.svg	/usr/share/icons/breeze-dark/applets/256/org.kde.plasma.volume.svg
org.kde.plasma.windowlist.svg	/usr/share/icons/breeze-dark/applets/256/org.kde.plasma.windowlist.svg
weather-clear-night.svg	/usr/share/icons/breeze-dark/applets/48/weather-clear-night.svg
weather-clear-wind-night-symbolic.svg	/usr/share/icons/breeze-dark/applets/48/weather-clear-wind-night-symbolic.svg
weather-clear-wind-night.svg	/usr/share/icons/breeze-dark/applets/48/weather-clear-wind-night.svg
weather-clear-wind-symbolic.svg	/usr/share/icons/breeze-dark/applets/48/weather-clear-wind-symbolic.svg
weather-clear-wind.svg	/usr/share/icons/breeze-dark/applets/48/weather-clear-wind.svg
weather-clear.svg	/usr/share/icons/breeze-dark/applets/48/weather-clear.svg
weather-clouds-night-symbolic.svg	/usr/share/icons/breeze-dark/applets/48/weather-clouds-night-symbolic.svg
weather-clouds-night.svg	/usr/share/icons/breeze-dark/applets/48/weather-clouds-night.svg
weather-clouds-symbolic.svg	/usr/share/icons/breeze-dark/applets/48/weather-clouds-symbolic.svg
weather-clouds-wind-night-symbolic.svg	/usr/share/icons/breeze-dark/applets/48/weather-clouds-wind-night-symbolic.svg
weather-clouds-wind-night.svg	/usr/share/icons/breeze-dark/applets/48/weather-clouds-wind-night.svg
weather-clouds-wind-symbolic.svg	/usr/share/icons/breeze-dark/applets/48/weather-clouds-wind-symbolic.svg
weather-clouds-wind.svg	/usr/share/icons/breeze-dark/applets/48/weather-clouds-wind.svg
weather-clouds.svg	/usr/share/icons/breeze-dark/applets/48/weather-clouds.svg
weather-few-clouds-night.svg	/usr/share/icons/breeze-dark/applets/48/weather-few-clouds-night.svg
weather-few-clouds-wind-night-symbolic.svg	/usr/share/icons/breeze-dark/applets/48/weather-few-clouds-wind-night-symbolic.svg
weather-few-clouds-wind-night.svg	/usr/share/icons/breeze-dark/applets/48/weather-few-clouds-wind-night.svg
weather-few-clouds-wind-symbolic.svg	/usr/share/icons/breeze-dark/applets/48/weather-few-clouds-wind-symbolic.svg
weather-few-clouds-wind.svg	/usr/share/icons/breeze-dark/applets/48/weather-few-clouds-wind.svg
weather-few-clouds.svg	/usr/share/icons/breeze-dark/applets/48/weather-few-clouds.svg
weather-fog.svg	/usr/share/icons/breeze-dark/applets/48/weather-fog.svg
weather-freezing-rain-day-symbolic.svg	/usr/share/icons/breeze-dark/applets/48/weather-freezing-rain-day-symbolic.svg
weather-freezing-rain-day.svg	/usr/share/icons/breeze-dark/applets/48/weather-freezing-rain-day.svg
weather-freezing-rain-night-symbolic.svg	/usr/share/icons/breeze-dark/applets/48/weather-freezing-rain-night-symbolic.svg
weather-freezing-rain-night.svg	/usr/share/icons/breeze-dark/applets/48/weather-freezing-rain-night.svg
weather-freezing-rain-symbolic.svg	/usr/share/icons/breeze-dark/applets/48/weather-freezing-rain-symbolic.svg
weather-freezing-rain.svg	/usr/share/icons/breeze-dark/applets/48/weather-freezing-rain.svg
weather-freezing-scattered-rain-day-symbolic.svg	/usr/share/icons/breeze-dark/applets/48/weather-freezing-scattered-rain-day-symbolic.svg
weather-freezing-scattered-rain-day.svg	/usr/share/icons/breeze-dark/applets/48/weather-freezing-scattered-rain-day.svg
weather-freezing-scattered-rain-night-symbolic.svg	/usr/share/icons/breeze-dark/applets/48/weather-freezing-scattered-rain-night-symbolic.svg
weather-freezing-scattered-rain-night.svg	/usr/share/icons/breeze-dark/applets/48/weather-freezing-scattered-rain-night.svg
weather-freezing-scattered-rain-storm-day-symbolic.svg	/usr/share/icons/breeze-dark/applets/48/weather-freezing-scattered-rain-storm-day-symbolic.svg
weather-freezing-scattered-rain-storm-day.svg	/usr/share/icons/breeze-dark/applets/48/weather-freezing-scattered-rain-storm-day.svg
weather-freezing-scattered-rain-storm-night-symbolic.svg	/usr/share/icons/breeze-dark/applets/48/weather-freezing-scattered-rain-storm-night-symbolic.svg
weather-freezing-scattered-rain-storm-night.svg	/usr/share/icons/breeze-dark/applets/48/weather-freezing-scattered-rain-storm-night.svg
weather-freezing-scattered-rain-storm-symbolic.svg	/usr/share/icons/breeze-dark/applets/48/weather-freezing-scattered-rain-storm-symbolic.svg
weather-freezing-scattered-rain-storm.svg	/usr/share/icons/breeze-dark/applets/48/weather-freezing-scattered-rain-storm.svg
weather-freezing-scattered-rain-symbolic.svg	/usr/share/icons/breeze-dark/applets/48/weather-freezing-scattered-rain-symbolic.svg
weather-freezing-scattered-rain.svg	/usr/share/icons/breeze-dark/applets/48/weather-freezing-scattered-rain.svg
weather-freezing-storm-day-symbolic.svg	/usr/share/icons/breeze-dark/applets/48/weather-freezing-storm-day-symbolic.svg
weather-freezing-storm-day.svg	/usr/share/icons/breeze-dark/applets/48/weather-freezing-storm-day.svg
weather-freezing-storm-night-symbolic.svg	/usr/share/icons/breeze-dark/applets/48/weather-freezing-storm-night-symbolic.svg
weather-freezing-storm-night.svg	/usr/share/icons/breeze-dark/applets/48/weather-freezing-storm-night.svg
weather-freezing-storm-symbolic.svg	/usr/share/icons/breeze-dark/applets/48/weather-freezing-storm-symbolic.svg
weather-freezing-storm.svg	/usr/share/icons/breeze-dark/applets/48/weather-freezing-storm.svg
weather-hail-symbolic.svg	/usr/share/icons/breeze-dark/applets/48/weather-hail-symbolic.svg
weather-hail.svg	/usr/share/icons/breeze-dark/applets/48/weather-hail.svg
weather-many-clouds-symbolic.svg	/usr/share/icons/breeze-dark/applets/48/weather-many-clouds-symbolic.svg
weather-many-clouds-wind-symbolic.svg	/usr/share/icons/breeze-dark/applets/48/weather-many-clouds-wind-symbolic.svg
weather-many-clouds-wind.svg	/usr/share/icons/breeze-dark/applets/48/weather-many-clouds-wind.svg
weather-many-clouds.svg	/usr/share/icons/breeze-dark/applets/48/weather-many-clouds.svg
weather-mist-symbolic.svg	/usr/share/icons/breeze-dark/applets/48/weather-mist-symbolic.svg
weather-mist.svg	/usr/share/icons/breeze-dark/applets/48/weather-mist.svg
weather-none-available-symbolic.svg	/usr/share/icons/breeze-dark/applets/48/weather-none-available-symbolic.svg
weather-none-available.svg	/usr/share/icons/breeze-dark/applets/48/weather-none-available.svg
weather-overcast-wind-symbolic.svg	/usr/share/icons/breeze-dark/applets/48/weather-overcast-wind-symbolic.svg
weather-overcast-wind.svg	/usr/share/icons/breeze-dark/applets/48/weather-overcast-wind.svg
weather-overcast.svg	/usr/share/icons/breeze-dark/applets/48/weather-overcast.svg
weather-showers-day-symbolic.svg	/usr/share/icons/breeze-dark/applets/48/weather-showers-day-symbolic.svg
weather-showers-day.svg	/usr/share/icons/breeze-dark/applets/48/weather-showers-day.svg
weather-showers-night-symbolic.svg	/usr/share/icons/breeze-dark/applets/48/weather-showers-night-symbolic.svg
weather-showers-night.svg	/usr/share/icons/breeze-dark/applets/48/weather-showers-night.svg
weather-showers-scattered-day-symbolic.svg	/usr/share/icons/breeze-dark/applets/48/weather-showers-scattered-day-symbolic.svg
weather-showers-scattered-day.svg	/usr/share/icons/breeze-dark/applets/48/weather-showers-scattered-day.svg
weather-showers-scattered-night-symbolic.svg	/usr/share/icons/breeze-dark/applets/48/weather-showers-scattered-night-symbolic.svg
weather-showers-scattered-night.svg	/usr/share/icons/breeze-dark/applets/48/weather-showers-scattered-night.svg
weather-showers-scattered-storm-day-symbolic.svg	/usr/share/icons/breeze-dark/applets/48/weather-showers-scattered-storm-day-symbolic.svg
weather-showers-scattered-storm-day.svg	/usr/share/icons/breeze-dark/applets/48/weather-showers-scattered-storm-day.svg
weather-showers-scattered-storm-night-symbolic.svg	/usr/share/icons/breeze-dark/applets/48/weather-showers-scattered-storm-night-symbolic.svg
weather-showers-scattered-storm-night.svg	/usr/share/icons/breeze-dark/applets/48/weather-showers-scattered-storm-night.svg
weather-showers-scattered-storm-symbolic.svg	/usr/share/icons/breeze-dark/applets/48/weather-showers-scattered-storm-symbolic.svg
weather-showers-scattered-storm.svg	/usr/share/icons/breeze-dark/applets/48/weather-showers-scattered-storm.svg
weather-showers-scattered.svg	/usr/share/icons/breeze-dark/applets/48/weather-showers-scattered.svg
weather-showers.svg	/usr/share/icons/breeze-dark/applets/48/weather-showers.svg
weather-snow-day-symbolic.svg	/usr/share/icons/breeze-dark/applets/48/weather-snow-day-symbolic.svg
weather-snow-day.svg	/usr/share/icons/breeze-dark/applets/48/weather-snow-day.svg
weather-snow-night-symbolic.svg	/usr/share/icons/breeze-dark/applets/48/weather-snow-night-symbolic.svg
weather-snow-night.svg	/usr/share/icons/breeze-dark/applets/48/weather-snow-night.svg
weather-snow-rain-symbolic.svg	/usr/share/icons/breeze-dark/applets/48/weather-snow-rain-symbolic.svg
weather-snow-rain.svg	/usr/share/icons/breeze-dark/applets/48/weather-snow-rain.svg
weather-snow-scattered-day-symbolic.svg	/usr/share/icons/breeze-dark/applets/48/weather-snow-scattered-day-symbolic.svg
weather-snow-scattered-day.svg	/usr/share/icons/breeze-dark/applets/48/weather-snow-scattered-day.svg
weather-snow-scattered-night-symbolic.svg	/usr/share/icons/breeze-dark/applets/48/weather-snow-scattered-night-symbolic.svg
weather-snow-scattered-night.svg	/usr/share/icons/breeze-dark/applets/48/weather-snow-scattered-night.svg
weather-snow-scattered-storm-day-symbolic.svg	/usr/share/icons/breeze-dark/applets/48/weather-snow-scattered-storm-day-symbolic.svg
weather-snow-scattered-storm-day.svg	/usr/share/icons/breeze-dark/applets/48/weather-snow-scattered-storm-day.svg
weather-snow-scattered-storm-night-symbolic.svg	/usr/share/icons/breeze-dark/applets/48/weather-snow-scattered-storm-night-symbolic.svg
weather-snow-scattered-storm-night.svg	/usr/share/icons/breeze-dark/applets/48/weather-snow-scattered-storm-night.svg
weather-snow-scattered-storm-symbolic.svg	/usr/share/icons/breeze-dark/applets/48/weather-snow-scattered-storm-symbolic.svg
weather-snow-scattered-storm.svg	/usr/share/icons/breeze-dark/applets/48/weather-snow-scattered-storm.svg
weather-snow-scattered-symbolic.svg	/usr/share/icons/breeze-dark/applets/48/weather-snow-scattered-symbolic.svg
weather-snow-scattered.svg	/usr/share/icons/breeze-dark/applets/48/weather-snow-scattered.svg
weather-snow-storm-day-symbolic.svg	/usr/share/icons/breeze-dark/applets/48/weather-snow-storm-day-symbolic.svg
weather-snow-storm-day.svg	/usr/share/icons/breeze-dark/applets/48/weather-snow-storm-day.svg
weather-snow-storm-night-symbolic.svg	/usr/share/icons/breeze-dark/applets/48/weather-snow-storm-night-symbolic.svg
weather-snow-storm-night.svg	/usr/share/icons/breeze-dark/applets/48/weather-snow-storm-night.svg
weather-snow-storm-symbolic.svg	/usr/share/icons/breeze-dark/applets/48/weather-snow-storm-symbolic.svg
weather-snow-storm.svg	/usr/share/icons/breeze-dark/applets/48/weather-snow-storm.svg
weather-snow.svg	/usr/share/icons/breeze-dark/applets/48/weather-snow.svg
weather-storm-day-symbolic.svg	/usr/share/icons/breeze-dark/applets/48/weather-storm-day-symbolic.svg
weather-storm-day.svg	/usr/share/icons/breeze-dark/applets/48/weather-storm-day.svg
weather-storm-night-symbolic.svg	/usr/share/icons/breeze-dark/applets/48/weather-storm-night-symbolic.svg
weather-storm-night.svg	/usr/share/icons/breeze-dark/applets/48/weather-storm-night.svg
weather-storm.svg	/usr/share/icons/breeze-dark/applets/48/weather-storm.svg
applets-screenshooter.svg	/usr/share/icons/breeze-dark/applets/64/applets-screenshooter.svg
preferences-system-tabbox.svg	/usr/share/icons/breeze-dark/applets/64/preferences-system-tabbox.svg
preferences-system-windows-effect-blur.svg	/usr/share/icons/breeze-dark/applets/64/preferences-system-windows-effect-blur.svg
preferences-system-windows-effect-contrast.svg	/usr/share/icons/breeze-dark/applets/64/preferences-system-windows-effect-contrast.svg
preferences-system-windows-effect-coverswitch.svg	/usr/share/icons/breeze-dark/applets/64/preferences-system-windows-effect-coverswitch.svg
preferences-system-windows-effect-cubeslide.svg	/usr/share/icons/breeze-dark/applets/64/preferences-system-windows-effect-cubeslide.svg
preferences-system-windows-effect-desktopgrid.svg	/usr/share/icons/breeze-dark/applets/64/preferences-system-windows-effect-desktopgrid.svg
preferences-system-windows-effect-dialog-parent.svg	/usr/share/icons/breeze-dark/applets/64/preferences-system-windows-effect-dialog-parent.svg
preferences-system-windows-effect-diminactive.svg	/usr/share/icons/breeze-dark/applets/64/preferences-system-windows-effect-diminactive.svg
preferences-system-windows-effect-dimscreen.svg	/usr/share/icons/breeze-dark/applets/64/preferences-system-windows-effect-dimscreen.svg
preferences-system-windows-effect-fade.svg	/usr/share/icons/breeze-dark/applets/64/preferences-system-windows-effect-fade.svg
preferences-system-windows-effect-fadedesktop.svg	/usr/share/icons/breeze-dark/applets/64/preferences-system-windows-effect-fadedesktop.svg
preferences-system-windows-effect-fallapart.svg	/usr/share/icons/breeze-dark/applets/64/preferences-system-windows-effect-fallapart.svg
preferences-system-windows-effect-flipswitch.svg	/usr/share/icons/breeze-dark/applets/64/preferences-system-windows-effect-flipswitch.svg
preferences-system-windows-effect-glide.svg	/usr/share/icons/breeze-dark/applets/64/preferences-system-windows-effect-glide.svg
preferences-system-windows-effect-highlightwindow.svg	/usr/share/icons/breeze-dark/applets/64/preferences-system-windows-effect-highlightwindow.svg
preferences-system-windows-effect-invert.svg	/usr/share/icons/breeze-dark/applets/64/preferences-system-windows-effect-invert.svg
preferences-system-windows-effect-kscreen.svg	/usr/share/icons/breeze-dark/applets/64/preferences-system-windows-effect-kscreen.svg
preferences-system-windows-effect-login.svg	/usr/share/icons/breeze-dark/applets/64/preferences-system-windows-effect-login.svg
preferences-system-windows-effect-logout.svg	/usr/share/icons/breeze-dark/applets/64/preferences-system-windows-effect-logout.svg
preferences-system-windows-effect-magiclamp.svg	/usr/share/icons/breeze-dark/applets/64/preferences-system-windows-effect-magiclamp.svg
preferences-system-windows-effect-magnifier.svg	/usr/share/icons/breeze-dark/applets/64/preferences-system-windows-effect-magnifier.svg
preferences-system-windows-effect-maximize.svg	/usr/share/icons/breeze-dark/applets/64/preferences-system-windows-effect-maximize.svg
preferences-system-windows-effect-minimize.svg	/usr/share/icons/breeze-dark/applets/64/preferences-system-windows-effect-minimize.svg
preferences-system-windows-effect-mouseclick.svg	/usr/share/icons/breeze-dark/applets/64/preferences-system-windows-effect-mouseclick.svg
preferences-system-windows-effect-mousemark.svg	/usr/share/icons/breeze-dark/applets/64/preferences-system-windows-effect-mousemark.svg
preferences-system-windows-effect-presentwindows.svg	/usr/share/icons/breeze-dark/applets/64/preferences-system-windows-effect-presentwindows.svg
preferences-system-windows-effect-resize.svg	/usr/share/icons/breeze-dark/applets/64/preferences-system-windows-effect-resize.svg
preferences-system-windows-effect-scale-in.svg	/usr/share/icons/breeze-dark/applets/64/preferences-system-windows-effect-scale-in.svg
preferences-system-windows-effect-screenedge.svg	/usr/share/icons/breeze-dark/applets/64/preferences-system-windows-effect-screenedge.svg
preferences-system-windows-effect-screenshot.svg	/usr/share/icons/breeze-dark/applets/64/preferences-system-windows-effect-screenshot.svg
preferences-system-windows-effect-showfps.svg	/usr/share/icons/breeze-dark/applets/64/preferences-system-windows-effect-showfps.svg
preferences-system-windows-effect-showpaint.svg	/usr/share/icons/breeze-dark/applets/64/preferences-system-windows-effect-showpaint.svg
preferences-system-windows-effect-slide.svg	/usr/share/icons/breeze-dark/applets/64/preferences-system-windows-effect-slide.svg
preferences-system-windows-effect-slideback.svg	/usr/share/icons/breeze-dark/applets/64/preferences-system-windows-effect-slideback.svg
preferences-system-windows-effect-slidingpopups.svg	/usr/share/icons/breeze-dark/applets/64/preferences-system-windows-effect-slidingpopups.svg
preferences-system-windows-effect-startupfeedback.svg	/usr/share/icons/breeze-dark/applets/64/preferences-system-windows-effect-startupfeedback.svg
preferences-system-windows-effect-thumbnailaside.svg	/usr/share/icons/breeze-dark/applets/64/preferences-system-windows-effect-thumbnailaside.svg
preferences-system-windows-effect-trackmouse.svg	/usr/share/icons/breeze-dark/applets/64/preferences-system-windows-effect-trackmouse.svg
preferences-system-windows-effect-translucency.svg	/usr/share/icons/breeze-dark/applets/64/preferences-system-windows-effect-translucency.svg
preferences-system-windows-effect-windowaperture.svg	/usr/share/icons/breeze-dark/applets/64/preferences-system-windows-effect-windowaperture.svg
preferences-system-windows-effect-wobblywindows.svg	/usr/share/icons/breeze-dark/applets/64/preferences-system-windows-effect-wobblywindows.svg
preferences-system-windows-effect-zoom.svg	/usr/share/icons/breeze-dark/applets/64/preferences-system-windows-effect-zoom.svg
accessories-text-editor.svg	/usr/share/icons/breeze-dark/apps/16/accessories-text-editor.svg
elisa-symbolic.svg	/usr/share/icons/breeze-dark/apps/16/elisa-symbolic.svg
fifteenpuzzle-symbolic.svg	/usr/share/icons/breeze-dark/apps/16/fifteenpuzzle-symbolic.svg
hotspot-symbolic.svg	/usr/share/icons/breeze-dark/apps/16/hotspot-symbolic.svg
kate-symbolic.svg	/usr/share/icons/breeze-dark/apps/16/kate-symbolic.svg
kde-builder.svg	/usr/share/icons/breeze-dark/apps/16/kde-builder.svg
kdeconnect-symbolic.svg	/usr/share/icons/breeze-dark/apps/16/kdeconnect-symbolic.svg
kdesrc-build.svg	/usr/share/icons/breeze-dark/apps/16/kdesrc-build.svg
krfb-symbolic.svg	/usr/share/icons/breeze-dark/apps/16/krfb-symbolic.svg
plasmavault-symbolic.svg	/usr/share/icons/breeze-dark/apps/16/plasmavault-symbolic.svg
preferences-system-bluetooth-symbolic.svg	/usr/share/icons/breeze-dark/apps/16/preferences-system-bluetooth-symbolic.svg
preferences-system.svg	/usr/share/icons/breeze-dark/apps/16/preferences-system.svg
system-file-manager.svg	/usr/share/icons/breeze-dark/apps/16/system-file-manager.svg
utilities-terminal.svg	/usr/share/icons/breeze-dark/apps/16/utilities-terminal.svg
virt-manager-symbolic.svg	/usr/share/icons/breeze-dark/apps/16/virt-manager-symbolic.svg
TeamViewer-symbolic.svg	/usr/share/icons/breeze-dark/apps/22/TeamViewer-symbolic.svg
akonadi-symbolic.svg	/usr/share/icons/breeze-dark/apps/22/akonadi-symbolic.svg
akregator-symbolic.svg	/usr/share/icons/breeze-dark/apps/22/akregator-symbolic.svg
amarok-symbolic.svg	/usr/share/icons/breeze-dark/apps/22/amarok-symbolic.svg
cantata-symbolic.svg	/usr/share/icons/breeze-dark/apps/22/cantata-symbolic.svg
graphics-viewer-document-symbolic.svg	/usr/share/icons/breeze-dark/apps/22/graphics-viewer-document-symbolic.svg
homerun.svg	/usr/share/icons/breeze-dark/apps/22/homerun.svg
internet-mail-symbolic.svg	/usr/share/icons/breeze-dark/apps/22/internet-mail-symbolic.svg
internet-web-browser-symbolic.svg	/usr/share/icons/breeze-dark/apps/22/internet-web-browser-symbolic.svg
kalarm-symbolic.svg	/usr/share/icons/breeze-dark/apps/22/kalarm-symbolic.svg
kde-symbolic.svg	/usr/share/icons/breeze-dark/apps/22/kde-symbolic.svg
kget-symbolic.svg	/usr/share/icons/breeze-dark/apps/22/kget-symbolic.svg
kgpg-symbolic.svg	/usr/share/icons/breeze-dark/apps/22/kgpg-symbolic.svg
kleopatra-symbolic.svg	/usr/share/icons/breeze-dark/apps/22/kleopatra-symbolic.svg
kmail-symbolic.svg	/usr/share/icons/breeze-dark/apps/22/kmail-symbolic.svg
knotes-symbolic.svg	/usr/share/icons/breeze-dark/apps/22/knotes-symbolic.svg
konversation-symbolic.svg	/usr/share/icons/breeze-dark/apps/22/konversation-symbolic.svg
kopete-symbolic.svg	/usr/share/icons/breeze-dark/apps/22/kopete-symbolic.svg
korg-todo-symbolic.svg	/usr/share/icons/breeze-dark/apps/22/korg-todo-symbolic.svg
korgac-symbolic.svg	/usr/share/icons/breeze-dark/apps/22/korgac-symbolic.svg
kruler-symbolic.svg	/usr/share/icons/breeze-dark/apps/22/kruler-symbolic.svg
kteatime-symbolic.svg	/usr/share/icons/breeze-dark/apps/22/kteatime-symbolic.svg
ktorrent-symbolic.svg	/usr/share/icons/breeze-dark/apps/22/ktorrent-symbolic.svg
kup-symbolic.svg	/usr/share/icons/breeze-dark/apps/22/kup-symbolic.svg
kwrite.svg	/usr/share/icons/breeze-dark/apps/22/kwrite.svg
org.kde.kwrite.svg	/usr/share/icons/breeze-dark/apps/22/org.kde.kwrite.svg
plasma-browser-integration-symbolic.svg	/usr/share/icons/breeze-dark/apps/22/plasma-browser-integration-symbolic.svg
plasma-symbolic.svg	/usr/share/icons/breeze-dark/apps/22/plasma-symbolic.svg
preferences-plugin-symbolic.svg	/usr/share/icons/breeze-dark/apps/22/preferences-plugin-symbolic.svg
vlc-symbolic.svg	/usr/share/icons/breeze-dark/apps/22/vlc-symbolic.svg
wine-symbolic.svg	/usr/share/icons/breeze-dark/apps/22/wine-symbolic.svg
yakuake-symbolic.svg	/usr/share/icons/breeze-dark/apps/22/yakuake-symbolic.svg
hwinfo.svg	/usr/share/icons/breeze-dark/apps/32/hwinfo.svg
klipper-symbolic.svg	/usr/share/icons/breeze-dark/apps/32/klipper-symbolic.svg
kup.svg	/usr/share/icons/breeze-dark/apps/32/kup.svg
org.kde.kjournaldbrowser.svg	/usr/share/icons/breeze-dark/apps/32/org.kde.kjournaldbrowser.svg
plasmavault.svg	/usr/share/icons/breeze-dark/apps/32/plasmavault.svg
quassel-symbolic.svg	/usr/share/icons/breeze-dark/apps/32/quassel-symbolic.svg
system-help.svg	/usr/share/icons/breeze-dark/apps/32/system-help.svg
utilities-log-viewer.svg	/usr/share/icons/breeze-dark/apps/32/utilities-log-viewer.svg
accessories-calculator.svg	/usr/share/icons/breeze-dark/apps/48/accessories-calculator.svg
accessories-character-map.svg	/usr/share/icons/breeze-dark/apps/48/accessories-character-map.svg
accessories-screenshot-tool.svg	/usr/share/icons/breeze-dark/apps/48/accessories-screenshot-tool.svg
acroread.svg	/usr/share/icons/breeze-dark/apps/48/acroread.svg
akregator.svg	/usr/share/icons/breeze-dark/apps/48/akregator.svg
alligator.svg	/usr/share/icons/breeze-dark/apps/48/alligator.svg
amarok.svg	/usr/share/icons/breeze-dark/apps/48/amarok.svg
apper.svg	/usr/share/icons/breeze-dark/apps/48/apper.svg
ark.svg	/usr/share/icons/breeze-dark/apps/48/ark.svg
artikulate.svg	/usr/share/icons/breeze-dark/apps/48/artikulate.svg
baloo.svg	/usr/share/icons/breeze-dark/apps/48/baloo.svg
blinken.svg	/usr/share/icons/breeze-dark/apps/48/blinken.svg
blogilo.svg	/usr/share/icons/breeze-dark/apps/48/blogilo.svg
bomber.svg	/usr/share/icons/breeze-dark/apps/48/bomber.svg
bovo.svg	/usr/share/icons/breeze-dark/apps/48/bovo.svg
breeze-settings.svg	/usr/share/icons/breeze-dark/apps/48/breeze-settings.svg
buho.svg	/usr/share/icons/breeze-dark/apps/48/buho.svg
calamares.svg	/usr/share/icons/breeze-dark/apps/48/calamares.svg
calindori.svg	/usr/share/icons/breeze-dark/apps/48/calindori.svg
calligrakarbon.svg	/usr/share/icons/breeze-dark/apps/48/calligrakarbon.svg
calligrakexi.svg	/usr/share/icons/breeze-dark/apps/48/calligrakexi.svg
calligraplan.svg	/usr/share/icons/breeze-dark/apps/48/calligraplan.svg
calligraplanwork.svg	/usr/share/icons/breeze-dark/apps/48/calligraplanwork.svg
calligrasheets.svg	/usr/share/icons/breeze-dark/apps/48/calligrasheets.svg
calligrastage.svg	/usr/share/icons/breeze-dark/apps/48/calligrastage.svg
calligrawords.svg	/usr/share/icons/breeze-dark/apps/48/calligrawords.svg
cantor.svg	/usr/share/icons/breeze-dark/apps/48/cantor.svg
cervisia.svg	/usr/share/icons/breeze-dark/apps/48/cervisia.svg
choqok.svg	/usr/share/icons/breeze-dark/apps/48/choqok.svg
crow-translate.svg	/usr/share/icons/breeze-dark/apps/48/crow-translate.svg
cuttlefish.svg	/usr/share/icons/breeze-dark/apps/48/cuttlefish.svg
digikam.svg	/usr/share/icons/breeze-dark/apps/48/digikam.svg
dragonplayer.svg	/usr/share/icons/breeze-dark/apps/48/dragonplayer.svg
elisa.svg	/usr/share/icons/breeze-dark/apps/48/elisa.svg
falkon.svg	/usr/share/icons/breeze-dark/apps/48/falkon.svg
fifteenpuzzle.svg	/usr/share/icons/breeze-dark/apps/48/fifteenpuzzle.svg
filelight.svg	/usr/share/icons/breeze-dark/apps/48/filelight.svg
fingerprint-gui.svg	/usr/share/icons/breeze-dark/apps/48/fingerprint-gui.svg
firewall-config.svg	/usr/share/icons/breeze-dark/apps/48/firewall-config.svg
gcompris-qt.svg	/usr/share/icons/breeze-dark/apps/48/gcompris-qt.svg
granatier.svg	/usr/share/icons/breeze-dark/apps/48/granatier.svg
graphics-viewer-document.svg	/usr/share/icons/breeze-dark/apps/48/graphics-viewer-document.svg
gwenview.svg	/usr/share/icons/breeze-dark/apps/48/gwenview.svg
help-browser.svg	/usr/share/icons/breeze-dark/apps/48/help-browser.svg
internet-mail.svg	/usr/share/icons/breeze-dark/apps/48/internet-mail.svg
internet-telephony.svg	/usr/share/icons/breeze-dark/apps/48/internet-telephony.svg
internet-web-browser.svg	/usr/share/icons/breeze-dark/apps/48/internet-web-browser.svg
juk.svg	/usr/share/icons/breeze-dark/apps/48/juk.svg
juliabackend.svg	/usr/share/icons/breeze-dark/apps/48/juliabackend.svg
k3b.svg	/usr/share/icons/breeze-dark/apps/48/k3b.svg
kaddressbook.svg	/usr/share/icons/breeze-dark/apps/48/kaddressbook.svg
kaffeine.svg	/usr/share/icons/breeze-dark/apps/48/kaffeine.svg
kajongg.svg	/usr/share/icons/breeze-dark/apps/48/kajongg.svg
kalarm.svg	/usr/share/icons/breeze-dark/apps/48/kalarm.svg
kalgebra.svg	/usr/share/icons/breeze-dark/apps/48/kalgebra.svg
kalgebrabackend.svg	/usr/share/icons/breeze-dark/apps/48/kalgebrabackend.svg
kalzium.svg	/usr/share/icons/breeze-dark/apps/48/kalzium.svg
kamoso.svg	/usr/share/icons/breeze-dark/apps/48/kamoso.svg
kanagram.svg	/usr/share/icons/breeze-dark/apps/48/kanagram.svg
kapman.svg	/usr/share/icons/breeze-dark/apps/48/kapman.svg
kapptemplate.svg	/usr/share/icons/breeze-dark/apps/48/kapptemplate.svg
karbon.svg	/usr/share/icons/breeze-dark/apps/48/karbon.svg
kate.svg	/usr/share/icons/breeze-dark/apps/48/kate.svg
katomic.svg	/usr/share/icons/breeze-dark/apps/48/katomic.svg
kblackbox.svg	/usr/share/icons/breeze-dark/apps/48/kblackbox.svg
kblocks.svg	/usr/share/icons/breeze-dark/apps/48/kblocks.svg
kblogger.svg	/usr/share/icons/breeze-dark/apps/48/kblogger.svg
kbreakout.svg	/usr/share/icons/breeze-dark/apps/48/kbreakout.svg
kbruch.svg	/usr/share/icons/breeze-dark/apps/48/kbruch.svg
kcachegrind.svg	/usr/share/icons/breeze-dark/apps/48/kcachegrind.svg
kcalc.svg	/usr/share/icons/breeze-dark/apps/48/kcalc.svg
kchart.svg	/usr/share/icons/breeze-dark/apps/48/kchart.svg
kcolorchooser.svg	/usr/share/icons/breeze-dark/apps/48/kcolorchooser.svg
kde-frameworks.svg	/usr/share/icons/breeze-dark/apps/48/kde-frameworks.svg
kde-im-log-viewer.svg	/usr/share/icons/breeze-dark/apps/48/kde-im-log-viewer.svg
kde.svg	/usr/share/icons/breeze-dark/apps/48/kde.svg
kdeapp.svg	/usr/share/icons/breeze-dark/apps/48/kdeapp.svg
kdenlive.svg	/usr/share/icons/breeze-dark/apps/48/kdenlive.svg
kdesvn.svg	/usr/share/icons/breeze-dark/apps/48/kdesvn.svg
kdevelop.svg	/usr/share/icons/breeze-dark/apps/48/kdevelop.svg
kdiamond.svg	/usr/share/icons/breeze-dark/apps/48/kdiamond.svg
kdiff3.svg	/usr/share/icons/breeze-dark/apps/48/kdiff3.svg
kexi.svg	/usr/share/icons/breeze-dark/apps/48/kexi.svg
kfind.svg	/usr/share/icons/breeze-dark/apps/48/kfind.svg
kfloppy.svg	/usr/share/icons/breeze-dark/apps/48/kfloppy.svg
kfontview.svg	/usr/share/icons/breeze-dark/apps/48/kfontview.svg
kfourinline.svg	/usr/share/icons/breeze-dark/apps/48/kfourinline.svg
kgeography.svg	/usr/share/icons/breeze-dark/apps/48/kgeography.svg
kget.svg	/usr/share/icons/breeze-dark/apps/48/kget.svg
khangman.svg	/usr/share/icons/breeze-dark/apps/48/khangman.svg
kig.svg	/usr/share/icons/breeze-dark/apps/48/kig.svg
kile.svg	/usr/share/icons/breeze-dark/apps/48/kile.svg
kimagemapeditor.svg	/usr/share/icons/breeze-dark/apps/48/kimagemapeditor.svg
kipi-dngconverter.svg	/usr/share/icons/breeze-dark/apps/48/kipi-dngconverter.svg
kipi-expoblending.svg	/usr/share/icons/breeze-dark/apps/48/kipi-expoblending.svg
kipi-panorama.svg	/usr/share/icons/breeze-dark/apps/48/kipi-panorama.svg
kirigami-gallery.svg	/usr/share/icons/breeze-dark/apps/48/kirigami-gallery.svg
kiriki.svg	/usr/share/icons/breeze-dark/apps/48/kiriki.svg
kirogi.svg	/usr/share/icons/breeze-dark/apps/48/kirogi.svg
kiten.svg	/usr/share/icons/breeze-dark/apps/48/kiten.svg
kjumpingcube.svg	/usr/share/icons/breeze-dark/apps/48/kjumpingcube.svg
kleopatra.svg	/usr/share/icons/breeze-dark/apps/48/kleopatra.svg
klines.svg	/usr/share/icons/breeze-dark/apps/48/klines.svg
klipper.svg	/usr/share/icons/breeze-dark/apps/48/klipper.svg
kmag.svg	/usr/share/icons/breeze-dark/apps/48/kmag.svg
kmahjongg.svg	/usr/share/icons/breeze-dark/apps/48/kmahjongg.svg
kmail.svg	/usr/share/icons/breeze-dark/apps/48/kmail.svg
kmenuedit.svg	/usr/share/icons/breeze-dark/apps/48/kmenuedit.svg
kmix.svg	/usr/share/icons/breeze-dark/apps/48/kmix.svg
kmousetool.svg	/usr/share/icons/breeze-dark/apps/48/kmousetool.svg
kmouth.svg	/usr/share/icons/breeze-dark/apps/48/kmouth.svg
kmplayer.svg	/usr/share/icons/breeze-dark/apps/48/kmplayer.svg
kmplot.svg	/usr/share/icons/breeze-dark/apps/48/kmplot.svg
kmymoney.svg	/usr/share/icons/breeze-dark/apps/48/kmymoney.svg
knetattach.svg	/usr/share/icons/breeze-dark/apps/48/knetattach.svg
knights.svg	/usr/share/icons/breeze-dark/apps/48/knights.svg
knotes.svg	/usr/share/icons/breeze-dark/apps/48/knotes.svg
kolf.svg	/usr/share/icons/breeze-dark/apps/48/kolf.svg
kolourpaint.svg	/usr/share/icons/breeze-dark/apps/48/kolourpaint.svg
kompare.svg	/usr/share/icons/breeze-dark/apps/48/kompare.svg
konqueror.svg	/usr/share/icons/breeze-dark/apps/48/konqueror.svg
kontact.svg	/usr/share/icons/breeze-dark/apps/48/kontact.svg
konversation.svg	/usr/share/icons/breeze-dark/apps/48/konversation.svg
kopete.svg	/usr/share/icons/breeze-dark/apps/48/kopete.svg
korg-todo.svg	/usr/share/icons/breeze-dark/apps/48/korg-todo.svg
korgac.svg	/usr/share/icons/breeze-dark/apps/48/korgac.svg
korganizer.svg	/usr/share/icons/breeze-dark/apps/48/korganizer.svg
kpat.svg	/usr/share/icons/breeze-dark/apps/48/kpat.svg
kphotoalbum.svg	/usr/share/icons/breeze-dark/apps/48/kphotoalbum.svg
kplato.svg	/usr/share/icons/breeze-dark/apps/48/kplato.svg
kpresenter.svg	/usr/share/icons/breeze-dark/apps/48/kpresenter.svg
krdc.svg	/usr/share/icons/breeze-dark/apps/48/krdc.svg
krename.svg	/usr/share/icons/breeze-dark/apps/48/krename.svg
krfb.svg	/usr/share/icons/breeze-dark/apps/48/krfb.svg
kronometer.svg	/usr/share/icons/breeze-dark/apps/48/kronometer.svg
kruler.svg	/usr/share/icons/breeze-dark/apps/48/kruler.svg
krusader_root.svg	/usr/share/icons/breeze-dark/apps/48/krusader_root.svg
krusader_user.svg	/usr/share/icons/breeze-dark/apps/48/krusader_user.svg
kshisen.svg	/usr/share/icons/breeze-dark/apps/48/kshisen.svg
ksirk.svg	/usr/share/icons/breeze-dark/apps/48/ksirk.svg
ksnapshot.svg	/usr/share/icons/breeze-dark/apps/48/ksnapshot.svg
kspread.svg	/usr/share/icons/breeze-dark/apps/48/kspread.svg
kstars.svg	/usr/share/icons/breeze-dark/apps/48/kstars.svg
ksysguardd.svg	/usr/share/icons/breeze-dark/apps/48/ksysguardd.svg
kteatime.svg	/usr/share/icons/breeze-dark/apps/48/kteatime.svg
ktimer.svg	/usr/share/icons/breeze-dark/apps/48/ktimer.svg
ktimetracker.svg	/usr/share/icons/breeze-dark/apps/48/ktimetracker.svg
ktip.svg	/usr/share/icons/breeze-dark/apps/48/ktip.svg
ktnef.svg	/usr/share/icons/breeze-dark/apps/48/ktnef.svg
ktorrent.svg	/usr/share/icons/breeze-dark/apps/48/ktorrent.svg
ktouch.svg	/usr/share/icons/breeze-dark/apps/48/ktouch.svg
ktrip.svg	/usr/share/icons/breeze-dark/apps/48/ktrip.svg
kube-mail.svg	/usr/share/icons/breeze-dark/apps/48/kube-mail.svg
kuiviewer.svg	/usr/share/icons/breeze-dark/apps/48/kuiviewer.svg
kuser.svg	/usr/share/icons/breeze-dark/apps/48/kuser.svg
kwalletmanager.svg	/usr/share/icons/breeze-dark/apps/48/kwalletmanager.svg
kwalletmanager2.svg	/usr/share/icons/breeze-dark/apps/48/kwalletmanager2.svg
kwave.svg	/usr/share/icons/breeze-dark/apps/48/kwave.svg
kwin.svg	/usr/share/icons/breeze-dark/apps/48/kwin.svg
kword.svg	/usr/share/icons/breeze-dark/apps/48/kword.svg
kxstitch.svg	/usr/share/icons/breeze-dark/apps/48/kxstitch.svg
labplot.svg	/usr/share/icons/breeze-dark/apps/48/labplot.svg
labplot2.svg	/usr/share/icons/breeze-dark/apps/48/labplot2.svg
latte-dock.svg	/usr/share/icons/breeze-dark/apps/48/latte-dock.svg
lokalize.svg	/usr/share/icons/breeze-dark/apps/48/lokalize.svg
mail-client.svg	/usr/share/icons/breeze-dark/apps/48/mail-client.svg
massif-visualizer.svg	/usr/share/icons/breeze-dark/apps/48/massif-visualizer.svg
minuet.svg	/usr/share/icons/breeze-dark/apps/48/minuet.svg
multimedia-volume-control.svg	/usr/share/icons/breeze-dark/apps/48/multimedia-volume-control.svg
muon.svg	/usr/share/icons/breeze-dark/apps/48/muon.svg
muondiscover.svg	/usr/share/icons/breeze-dark/apps/48/muondiscover.svg
network-manager.svg	/usr/share/icons/breeze-dark/apps/48/network-manager.svg
nota.svg	/usr/share/icons/breeze-dark/apps/48/nota.svg
ntfs-config.svg	/usr/share/icons/breeze-dark/apps/48/ntfs-config.svg
octave.svg	/usr/share/icons/breeze-dark/apps/48/octave.svg
octavebackend.svg	/usr/share/icons/breeze-dark/apps/48/octavebackend.svg
office-address-book.svg	/usr/share/icons/breeze-dark/apps/48/office-address-book.svg
office-calendar.svg	/usr/share/icons/breeze-dark/apps/48/office-calendar.svg
okteta.svg	/usr/share/icons/breeze-dark/apps/48/okteta.svg
okular.svg	/usr/share/icons/breeze-dark/apps/48/okular.svg
org.kde.CrowTranslate.svg.svg	/usr/share/icons/breeze-dark/apps/48/org.kde.CrowTranslate.svg.svg
org.kde.Ikona.svg	/usr/share/icons/breeze-dark/apps/48/org.kde.Ikona.svg
org.kde.akregator.svg	/usr/share/icons/breeze-dark/apps/48/org.kde.akregator.svg
org.kde.alligator.svg	/usr/share/icons/breeze-dark/apps/48/org.kde.alligator.svg
org.kde.amarok.svg	/usr/share/icons/breeze-dark/apps/48/org.kde.amarok.svg
org.kde.ark.svg	/usr/share/icons/breeze-dark/apps/48/org.kde.ark.svg
org.kde.artikulate.svg	/usr/share/icons/breeze-dark/apps/48/org.kde.artikulate.svg
org.kde.blinken.svg	/usr/share/icons/breeze-dark/apps/48/org.kde.blinken.svg
org.kde.bomber.svg	/usr/share/icons/breeze-dark/apps/48/org.kde.bomber.svg
org.kde.bovo.svg	/usr/share/icons/breeze-dark/apps/48/org.kde.bovo.svg
org.kde.cantor.svg	/usr/share/icons/breeze-dark/apps/48/org.kde.cantor.svg
org.kde.digikam.svg	/usr/share/icons/breeze-dark/apps/48/org.kde.digikam.svg
org.kde.elisa.svg	/usr/share/icons/breeze-dark/apps/48/org.kde.elisa.svg
org.kde.falkon.svg	/usr/share/icons/breeze-dark/apps/48/org.kde.falkon.svg
org.kde.granatier.svg	/usr/share/icons/breeze-dark/apps/48/org.kde.granatier.svg
org.kde.gwenview.svg	/usr/share/icons/breeze-dark/apps/48/org.kde.gwenview.svg
org.kde.iconexplorer.svg	/usr/share/icons/breeze-dark/apps/48/org.kde.iconexplorer.svg
org.kde.juk.svg	/usr/share/icons/breeze-dark/apps/48/org.kde.juk.svg
org.kde.kalgebra.svg	/usr/share/icons/breeze-dark/apps/48/org.kde.kalgebra.svg
org.kde.kalzium.svg	/usr/share/icons/breeze-dark/apps/48/org.kde.kalzium.svg
org.kde.kamoso.svg	/usr/share/icons/breeze-dark/apps/48/org.kde.kamoso.svg
org.kde.kanagram.svg	/usr/share/icons/breeze-dark/apps/48/org.kde.kanagram.svg
org.kde.kapman.svg	/usr/share/icons/breeze-dark/apps/48/org.kde.kapman.svg
org.kde.katomic.svg	/usr/share/icons/breeze-dark/apps/48/org.kde.katomic.svg
org.kde.kblackbox.svg	/usr/share/icons/breeze-dark/apps/48/org.kde.kblackbox.svg
org.kde.kblocks.svg	/usr/share/icons/breeze-dark/apps/48/org.kde.kblocks.svg
org.kde.kbreakout.svg	/usr/share/icons/breeze-dark/apps/48/org.kde.kbreakout.svg
org.kde.kbruch.svg	/usr/share/icons/breeze-dark/apps/48/org.kde.kbruch.svg
org.kde.kcachegrind.svg	/usr/share/icons/breeze-dark/apps/48/org.kde.kcachegrind.svg
org.kde.kcolorchooser.svg	/usr/share/icons/breeze-dark/apps/48/org.kde.kcolorchooser.svg
org.kde.kdenlive.svg	/usr/share/icons/breeze-dark/apps/48/org.kde.kdenlive.svg
org.kde.kdevelop.svg	/usr/share/icons/breeze-dark/apps/48/org.kde.kdevelop.svg
org.kde.kdiamond.svg	/usr/share/icons/breeze-dark/apps/48/org.kde.kdiamond.svg
org.kde.kdiff3.svg	/usr/share/icons/breeze-dark/apps/48/org.kde.kdiff3.svg
org.kde.kfind.svg	/usr/share/icons/breeze-dark/apps/48/org.kde.kfind.svg
org.kde.kfourinline.svg	/usr/share/icons/breeze-dark/apps/48/org.kde.kfourinline.svg
org.kde.kgeography.svg	/usr/share/icons/breeze-dark/apps/48/org.kde.kgeography.svg
org.kde.kget.svg	/usr/share/icons/breeze-dark/apps/48/org.kde.kget.svg
org.kde.khangman.svg	/usr/share/icons/breeze-dark/apps/48/org.kde.khangman.svg
org.kde.kig.svg	/usr/share/icons/breeze-dark/apps/48/org.kde.kig.svg
org.kde.kile.svg	/usr/share/icons/breeze-dark/apps/48/org.kde.kile.svg
org.kde.kiriki.svg	/usr/share/icons/breeze-dark/apps/48/org.kde.kiriki.svg
org.kde.kiten.svg	/usr/share/icons/breeze-dark/apps/48/org.kde.kiten.svg
org.kde.kjumpingcube.svg	/usr/share/icons/breeze-dark/apps/48/org.kde.kjumpingcube.svg
org.kde.kmplot.svg	/usr/share/icons/breeze-dark/apps/48/org.kde.kmplot.svg
org.kde.knights.svg	/usr/share/icons/breeze-dark/apps/48/org.kde.knights.svg
org.kde.kolf.svg	/usr/share/icons/breeze-dark/apps/48/org.kde.kolf.svg
org.kde.kolourpaint.svg	/usr/share/icons/breeze-dark/apps/48/org.kde.kolourpaint.svg
org.kde.kongress.svg	/usr/share/icons/breeze-dark/apps/48/org.kde.kongress.svg
org.kde.kontact.svg	/usr/share/icons/breeze-dark/apps/48/org.kde.kontact.svg
org.kde.kontrast.svg	/usr/share/icons/breeze-dark/apps/48/org.kde.kontrast.svg
org.kde.konversation.svg	/usr/share/icons/breeze-dark/apps/48/org.kde.konversation.svg
org.kde.kopete.svg	/usr/share/icons/breeze-dark/apps/48/org.kde.kopete.svg
org.kde.kpat.svg	/usr/share/icons/breeze-dark/apps/48/org.kde.kpat.svg
org.kde.kphotoalbum.svg	/usr/share/icons/breeze-dark/apps/48/org.kde.kphotoalbum.svg
org.kde.krdc.svg	/usr/share/icons/breeze-dark/apps/48/org.kde.krdc.svg
org.kde.krename.svg	/usr/share/icons/breeze-dark/apps/48/org.kde.krename.svg
org.kde.kronometer.svg	/usr/share/icons/breeze-dark/apps/48/org.kde.kronometer.svg
org.kde.kruler.svg	/usr/share/icons/breeze-dark/apps/48/org.kde.kruler.svg
org.kde.ksirk.svg	/usr/share/icons/breeze-dark/apps/48/org.kde.ksirk.svg
org.kde.kstars.svg	/usr/share/icons/breeze-dark/apps/48/org.kde.kstars.svg
org.kde.kteatime.svg	/usr/share/icons/breeze-dark/apps/48/org.kde.kteatime.svg
org.kde.ktimetracker.svg	/usr/share/icons/breeze-dark/apps/48/org.kde.ktimetracker.svg
org.kde.ktorrent.svg	/usr/share/icons/breeze-dark/apps/48/org.kde.ktorrent.svg
org.kde.ktouch.svg	/usr/share/icons/breeze-dark/apps/48/org.kde.ktouch.svg
org.kde.ktrip.svg	/usr/share/icons/breeze-dark/apps/48/org.kde.ktrip.svg
org.kde.kuiviewer.svg	/usr/share/icons/breeze-dark/apps/48/org.kde.kuiviewer.svg
org.kde.kwalletmanager5.svg	/usr/share/icons/breeze-dark/apps/48/org.kde.kwalletmanager5.svg
org.kde.kxstitch.svg	/usr/share/icons/breeze-dark/apps/48/org.kde.kxstitch.svg
org.kde.labplot2.svg	/usr/share/icons/breeze-dark/apps/48/org.kde.labplot2.svg
org.kde.lokalize.svg	/usr/share/icons/breeze-dark/apps/48/org.kde.lokalize.svg
org.kde.massif-visualizer.svg	/usr/share/icons/breeze-dark/apps/48/org.kde.massif-visualizer.svg
org.kde.minuet.svg	/usr/share/icons/breeze-dark/apps/48/org.kde.minuet.svg
org.kde.neochat.svg	/usr/share/icons/breeze-dark/apps/48/org.kde.neochat.svg
org.kde.nota.svg	/usr/share/icons/breeze-dark/apps/48/org.kde.nota.svg
org.kde.okteta.svg	/usr/share/icons/breeze-dark/apps/48/org.kde.okteta.svg
org.kde.okular.svg	/usr/share/icons/breeze-dark/apps/48/org.kde.okular.svg
org.kde.skanlite.svg	/usr/share/icons/breeze-dark/apps/48/org.kde.skanlite.svg
org.kde.skrooge.svg	/usr/share/icons/breeze-dark/apps/48/org.kde.skrooge.svg
org.kde.umbrello.svg	/usr/share/icons/breeze-dark/apps/48/org.kde.umbrello.svg
org.kde.vvave.svg	/usr/share/icons/breeze-dark/apps/48/org.kde.vvave.svg
org.xfce.screenshooter.svg	/usr/share/icons/breeze-dark/apps/48/org.xfce.screenshooter.svg
parley.svg	/usr/share/icons/breeze-dark/apps/48/parley.svg
partitionmanager.svg	/usr/share/icons/breeze-dark/apps/48/partitionmanager.svg
phonon-gstreamer.svg	/usr/share/icons/breeze-dark/apps/48/phonon-gstreamer.svg
photolayoutseditor.svg	/usr/share/icons/breeze-dark/apps/48/photolayoutseditor.svg
plan.svg	/usr/share/icons/breeze-dark/apps/48/plan.svg
planetkde.svg	/usr/share/icons/breeze-dark/apps/48/planetkde.svg
plank.svg	/usr/share/icons/breeze-dark/apps/48/plank.svg
planner.svg	/usr/share/icons/breeze-dark/apps/48/planner.svg
planwork.svg	/usr/share/icons/breeze-dark/apps/48/planwork.svg
plasma-browser-integration.svg	/usr/share/icons/breeze-dark/apps/48/plasma-browser-integration.svg
plasma-media-center.svg	/usr/share/icons/breeze-dark/apps/48/plasma-media-center.svg
plasma-mobile-phone.svg	/usr/share/icons/breeze-dark/apps/48/plasma-mobile-phone.svg
plasma-nano.svg	/usr/share/icons/breeze-dark/apps/48/plasma-nano.svg
plasmadiscover.svg	/usr/share/icons/breeze-dark/apps/48/plasmadiscover.svg
preferences-desktop-font-installer.svg	/usr/share/icons/breeze-dark/apps/48/preferences-desktop-font-installer.svg
puremaps.svg	/usr/share/icons/breeze-dark/apps/48/puremaps.svg
qupzilla.svg	/usr/share/icons/breeze-dark/apps/48/qupzilla.svg
rekonq.svg	/usr/share/icons/breeze-dark/apps/48/rekonq.svg
rocs.svg	/usr/share/icons/breeze-dark/apps/48/rocs.svg
sheets.svg	/usr/share/icons/breeze-dark/apps/48/sheets.svg
showfoto.svg	/usr/share/icons/breeze-dark/apps/48/showfoto.svg
skanlite.svg	/usr/share/icons/breeze-dark/apps/48/skanlite.svg
skanpage.svg	/usr/share/icons/breeze-dark/apps/48/skanpage.svg
skladnik.svg	/usr/share/icons/breeze-dark/apps/48/skladnik.svg
skrooge-black.svg	/usr/share/icons/breeze-dark/apps/48/skrooge-black.svg
skrooge-initial.svg	/usr/share/icons/breeze-dark/apps/48/skrooge-initial.svg
skrooge.svg	/usr/share/icons/breeze-dark/apps/48/skrooge.svg
smb4k.svg	/usr/share/icons/breeze-dark/apps/48/smb4k.svg
spectacle.svg	/usr/share/icons/breeze-dark/apps/48/spectacle.svg
stage.svg	/usr/share/icons/breeze-dark/apps/48/stage.svg
step.svg	/usr/share/icons/breeze-dark/apps/48/step.svg
subtitlecomposer.svg	/usr/share/icons/breeze-dark/apps/48/subtitlecomposer.svg
sweeper.svg	/usr/share/icons/breeze-dark/apps/48/sweeper.svg
symboleditor.svg	/usr/share/icons/breeze-dark/apps/48/symboleditor.svg
system-software-install.svg	/usr/share/icons/breeze-dark/apps/48/system-software-install.svg
system-software-update.svg	/usr/share/icons/breeze-dark/apps/48/system-software-update.svg
systemsettings.svg	/usr/share/icons/breeze-dark/apps/48/systemsettings.svg
telepathy-kde.svg	/usr/share/icons/breeze-dark/apps/48/telepathy-kde.svg
ubiquity-kde.svg	/usr/share/icons/breeze-dark/apps/48/ubiquity-kde.svg
umbrello.svg	/usr/share/icons/breeze-dark/apps/48/umbrello.svg
usb-creator-kde.svg	/usr/share/icons/breeze-dark/apps/48/usb-creator-kde.svg
utilities-energy-monitor.svg	/usr/share/icons/breeze-dark/apps/48/utilities-energy-monitor.svg
utilities-file-archiver.svg	/usr/share/icons/breeze-dark/apps/48/utilities-file-archiver.svg
utilities-system-monitor.svg	/usr/share/icons/breeze-dark/apps/48/utilities-system-monitor.svg
vvave.svg	/usr/share/icons/breeze-dark/apps/48/vvave.svg
wayland.svg	/usr/share/icons/breeze-dark/apps/48/wayland.svg
words.svg	/usr/share/icons/breeze-dark/apps/48/words.svg
xorg.svg	/usr/share/icons/breeze-dark/apps/48/xorg.svg
yakuake.svg	/usr/share/icons/breeze-dark/apps/48/yakuake.svg
zanshin.svg	/usr/share/icons/breeze-dark/apps/48/zanshin.svg
org.fedoraproject.AnacondaInstaller.svg	/usr/share/icons/breeze-dark/apps/48/org.fedoraproject.AnacondaInstaller.svg
sharedlib.svg	/usr/share/icons/breeze-dark/apps/64/sharedlib.svg
applications-accessories-symbolic.svg	/usr/share/icons/breeze-dark/categories/22/applications-accessories-symbolic.svg
applications-accessories.svg	/usr/share/icons/breeze-dark/categories/22/applications-accessories.svg
applications-all-symbolic.svg	/usr/share/icons/breeze-dark/categories/22/applications-all-symbolic.svg
applications-all.svg	/usr/share/icons/breeze-dark/categories/22/applications-all.svg
applications-development-symbolic.svg	/usr/share/icons/breeze-dark/categories/22/applications-development-symbolic.svg
applications-development.svg	/usr/share/icons/breeze-dark/categories/22/applications-development.svg
applications-education-language-symbolic.svg	/usr/share/icons/breeze-dark/categories/22/applications-education-language-symbolic.svg
applications-education-language.svg	/usr/share/icons/breeze-dark/categories/22/applications-education-language.svg
applications-education-mathematics-symbolic.svg	/usr/share/icons/breeze-dark/categories/22/applications-education-mathematics-symbolic.svg
applications-education-mathematics.svg	/usr/share/icons/breeze-dark/categories/22/applications-education-mathematics.svg
applications-education-science-symbolic.svg	/usr/share/icons/breeze-dark/categories/22/applications-education-science-symbolic.svg
applications-education-science.svg	/usr/share/icons/breeze-dark/categories/22/applications-education-science.svg
applications-education-symbolic.svg	/usr/share/icons/breeze-dark/categories/22/applications-education-symbolic.svg
applications-education.svg	/usr/share/icons/breeze-dark/categories/22/applications-education.svg
applications-engineering.svg	/usr/share/icons/breeze-dark/categories/22/applications-engineering.svg
applications-games.svg	/usr/share/icons/breeze-dark/categories/22/applications-games.svg
applications-graphics.svg	/usr/share/icons/breeze-dark/categories/22/applications-graphics.svg
applications-internet-symbolic.svg	/usr/share/icons/breeze-dark/categories/22/applications-internet-symbolic.svg
applications-internet.svg	/usr/share/icons/breeze-dark/categories/22/applications-internet.svg
applications-multimedia.svg	/usr/share/icons/breeze-dark/categories/22/applications-multimedia.svg
applications-network-symbolic.svg	/usr/share/icons/breeze-dark/categories/22/applications-network-symbolic.svg
applications-network.svg	/usr/share/icons/breeze-dark/categories/22/applications-network.svg
applications-office-symbolic.svg	/usr/share/icons/breeze-dark/categories/22/applications-office-symbolic.svg
applications-office.svg	/usr/share/icons/breeze-dark/categories/22/applications-office.svg
applications-other-symbolic.svg	/usr/share/icons/breeze-dark/categories/22/applications-other-symbolic.svg
applications-other.svg	/usr/share/icons/breeze-dark/categories/22/applications-other.svg
applications-science.svg	/usr/share/icons/breeze-dark/categories/22/applications-science.svg
applications-system.svg	/usr/share/icons/breeze-dark/categories/22/applications-system.svg
applications-utilities.svg	/usr/share/icons/breeze-dark/categories/22/applications-utilities.svg
audio-input-microphone.svg	/usr/share/icons/breeze-dark/devices/16/audio-input-microphone.svg
audio-radio-symbolic.svg	/usr/share/icons/breeze-dark/devices/16/audio-radio-symbolic.svg
audio-radio.svg	/usr/share/icons/breeze-dark/devices/16/audio-radio.svg
auth-sim.svg	/usr/share/icons/breeze-dark/devices/16/auth-sim.svg
battery-ups-symbolic.svg	/usr/share/icons/breeze-dark/devices/16/battery-ups-symbolic.svg
battery-ups.svg	/usr/share/icons/breeze-dark/devices/16/battery-ups.svg
camera-photo.svg	/usr/share/icons/breeze-dark/devices/16/camera-photo.svg
camera-video.svg	/usr/share/icons/breeze-dark/devices/16/camera-video.svg
computer-laptop-symbolic.svg	/usr/share/icons/breeze-dark/devices/16/computer-laptop-symbolic.svg
computer-laptop.svg	/usr/share/icons/breeze-dark/devices/16/computer-laptop.svg
cups-symbolic.svg	/usr/share/icons/breeze-dark/devices/16/cups-symbolic.svg
cups.svg	/usr/share/icons/breeze-dark/devices/16/cups.svg
cupsprinter-symbolic.svg	/usr/share/icons/breeze-dark/devices/16/cupsprinter-symbolic.svg
cupsprinter.svg	/usr/share/icons/breeze-dark/devices/16/cupsprinter.svg
drive-harddisk-encrypted-symbolic.svg	/usr/share/icons/breeze-dark/devices/16/drive-harddisk-encrypted-symbolic.svg
drive-harddisk-encrypted.svg	/usr/share/icons/breeze-dark/devices/16/drive-harddisk-encrypted.svg
drive-harddisk-root-symbolic.svg	/usr/share/icons/breeze-dark/devices/16/drive-harddisk-root-symbolic.svg
drive-harddisk-root.svg	/usr/share/icons/breeze-dark/devices/16/drive-harddisk-root.svg
drive-multipartition-symbolic.svg	/usr/share/icons/breeze-dark/devices/16/drive-multipartition-symbolic.svg
drive-multipartition.svg	/usr/share/icons/breeze-dark/devices/16/drive-multipartition.svg
drive-partition-symbolic.svg	/usr/share/icons/breeze-dark/devices/16/drive-partition-symbolic.svg
drive-partition.svg	/usr/share/icons/breeze-dark/devices/16/drive-partition.svg
drive-removable-media-usb-pendrive-symbolic.svg	/usr/share/icons/breeze-dark/devices/16/drive-removable-media-usb-pendrive-symbolic.svg
drive-removable-media-usb-pendrive.svg	/usr/share/icons/breeze-dark/devices/16/drive-removable-media-usb-pendrive.svg
drive-removable-media-usb-symbolic.svg	/usr/share/icons/breeze-dark/devices/16/drive-removable-media-usb-symbolic.svg
drive-removable-media-usb.svg	/usr/share/icons/breeze-dark/devices/16/drive-removable-media-usb.svg
drive.svg	/usr/share/icons/breeze-dark/devices/16/drive.svg
input-dialpad.svg	/usr/share/icons/breeze-dark/devices/16/input-dialpad.svg
input-gamepad-symbolic.svg	/usr/share/icons/breeze-dark/devices/16/input-gamepad-symbolic.svg
input-gamepad.svg	/usr/share/icons/breeze-dark/devices/16/input-gamepad.svg
input-keyboard-virtual-symbolic.svg	/usr/share/icons/breeze-dark/devices/16/input-keyboard-virtual-symbolic.svg
input-keyboard-virtual.svg	/usr/share/icons/breeze-dark/devices/16/input-keyboard-virtual.svg
input-mouse-battery.svg	/usr/share/icons/breeze-dark/devices/16/input-mouse-battery.svg
input-touchpad.svg	/usr/share/icons/breeze-dark/devices/16/input-touchpad.svg
input-touchscreen-symbolic.svg	/usr/share/icons/breeze-dark/devices/16/input-touchscreen-symbolic.svg
input-tvremote-symbolic.svg	/usr/share/icons/breeze-dark/devices/16/input-tvremote-symbolic.svg
input-tvremote.svg	/usr/share/icons/breeze-dark/devices/16/input-tvremote.svg
keyboard-caps-disabled-symbolic.svg	/usr/share/icons/breeze-dark/devices/16/keyboard-caps-disabled-symbolic.svg
keyboard-caps-disabled.svg	/usr/share/icons/breeze-dark/devices/16/keyboard-caps-disabled.svg
keyboard-caps-enabled-symbolic.svg	/usr/share/icons/breeze-dark/devices/16/keyboard-caps-enabled-symbolic.svg
keyboard-caps-enabled.svg	/usr/share/icons/breeze-dark/devices/16/keyboard-caps-enabled.svg
keyboard-caps-locked-symbolic.svg	/usr/share/icons/breeze-dark/devices/16/keyboard-caps-locked-symbolic.svg
keyboard-caps-locked.svg	/usr/share/icons/breeze-dark/devices/16/keyboard-caps-locked.svg
keyboard-enter-symbolic.svg	/usr/share/icons/breeze-dark/devices/16/keyboard-enter-symbolic.svg
keyboard-enter.svg	/usr/share/icons/breeze-dark/devices/16/keyboard-enter.svg
keyboard-spacebar-symbolic.svg	/usr/share/icons/breeze-dark/devices/16/keyboard-spacebar-symbolic.svg
keyboard-spacebar.svg	/usr/share/icons/breeze-dark/devices/16/keyboard-spacebar.svg
media-flash-memory-stick-symbolic.svg	/usr/share/icons/breeze-dark/devices/16/media-flash-memory-stick-symbolic.svg
media-flash-memory-stick.svg	/usr/share/icons/breeze-dark/devices/16/media-flash-memory-stick.svg
media-flash-sd-mmc-symbolic.svg	/usr/share/icons/breeze-dark/devices/16/media-flash-sd-mmc-symbolic.svg
media-flash-sd-mmc.svg	/usr/share/icons/breeze-dark/devices/16/media-flash-sd-mmc.svg
media-floppy.svg	/usr/share/icons/breeze-dark/devices/16/media-floppy.svg
media-optical-audio-symbolic.svg	/usr/share/icons/breeze-dark/devices/16/media-optical-audio-symbolic.svg
media-optical-audio.svg	/usr/share/icons/breeze-dark/devices/16/media-optical-audio.svg
media-optical-data-symbolic.svg	/usr/share/icons/breeze-dark/devices/16/media-optical-data-symbolic.svg
media-optical-data.svg	/usr/share/icons/breeze-dark/devices/16/media-optical-data.svg
media-optical-mixed-cd-symbolic.svg	/usr/share/icons/breeze-dark/devices/16/media-optical-mixed-cd-symbolic.svg
media-optical-mixed-cd.svg	/usr/share/icons/breeze-dark/devices/16/media-optical-mixed-cd.svg
media-optical-recordable-symbolic.svg	/usr/share/icons/breeze-dark/devices/16/media-optical-recordable-symbolic.svg
media-optical-recordable.svg	/usr/share/icons/breeze-dark/devices/16/media-optical-recordable.svg
media-optical-video-symbolic.svg	/usr/share/icons/breeze-dark/devices/16/media-optical-video-symbolic.svg
media-optical-video.svg	/usr/share/icons/breeze-dark/devices/16/media-optical-video.svg
media-write-cd-symbolic.svg	/usr/share/icons/breeze-dark/devices/16/media-write-cd-symbolic.svg
media-write-cd.svg	/usr/share/icons/breeze-dark/devices/16/media-write-cd.svg
media-write-dvd-symbolic.svg	/usr/share/icons/breeze-dark/devices/16/media-write-dvd-symbolic.svg
media-write-dvd.svg	/usr/share/icons/breeze-dark/devices/16/media-write-dvd.svg
monitor-symbolic.svg	/usr/share/icons/breeze-dark/devices/16/monitor-symbolic.svg
monitor.svg	/usr/share/icons/breeze-dark/devices/16/monitor.svg
multimedia-player-ipod-mini-blue-symbolic.svg	/usr/share/icons/breeze-dark/devices/16/multimedia-player-ipod-mini-blue-symbolic.svg
multimedia-player-ipod-mini-blue.svg	/usr/share/icons/breeze-dark/devices/16/multimedia-player-ipod-mini-blue.svg
multimedia-player.svg	/usr/share/icons/breeze-dark/devices/16/multimedia-player.svg
network-bluetooth-symbolic.svg	/usr/share/icons/breeze-dark/devices/16/network-bluetooth-symbolic.svg
network-bluetooth.svg	/usr/share/icons/breeze-dark/devices/16/network-bluetooth.svg
network-modem-symbolic.svg	/usr/share/icons/breeze-dark/devices/16/network-modem-symbolic.svg
network-modem.svg	/usr/share/icons/breeze-dark/devices/16/network-modem.svg
network-rj11-female-symbolic.svg	/usr/share/icons/breeze-dark/devices/16/network-rj11-female-symbolic.svg
network-rj11-female.svg	/usr/share/icons/breeze-dark/devices/16/network-rj11-female.svg
network-rj45-female-symbolic.svg	/usr/share/icons/breeze-dark/devices/16/network-rj45-female-symbolic.svg
network-rj45-female.svg	/usr/share/icons/breeze-dark/devices/16/network-rj45-female.svg
network-vpn.svg	/usr/share/icons/breeze-dark/devices/16/network-vpn.svg
network-wired-activated-symbolic.svg	/usr/share/icons/breeze-dark/devices/16/network-wired-activated-symbolic.svg
network-wired-activated.svg	/usr/share/icons/breeze-dark/devices/16/network-wired-activated.svg
network-wired-unavailable-symbolic.svg	/usr/share/icons/breeze-dark/devices/16/network-wired-unavailable-symbolic.svg
network-wired-unavailable.svg	/usr/share/icons/breeze-dark/devices/16/network-wired-unavailable.svg
network-wired.svg	/usr/share/icons/breeze-dark/devices/16/network-wired.svg
network-wireless-bluetooth-symbolic.svg	/usr/share/icons/breeze-dark/devices/16/network-wireless-bluetooth-symbolic.svg
network-wireless-bluetooth.svg	/usr/share/icons/breeze-dark/devices/16/network-wireless-bluetooth.svg
network-wireless-connected-00-symbolic.svg	/usr/share/icons/breeze-dark/devices/16/network-wireless-connected-00-symbolic.svg
network-wireless-connected-00.svg	/usr/share/icons/breeze-dark/devices/16/network-wireless-connected-00.svg
network-wireless-connected-100-symbolic.svg	/usr/share/icons/breeze-dark/devices/16/network-wireless-connected-100-symbolic.svg
network-wireless-connected-100.svg	/usr/share/icons/breeze-dark/devices/16/network-wireless-connected-100.svg
network-wireless-connected-25-symbolic.svg	/usr/share/icons/breeze-dark/devices/16/network-wireless-connected-25-symbolic.svg
network-wireless-connected-25.svg	/usr/share/icons/breeze-dark/devices/16/network-wireless-connected-25.svg
network-wireless-connected-50-symbolic.svg	/usr/share/icons/breeze-dark/devices/16/network-wireless-connected-50-symbolic.svg
network-wireless-connected-50.svg	/usr/share/icons/breeze-dark/devices/16/network-wireless-connected-50.svg
network-wireless-connected-75-symbolic.svg	/usr/share/icons/breeze-dark/devices/16/network-wireless-connected-75-symbolic.svg
network-wireless-connected-75.svg	/usr/share/icons/breeze-dark/devices/16/network-wireless-connected-75.svg
network-wireless-disconnected-symbolic.svg	/usr/share/icons/breeze-dark/devices/16/network-wireless-disconnected-symbolic.svg
network-wireless-disconnected.svg	/usr/share/icons/breeze-dark/devices/16/network-wireless-disconnected.svg
network-wireless-hotspot.svg	/usr/share/icons/breeze-dark/devices/16/network-wireless-hotspot.svg
network-wireless.svg	/usr/share/icons/breeze-dark/devices/16/network-wireless.svg
phone-battery-symbolic.svg	/usr/share/icons/breeze-dark/devices/16/phone-battery-symbolic.svg
phone-battery.svg	/usr/share/icons/breeze-dark/devices/16/phone-battery.svg
radio.svg	/usr/share/icons/breeze-dark/devices/16/radio.svg
smartphone-symbolic.svg	/usr/share/icons/breeze-dark/devices/16/smartphone-symbolic.svg
smartphone.svg	/usr/share/icons/breeze-dark/devices/16/smartphone.svg
tablet.svg	/usr/share/icons/breeze-dark/devices/16/tablet.svg
uav-quadcopter-symbolic.svg	/usr/share/icons/breeze-dark/devices/16/uav-quadcopter-symbolic.svg
uav-quadcopter.svg	/usr/share/icons/breeze-dark/devices/16/uav-quadcopter.svg
uav-symbolic.svg	/usr/share/icons/breeze-dark/devices/16/uav-symbolic.svg
uav.svg	/usr/share/icons/breeze-dark/devices/16/uav.svg
audio-card.svg	/usr/share/icons/breeze-dark/devices/22/audio-card.svg
video-display-brightness.svg	/usr/share/icons/breeze-dark/devices/22/video-display-brightness.svg
video-television-symbolic.svg	/usr/share/icons/breeze-dark/devices/22/video-television-symbolic.svg
video-television.svg	/usr/share/icons/breeze-dark/devices/22/video-television.svg
drive-symbolic.svg	/usr/share/icons/breeze-dark/devices/32/drive-symbolic.svg
input-mouse-battery-symbolic.svg	/usr/share/icons/breeze-dark/devices/32/input-mouse-battery-symbolic.svg
video-display-brightness-symbolic.svg	/usr/share/icons/breeze-dark/devices/32/video-display-brightness-symbolic.svg
audio-speakers.svg	/usr/share/icons/breeze-dark/devices/64/audio-speakers.svg
battery.svg	/usr/share/icons/breeze-dark/devices/64/battery.svg
cpu.svg	/usr/share/icons/breeze-dark/devices/64/cpu.svg
input-touchscreen.svg	/usr/share/icons/breeze-dark/devices/64/input-touchscreen.svg
media-flash-smart-media.svg	/usr/share/icons/breeze-dark/devices/64/media-flash-smart-media.svg
media-optical-blu-ray.svg	/usr/share/icons/breeze-dark/devices/64/media-optical-blu-ray.svg
media-optical-dvd.svg	/usr/share/icons/breeze-dark/devices/64/media-optical-dvd.svg
memory.svg	/usr/share/icons/breeze-dark/devices/64/memory.svg
network-card.svg	/usr/share/icons/breeze-dark/devices/64/network-card.svg
phone-apple-iphone.svg	/usr/share/icons/breeze-dark/devices/64/phone-apple-iphone.svg
printer-laser.svg	/usr/share/icons/breeze-dark/devices/64/printer-laser.svg
emblem-added.svg	/usr/share/icons/breeze-dark/emblems/16/emblem-added.svg
emblem-checked.svg	/usr/share/icons/breeze-dark/emblems/16/emblem-checked.svg
emblem-default-symbolic.svg	/usr/share/icons/breeze-dark/emblems/16/emblem-default-symbolic.svg
emblem-documents-symbolic.svg	/usr/share/icons/breeze-dark/emblems/16/emblem-documents-symbolic.svg
emblem-encrypted-locked.svg	/usr/share/icons/breeze-dark/emblems/16/emblem-encrypted-locked.svg
emblem-encrypted-unlocked.svg	/usr/share/icons/breeze-dark/emblems/16/emblem-encrypted-unlocked.svg
emblem-error.svg	/usr/share/icons/breeze-dark/emblems/16/emblem-error.svg
emblem-favorite-symbolic.svg	/usr/share/icons/breeze-dark/emblems/16/emblem-favorite-symbolic.svg
emblem-favorite.svg	/usr/share/icons/breeze-dark/emblems/16/emblem-favorite.svg
emblem-important.svg	/usr/share/icons/breeze-dark/emblems/16/emblem-important.svg
emblem-information.svg	/usr/share/icons/breeze-dark/emblems/16/emblem-information.svg
emblem-locked.svg	/usr/share/icons/breeze-dark/emblems/16/emblem-locked.svg
emblem-mounted.svg	/usr/share/icons/breeze-dark/emblems/16/emblem-mounted.svg
emblem-music-symbolic.svg	/usr/share/icons/breeze-dark/emblems/16/emblem-music-symbolic.svg
emblem-ok-symbolic.svg	/usr/share/icons/breeze-dark/emblems/16/emblem-ok-symbolic.svg
emblem-pause.svg	/usr/share/icons/breeze-dark/emblems/16/emblem-pause.svg
emblem-photos-symbolic.svg	/usr/share/icons/breeze-dark/emblems/16/emblem-photos-symbolic.svg
emblem-question.svg	/usr/share/icons/breeze-dark/emblems/16/emblem-question.svg
emblem-readonly.svg	/usr/share/icons/breeze-dark/emblems/16/emblem-readonly.svg
emblem-remove.svg	/usr/share/icons/breeze-dark/emblems/16/emblem-remove.svg
emblem-shared-symbolic.svg	/usr/share/icons/breeze-dark/emblems/16/emblem-shared-symbolic.svg
emblem-shared.svg	/usr/share/icons/breeze-dark/emblems/16/emblem-shared.svg
emblem-success.svg	/usr/share/icons/breeze-dark/emblems/16/emblem-success.svg
emblem-symbolic-link.svg	/usr/share/icons/breeze-dark/emblems/16/emblem-symbolic-link.svg
emblem-synchronizing-symbolic.svg	/usr/share/icons/breeze-dark/emblems/16/emblem-synchronizing-symbolic.svg
emblem-unavailable.svg	/usr/share/icons/breeze-dark/emblems/16/emblem-unavailable.svg
emblem-unlocked.svg	/usr/share/icons/breeze-dark/emblems/16/emblem-unlocked.svg
emblem-unmounted.svg	/usr/share/icons/breeze-dark/emblems/16/emblem-unmounted.svg
emblem-videos-symbolic.svg	/usr/share/icons/breeze-dark/emblems/16/emblem-videos-symbolic.svg
emblem-warning.svg	/usr/share/icons/breeze-dark/emblems/16/emblem-warning.svg
installed.svg	/usr/share/icons/breeze-dark/emblems/16/installed.svg
newer.svg	/usr/share/icons/breeze-dark/emblems/16/newer.svg
noninstalled.svg	/usr/share/icons/breeze-dark/emblems/16/noninstalled.svg
outdated.svg	/usr/share/icons/breeze-dark/emblems/16/outdated.svg
package-available-locked.svg	/usr/share/icons/breeze-dark/emblems/16/package-available-locked.svg
package-available.svg	/usr/share/icons/breeze-dark/emblems/16/package-available.svg
package-broken.svg	/usr/share/icons/breeze-dark/emblems/16/package-broken.svg
package-downgrade.svg	/usr/share/icons/breeze-dark/emblems/16/package-downgrade.svg
package-install-auto.svg	/usr/share/icons/breeze-dark/emblems/16/package-install-auto.svg
package-install.svg	/usr/share/icons/breeze-dark/emblems/16/package-install.svg
package-installed-locked.svg	/usr/share/icons/breeze-dark/emblems/16/package-installed-locked.svg
package-installed-outdated.svg	/usr/share/icons/breeze-dark/emblems/16/package-installed-outdated.svg
package-installed-updated.svg	/usr/share/icons/breeze-dark/emblems/16/package-installed-updated.svg
package-new.svg	/usr/share/icons/breeze-dark/emblems/16/package-new.svg
package-purge.svg	/usr/share/icons/breeze-dark/emblems/16/package-purge.svg
package-reinstall.svg	/usr/share/icons/breeze-dark/emblems/16/package-reinstall.svg
package-remove-auto.svg	/usr/share/icons/breeze-dark/emblems/16/package-remove-auto.svg
package-remove.svg	/usr/share/icons/breeze-dark/emblems/16/package-remove.svg
package-upgrade-auto.svg	/usr/share/icons/breeze-dark/emblems/16/package-upgrade-auto.svg
package-upgrade.svg	/usr/share/icons/breeze-dark/emblems/16/package-upgrade.svg
rating-half-rtl.svg	/usr/share/icons/breeze-dark/emblems/16/rating-half-rtl.svg
rating-half.svg	/usr/share/icons/breeze-dark/emblems/16/rating-half.svg
rating-unrated.svg	/usr/share/icons/breeze-dark/emblems/16/rating-unrated.svg
rating.svg	/usr/share/icons/breeze-dark/emblems/16/rating.svg
unrequired.svg	/usr/share/icons/breeze-dark/emblems/16/unrequired.svg
vcs-added.svg	/usr/share/icons/breeze-dark/emblems/16/vcs-added.svg
vcs-conflicting.svg	/usr/share/icons/breeze-dark/emblems/16/vcs-conflicting.svg
vcs-locally-modified-unstaged.svg	/usr/share/icons/breeze-dark/emblems/16/vcs-locally-modified-unstaged.svg
vcs-locally-modified.svg	/usr/share/icons/breeze-dark/emblems/16/vcs-locally-modified.svg
vcs-normal.svg	/usr/share/icons/breeze-dark/emblems/16/vcs-normal.svg
vcs-removed.svg	/usr/share/icons/breeze-dark/emblems/16/vcs-removed.svg
vcs-update-required.svg	/usr/share/icons/breeze-dark/emblems/16/vcs-update-required.svg
drink-beer.svg	/usr/share/icons/breeze-dark/emotes/22/drink-beer.svg
drink-martini.svg	/usr/share/icons/breeze-dark/emotes/22/drink-martini.svg
face-angel.svg	/usr/share/icons/breeze-dark/emotes/22/face-angel.svg
face-angry.svg	/usr/share/icons/breeze-dark/emotes/22/face-angry.svg
face-clown.svg	/usr/share/icons/breeze-dark/emotes/22/face-clown.svg
face-confused.svg	/usr/share/icons/breeze-dark/emotes/22/face-confused.svg
face-cool.svg	/usr/share/icons/breeze-dark/emotes/22/face-cool.svg
face-crying.svg	/usr/share/icons/breeze-dark/emotes/22/face-crying.svg
face-devilish.svg	/usr/share/icons/breeze-dark/emotes/22/face-devilish.svg
face-embarrassed.svg	/usr/share/icons/breeze-dark/emotes/22/face-embarrassed.svg
face-glasses.svg	/usr/share/icons/breeze-dark/emotes/22/face-glasses.svg
face-hug-left.svg	/usr/share/icons/breeze-dark/emotes/22/face-hug-left.svg
face-hug-right.svg	/usr/share/icons/breeze-dark/emotes/22/face-hug-right.svg
face-in-love.svg	/usr/share/icons/breeze-dark/emotes/22/face-in-love.svg
face-kiss.svg	/usr/share/icons/breeze-dark/emotes/22/face-kiss.svg
face-laughing.svg	/usr/share/icons/breeze-dark/emotes/22/face-laughing.svg
face-ninja.svg	/usr/share/icons/breeze-dark/emotes/22/face-ninja.svg
face-pirate.svg	/usr/share/icons/breeze-dark/emotes/22/face-pirate.svg
face-plain.svg	/usr/share/icons/breeze-dark/emotes/22/face-plain.svg
face-quiet.svg	/usr/share/icons/breeze-dark/emotes/22/face-quiet.svg
face-raspberry.svg	/usr/share/icons/breeze-dark/emotes/22/face-raspberry.svg
face-sad.svg	/usr/share/icons/breeze-dark/emotes/22/face-sad.svg
face-sick.svg	/usr/share/icons/breeze-dark/emotes/22/face-sick.svg
face-sleeping.svg	/usr/share/icons/breeze-dark/emotes/22/face-sleeping.svg
face-smile-big.svg	/usr/share/icons/breeze-dark/emotes/22/face-smile-big.svg
face-smile-grin.svg	/usr/share/icons/breeze-dark/emotes/22/face-smile-grin.svg
face-smile.svg	/usr/share/icons/breeze-dark/emotes/22/face-smile.svg
face-smirk.svg	/usr/share/icons/breeze-dark/emotes/22/face-smirk.svg
face-surprise.svg	/usr/share/icons/breeze-dark/emotes/22/face-surprise.svg
face-uncertain.svg	/usr/share/icons/breeze-dark/emotes/22/face-uncertain.svg
face-wink.svg	/usr/share/icons/breeze-dark/emotes/22/face-wink.svg
face-worried.svg	/usr/share/icons/breeze-dark/emotes/22/face-worried.svg
face-yawn.svg	/usr/share/icons/breeze-dark/emotes/22/face-yawn.svg
food-cake.svg	/usr/share/icons/breeze-dark/emotes/22/food-cake.svg
android-package-archive.svg	/usr/share/icons/breeze-dark/mimetypes/16/android-package-archive.svg
application-atom+xml.svg	/usr/share/icons/breeze-dark/mimetypes/16/application-atom+xml.svg
application-dicom.svg	/usr/share/icons/breeze-dark/mimetypes/16/application-dicom.svg
application-epub+zip.svg	/usr/share/icons/breeze-dark/mimetypes/16/application-epub+zip.svg
application-gzip.svg	/usr/share/icons/breeze-dark/mimetypes/16/application-gzip.svg
application-illustrator.svg	/usr/share/icons/breeze-dark/mimetypes/16/application-illustrator.svg
application-javascript.svg	/usr/share/icons/breeze-dark/mimetypes/16/application-javascript.svg
application-json.svg	/usr/share/icons/breeze-dark/mimetypes/16/application-json.svg
application-mac-binhex40.svg	/usr/share/icons/breeze-dark/mimetypes/16/application-mac-binhex40.svg
application-mathml+xml.svg	/usr/share/icons/breeze-dark/mimetypes/16/application-mathml+xml.svg
application-msonenote.svg	/usr/share/icons/breeze-dark/mimetypes/16/application-msonenote.svg
application-msoutlook.svg	/usr/share/icons/breeze-dark/mimetypes/16/application-msoutlook.svg
application-msword-template.svg	/usr/share/icons/breeze-dark/mimetypes/16/application-msword-template.svg
application-msword.svg	/usr/share/icons/breeze-dark/mimetypes/16/application-msword.svg
application-octet-stream.svg	/usr/share/icons/breeze-dark/mimetypes/16/application-octet-stream.svg
application-ogg.svg	/usr/share/icons/breeze-dark/mimetypes/16/application-ogg.svg
application-pdf.svg	/usr/share/icons/breeze-dark/mimetypes/16/application-pdf.svg
application-pgp-encrypted.svg	/usr/share/icons/breeze-dark/mimetypes/16/application-pgp-encrypted.svg
application-pgp-keys.svg	/usr/share/icons/breeze-dark/mimetypes/16/application-pgp-keys.svg
application-pgp-signature.svg	/usr/share/icons/breeze-dark/mimetypes/16/application-pgp-signature.svg
application-pgp.svg	/usr/share/icons/breeze-dark/mimetypes/16/application-pgp.svg
application-pkcs12.svg	/usr/share/icons/breeze-dark/mimetypes/16/application-pkcs12.svg
application-pkcs7-mime.svg	/usr/share/icons/breeze-dark/mimetypes/16/application-pkcs7-mime.svg
application-pkcs7-signature.svg	/usr/share/icons/breeze-dark/mimetypes/16/application-pkcs7-signature.svg
application-pkix-cerl.svg	/usr/share/icons/breeze-dark/mimetypes/16/application-pkix-cerl.svg
application-pkix-cert.svg	/usr/share/icons/breeze-dark/mimetypes/16/application-pkix-cert.svg
application-postscript.svg	/usr/share/icons/breeze-dark/mimetypes/16/application-postscript.svg
application-relaxng.svg	/usr/share/icons/breeze-dark/mimetypes/16/application-relaxng.svg
application-rss+xml.svg	/usr/share/icons/breeze-dark/mimetypes/16/application-rss+xml.svg
application-rtf.svg	/usr/share/icons/breeze-dark/mimetypes/16/application-rtf.svg
application-sql.svg	/usr/share/icons/breeze-dark/mimetypes/16/application-sql.svg
application-sxw.svg	/usr/share/icons/breeze-dark/mimetypes/16/application-sxw.svg
application-toml.svg	/usr/share/icons/breeze-dark/mimetypes/16/application-toml.svg
application-vnd.android.package-archive.svg	/usr/share/icons/breeze-dark/mimetypes/16/application-vnd.android.package-archive.svg
application-vnd.appimage.svg	/usr/share/icons/breeze-dark/mimetypes/16/application-vnd.appimage.svg
application-vnd.apple.pkpass.svg	/usr/share/icons/breeze-dark/mimetypes/16/application-vnd.apple.pkpass.svg
application-vnd.apple.pkpasses.svg	/usr/share/icons/breeze-dark/mimetypes/16/application-vnd.apple.pkpasses.svg
application-vnd.debian.binary-package.svg	/usr/share/icons/breeze-dark/mimetypes/16/application-vnd.debian.binary-package.svg
application-vnd.efi.iso.svg	/usr/share/icons/breeze-dark/mimetypes/16/application-vnd.efi.iso.svg
application-vnd.flatpak.ref.svg	/usr/share/icons/breeze-dark/mimetypes/16/application-vnd.flatpak.ref.svg
application-vnd.google-earth.kml+xml.svg	/usr/share/icons/breeze-dark/mimetypes/16/application-vnd.google-earth.kml+xml.svg
application-vnd.iccprofile.svg	/usr/share/icons/breeze-dark/mimetypes/16/application-vnd.iccprofile.svg
application-vnd.kde.kleopatra.keygroup.svg	/usr/share/icons/breeze-dark/mimetypes/16/application-vnd.kde.kleopatra.keygroup.svg
application-vnd.ms-access.svg	/usr/share/icons/breeze-dark/mimetypes/16/application-vnd.ms-access.svg
application-vnd.ms-excel.addin.macroenabled.12.svg	/usr/share/icons/breeze-dark/mimetypes/16/application-vnd.ms-excel.addin.macroenabled.12.svg
application-vnd.ms-excel.sheet.binary.macroenabled.12.svg	/usr/share/icons/breeze-dark/mimetypes/16/application-vnd.ms-excel.sheet.binary.macroenabled.12.svg
application-vnd.ms-excel.sheet.macroenabled.12.svg	/usr/share/icons/breeze-dark/mimetypes/16/application-vnd.ms-excel.sheet.macroenabled.12.svg
application-vnd.ms-excel.svg	/usr/share/icons/breeze-dark/mimetypes/16/application-vnd.ms-excel.svg
application-vnd.ms-excel.template.macroenabled.12.svg	/usr/share/icons/breeze-dark/mimetypes/16/application-vnd.ms-excel.template.macroenabled.12.svg
application-vnd.ms-infopath.svg	/usr/share/icons/breeze-dark/mimetypes/16/application-vnd.ms-infopath.svg
application-vnd.ms-powerpoint.addin.macroenabled.12.svg	/usr/share/icons/breeze-dark/mimetypes/16/application-vnd.ms-powerpoint.addin.macroenabled.12.svg
application-vnd.ms-powerpoint.presentation.macroenabled.12.svg	/usr/share/icons/breeze-dark/mimetypes/16/application-vnd.ms-powerpoint.presentation.macroenabled.12.svg
application-vnd.ms-powerpoint.slide.macroenabled.12.svg	/usr/share/icons/breeze-dark/mimetypes/16/application-vnd.ms-powerpoint.slide.macroenabled.12.svg
application-vnd.ms-powerpoint.slideshow.macroenabled.12.svg	/usr/share/icons/breeze-dark/mimetypes/16/application-vnd.ms-powerpoint.slideshow.macroenabled.12.svg
application-vnd.ms-powerpoint.svg	/usr/share/icons/breeze-dark/mimetypes/16/application-vnd.ms-powerpoint.svg
application-vnd.ms-powerpoint.template.macroenabled.12.svg	/usr/share/icons/breeze-dark/mimetypes/16/application-vnd.ms-powerpoint.template.macroenabled.12.svg
application-vnd.ms-publisher.svg	/usr/share/icons/breeze-dark/mimetypes/16/application-vnd.ms-publisher.svg
application-vnd.ms-word.document.macroenabled.12.svg	/usr/share/icons/breeze-dark/mimetypes/16/application-vnd.ms-word.document.macroenabled.12.svg
application-vnd.ms-word.svg	/usr/share/icons/breeze-dark/mimetypes/16/application-vnd.ms-word.svg
application-vnd.ms-word.template.macroenabled.12.svg	/usr/share/icons/breeze-dark/mimetypes/16/application-vnd.ms-word.template.macroenabled.12.svg
application-vnd.nintendo.snes.rom.svg	/usr/share/icons/breeze-dark/mimetypes/16/application-vnd.nintendo.snes.rom.svg
application-vnd.nokia.xml.qt.resource.svg	/usr/share/icons/breeze-dark/mimetypes/16/application-vnd.nokia.xml.qt.resource.svg
application-vnd.oasis.opendocument.chart.svg	/usr/share/icons/breeze-dark/mimetypes/16/application-vnd.oasis.opendocument.chart.svg
application-vnd.oasis.opendocument.database.svg	/usr/share/icons/breeze-dark/mimetypes/16/application-vnd.oasis.opendocument.database.svg
application-vnd.oasis.opendocument.draw.template.svg	/usr/share/icons/breeze-dark/mimetypes/16/application-vnd.oasis.opendocument.draw.template.svg
application-vnd.oasis.opendocument.drawing.svg	/usr/share/icons/breeze-dark/mimetypes/16/application-vnd.oasis.opendocument.drawing.svg
application-vnd.oasis.opendocument.drawing.template.svg	/usr/share/icons/breeze-dark/mimetypes/16/application-vnd.oasis.opendocument.drawing.template.svg
application-vnd.oasis.opendocument.formula-template.svg	/usr/share/icons/breeze-dark/mimetypes/16/application-vnd.oasis.opendocument.formula-template.svg
application-vnd.oasis.opendocument.formula.svg	/usr/share/icons/breeze-dark/mimetypes/16/application-vnd.oasis.opendocument.formula.svg
application-vnd.oasis.opendocument.graphics.svg	/usr/share/icons/breeze-dark/mimetypes/16/application-vnd.oasis.opendocument.graphics.svg
application-vnd.oasis.opendocument.image.svg	/usr/share/icons/breeze-dark/mimetypes/16/application-vnd.oasis.opendocument.image.svg
application-vnd.oasis.opendocument.presentation-template.svg	/usr/share/icons/breeze-dark/mimetypes/16/application-vnd.oasis.opendocument.presentation-template.svg
application-vnd.oasis.opendocument.presentation.svg	/usr/share/icons/breeze-dark/mimetypes/16/application-vnd.oasis.opendocument.presentation.svg
application-vnd.oasis.opendocument.spreadsheet-template.svg	/usr/share/icons/breeze-dark/mimetypes/16/application-vnd.oasis.opendocument.spreadsheet-template.svg
application-vnd.oasis.opendocument.spreadsheet.svg	/usr/share/icons/breeze-dark/mimetypes/16/application-vnd.oasis.opendocument.spreadsheet.svg
application-vnd.oasis.opendocument.text-master.svg	/usr/share/icons/breeze-dark/mimetypes/16/application-vnd.oasis.opendocument.text-master.svg
application-vnd.oasis.opendocument.text-template.svg	/usr/share/icons/breeze-dark/mimetypes/16/application-vnd.oasis.opendocument.text-template.svg
application-vnd.oasis.opendocument.text.svg	/usr/share/icons/breeze-dark/mimetypes/16/application-vnd.oasis.opendocument.text.svg
application-vnd.oasis.opendocument.web-template.svg	/usr/share/icons/breeze-dark/mimetypes/16/application-vnd.oasis.opendocument.web-template.svg
application-vnd.openofficeorg.extension.svg	/usr/share/icons/breeze-dark/mimetypes/16/application-vnd.openofficeorg.extension.svg
application-vnd.openxmlformats-officedocument.spreadsheetml.sheet.svg	/usr/share/icons/breeze-dark/mimetypes/16/application-vnd.openxmlformats-officedocument.spreadsheetml.sheet.svg
application-vnd.openxmlformats-officedocument.wordprocessingml.document.svg	/usr/share/icons/breeze-dark/mimetypes/16/application-vnd.openxmlformats-officedocument.wordprocessingml.document.svg
application-vnd.rar.svg	/usr/share/icons/breeze-dark/mimetypes/16/application-vnd.rar.svg
application-vnd.rn-realmedia.svg	/usr/share/icons/breeze-dark/mimetypes/16/application-vnd.rn-realmedia.svg
application-vnd.scribus.svg	/usr/share/icons/breeze-dark/mimetypes/16/application-vnd.scribus.svg
application-vnd.snap.svg	/usr/share/icons/breeze-dark/mimetypes/16/application-vnd.snap.svg
application-vnd.sqlite3.svg	/usr/share/icons/breeze-dark/mimetypes/16/application-vnd.sqlite3.svg
application-vnd.squashfs.svg	/usr/share/icons/breeze-dark/mimetypes/16/application-vnd.squashfs.svg
application-vnd.stardivision.calc.svg	/usr/share/icons/breeze-dark/mimetypes/16/application-vnd.stardivision.calc.svg
application-vnd.stardivision.draw.svg	/usr/share/icons/breeze-dark/mimetypes/16/application-vnd.stardivision.draw.svg
application-vnd.stardivision.mail.svg	/usr/share/icons/breeze-dark/mimetypes/16/application-vnd.stardivision.mail.svg
application-vnd.stardivision.math.svg	/usr/share/icons/breeze-dark/mimetypes/16/application-vnd.stardivision.math.svg
application-vnd.sun.xml.calc.svg	/usr/share/icons/breeze-dark/mimetypes/16/application-vnd.sun.xml.calc.svg
application-vnd.sun.xml.calc.template.svg	/usr/share/icons/breeze-dark/mimetypes/16/application-vnd.sun.xml.calc.template.svg
application-vnd.sun.xml.draw.svg	/usr/share/icons/breeze-dark/mimetypes/16/application-vnd.sun.xml.draw.svg
application-vnd.sun.xml.draw.template.svg	/usr/share/icons/breeze-dark/mimetypes/16/application-vnd.sun.xml.draw.template.svg
application-vnd.sun.xml.impress.svg	/usr/share/icons/breeze-dark/mimetypes/16/application-vnd.sun.xml.impress.svg
application-vnd.sun.xml.impress.template.svg	/usr/share/icons/breeze-dark/mimetypes/16/application-vnd.sun.xml.impress.template.svg
application-vnd.sun.xml.math.svg	/usr/share/icons/breeze-dark/mimetypes/16/application-vnd.sun.xml.math.svg
application-vnd.sun.xml.writer.global.svg	/usr/share/icons/breeze-dark/mimetypes/16/application-vnd.sun.xml.writer.global.svg
application-vnd.sun.xml.writer.svg	/usr/share/icons/breeze-dark/mimetypes/16/application-vnd.sun.xml.writer.svg
application-vnd.sun.xml.writer.template.svg	/usr/share/icons/breeze-dark/mimetypes/16/application-vnd.sun.xml.writer.template.svg
application-vnd.visio.svg	/usr/share/icons/breeze-dark/mimetypes/16/application-vnd.visio.svg
application-vnd.wordperfect.svg	/usr/share/icons/breeze-dark/mimetypes/16/application-vnd.wordperfect.svg
application-wps-office.doc.svg	/usr/share/icons/breeze-dark/mimetypes/16/application-wps-office.doc.svg
application-wps-office.docx.svg	/usr/share/icons/breeze-dark/mimetypes/16/application-wps-office.docx.svg
application-wps-office.dot.svg	/usr/share/icons/breeze-dark/mimetypes/16/application-wps-office.dot.svg
application-wps-office.dotx.svg	/usr/share/icons/breeze-dark/mimetypes/16/application-wps-office.dotx.svg
application-wps-office.pot.svg	/usr/share/icons/breeze-dark/mimetypes/16/application-wps-office.pot.svg
application-wps-office.potx.svg	/usr/share/icons/breeze-dark/mimetypes/16/application-wps-office.potx.svg
application-wps-office.ppt.svg	/usr/share/icons/breeze-dark/mimetypes/16/application-wps-office.ppt.svg
application-wps-office.pptx.svg	/usr/share/icons/breeze-dark/mimetypes/16/application-wps-office.pptx.svg
application-wps-office.xls.svg	/usr/share/icons/breeze-dark/mimetypes/16/application-wps-office.xls.svg
application-wps-office.xlsx.svg	/usr/share/icons/breeze-dark/mimetypes/16/application-wps-office.xlsx.svg
application-wps-office.xlt.svg	/usr/share/icons/breeze-dark/mimetypes/16/application-wps-office.xlt.svg
application-wps-office.xltx.svg	/usr/share/icons/breeze-dark/mimetypes/16/application-wps-office.xltx.svg
application-x-7z-compressed.svg	/usr/share/icons/breeze-dark/mimetypes/16/application-x-7z-compressed.svg
application-x-abiword.svg	/usr/share/icons/breeze-dark/mimetypes/16/application-x-abiword.svg
application-x-ace.svg	/usr/share/icons/breeze-dark/mimetypes/16/application-x-ace.svg
application-x-apple-diskimage.svg	/usr/share/icons/breeze-dark/mimetypes/16/application-x-apple-diskimage.svg
application-x-applix-spreadsheet.svg	/usr/share/icons/breeze-dark/mimetypes/16/application-x-applix-spreadsheet.svg
application-x-applix-word.svg	/usr/share/icons/breeze-dark/mimetypes/16/application-x-applix-word.svg
application-x-ar.svg	/usr/share/icons/breeze-dark/mimetypes/16/application-x-ar.svg
application-x-arc.svg	/usr/share/icons/breeze-dark/mimetypes/16/application-x-arc.svg
application-x-archive.svg	/usr/share/icons/breeze-dark/mimetypes/16/application-x-archive.svg
application-x-arj.svg	/usr/share/icons/breeze-dark/mimetypes/16/application-x-arj.svg
application-x-audacity-project.svg	/usr/share/icons/breeze-dark/mimetypes/16/application-x-audacity-project.svg
application-x-awk.svg	/usr/share/icons/breeze-dark/mimetypes/16/application-x-awk.svg
application-x-bittorrent.svg	/usr/share/icons/breeze-dark/mimetypes/16/application-x-bittorrent.svg
application-x-blender.svg	/usr/share/icons/breeze-dark/mimetypes/16/application-x-blender.svg
application-x-bzdvi.svg	/usr/share/icons/breeze-dark/mimetypes/16/application-x-bzdvi.svg
application-x-bzip-compressed-tar.svg	/usr/share/icons/breeze-dark/mimetypes/16/application-x-bzip-compressed-tar.svg
application-x-bzip.svg	/usr/share/icons/breeze-dark/mimetypes/16/application-x-bzip.svg
application-x-cd-image.svg	/usr/share/icons/breeze-dark/mimetypes/16/application-x-cd-image.svg
application-x-cda.svg	/usr/share/icons/breeze-dark/mimetypes/16/application-x-cda.svg
application-x-chm.svg	/usr/share/icons/breeze-dark/mimetypes/16/application-x-chm.svg
application-x-cisco-vpn-settings.svg	/usr/share/icons/breeze-dark/mimetypes/16/application-x-cisco-vpn-settings.svg
application-x-compress.svg	/usr/share/icons/breeze-dark/mimetypes/16/application-x-compress.svg
application-x-compressed-iso.svg	/usr/share/icons/breeze-dark/mimetypes/16/application-x-compressed-iso.svg
application-x-compressed-tar.svg	/usr/share/icons/breeze-dark/mimetypes/16/application-x-compressed-tar.svg
application-x-core.svg	/usr/share/icons/breeze-dark/mimetypes/16/application-x-core.svg
application-x-cpio.svg	/usr/share/icons/breeze-dark/mimetypes/16/application-x-cpio.svg
application-x-cue.svg	/usr/share/icons/breeze-dark/mimetypes/16/application-x-cue.svg
application-x-deb.svg	/usr/share/icons/breeze-dark/mimetypes/16/application-x-deb.svg
application-x-designer.svg	/usr/share/icons/breeze-dark/mimetypes/16/application-x-designer.svg
application-x-desktop.svg	/usr/share/icons/breeze-dark/mimetypes/16/application-x-desktop.svg
application-x-egon.svg	/usr/share/icons/breeze-dark/mimetypes/16/application-x-egon.svg
application-x-executable-script.svg	/usr/share/icons/breeze-dark/mimetypes/16/application-x-executable-script.svg
application-x-fictionbook+xml.svg	/usr/share/icons/breeze-dark/mimetypes/16/application-x-fictionbook+xml.svg
application-x-flash-video.svg	/usr/share/icons/breeze-dark/mimetypes/16/application-x-flash-video.svg
application-x-font-afm.svg	/usr/share/icons/breeze-dark/mimetypes/16/application-x-font-afm.svg
application-x-font-bdf.svg	/usr/share/icons/breeze-dark/mimetypes/16/application-x-font-bdf.svg
application-x-font-otf.svg	/usr/share/icons/breeze-dark/mimetypes/16/application-x-font-otf.svg
application-x-font-pcf.svg	/usr/share/icons/breeze-dark/mimetypes/16/application-x-font-pcf.svg
application-x-font-snf.svg	/usr/share/icons/breeze-dark/mimetypes/16/application-x-font-snf.svg
application-x-font-ttf.svg	/usr/share/icons/breeze-dark/mimetypes/16/application-x-font-ttf.svg
application-x-font-ttx.svg	/usr/share/icons/breeze-dark/mimetypes/16/application-x-font-ttx.svg
application-x-font-type1.svg	/usr/share/icons/breeze-dark/mimetypes/16/application-x-font-type1.svg
application-x-gameboy-rom.svg	/usr/share/icons/breeze-dark/mimetypes/16/application-x-gameboy-rom.svg
application-x-gamecube-rom.svg	/usr/share/icons/breeze-dark/mimetypes/16/application-x-gamecube-rom.svg
application-x-gba-rom.svg	/usr/share/icons/breeze-dark/mimetypes/16/application-x-gba-rom.svg
application-x-gdscript.svg	/usr/share/icons/breeze-dark/mimetypes/16/application-x-gdscript.svg
application-x-gettext-translation.svg	/usr/share/icons/breeze-dark/mimetypes/16/application-x-gettext-translation.svg
application-x-gnumeric.svg	/usr/share/icons/breeze-dark/mimetypes/16/application-x-gnumeric.svg
application-x-godot-project.svg	/usr/share/icons/breeze-dark/mimetypes/16/application-x-godot-project.svg
application-x-godot-resource.svg	/usr/share/icons/breeze-dark/mimetypes/16/application-x-godot-resource.svg
application-x-godot-scene.svg	/usr/share/icons/breeze-dark/mimetypes/16/application-x-godot-scene.svg
application-x-godot-shader.svg	/usr/share/icons/breeze-dark/mimetypes/16/application-x-godot-shader.svg
application-x-gzdvi.svg	/usr/share/icons/breeze-dark/mimetypes/16/application-x-gzdvi.svg
application-x-gzip.svg	/usr/share/icons/breeze-dark/mimetypes/16/application-x-gzip.svg
application-x-gzpostscript.svg	/usr/share/icons/breeze-dark/mimetypes/16/application-x-gzpostscript.svg
application-x-iso.svg	/usr/share/icons/breeze-dark/mimetypes/16/application-x-iso.svg
application-x-iso9660-appimage.svg	/usr/share/icons/breeze-dark/mimetypes/16/application-x-iso9660-appimage.svg
application-x-it87.svg	/usr/share/icons/breeze-dark/mimetypes/16/application-x-it87.svg
application-x-jar.svg	/usr/share/icons/breeze-dark/mimetypes/16/application-x-jar.svg
application-x-java-applet.svg	/usr/share/icons/breeze-dark/mimetypes/16/application-x-java-applet.svg
application-x-java-archive.svg	/usr/share/icons/breeze-dark/mimetypes/16/application-x-java-archive.svg
application-x-java.svg	/usr/share/icons/breeze-dark/mimetypes/16/application-x-java.svg
application-x-javascript.svg	/usr/share/icons/breeze-dark/mimetypes/16/application-x-javascript.svg
application-x-k3b.svg	/usr/share/icons/breeze-dark/mimetypes/16/application-x-k3b.svg
application-x-kcsrc.svg	/usr/share/icons/breeze-dark/mimetypes/16/application-x-kcsrc.svg
application-x-kdenlive.svg	/usr/share/icons/breeze-dark/mimetypes/16/application-x-kdenlive.svg
application-x-kdenlivetitle.svg	/usr/share/icons/breeze-dark/mimetypes/16/application-x-kdenlivetitle.svg
application-x-kexi-connectiondata.svg	/usr/share/icons/breeze-dark/mimetypes/16/application-x-kexi-connectiondata.svg
application-x-kexiproject-shortcut.svg	/usr/share/icons/breeze-dark/mimetypes/16/application-x-kexiproject-shortcut.svg
application-x-kexiproject-sqlite.svg	/usr/share/icons/breeze-dark/mimetypes/16/application-x-kexiproject-sqlite.svg
application-x-kexiproject-sqlite2.svg	/usr/share/icons/breeze-dark/mimetypes/16/application-x-kexiproject-sqlite2.svg
application-x-kexiproject-sqlite3.svg	/usr/share/icons/breeze-dark/mimetypes/16/application-x-kexiproject-sqlite3.svg
application-x-kformula.svg	/usr/share/icons/breeze-dark/mimetypes/16/application-x-kformula.svg
application-x-kgetlist.svg	/usr/share/icons/breeze-dark/mimetypes/16/application-x-kgetlist.svg
application-x-kmymoney.svg	/usr/share/icons/breeze-dark/mimetypes/16/application-x-kmymoney.svg
application-x-kontour.svg	/usr/share/icons/breeze-dark/mimetypes/16/application-x-kontour.svg
application-x-kplato.svg	/usr/share/icons/breeze-dark/mimetypes/16/application-x-kplato.svg
application-x-krita.svg	/usr/share/icons/breeze-dark/mimetypes/16/application-x-krita.svg
application-x-kvtml.svg	/usr/share/icons/breeze-dark/mimetypes/16/application-x-kvtml.svg
application-x-kword.svg	/usr/share/icons/breeze-dark/mimetypes/16/application-x-kword.svg
application-x-lha.svg	/usr/share/icons/breeze-dark/mimetypes/16/application-x-lha.svg
application-x-lyx.svg	/usr/share/icons/breeze-dark/mimetypes/16/application-x-lyx.svg
application-x-lzma-compressed-tar.svg	/usr/share/icons/breeze-dark/mimetypes/16/application-x-lzma-compressed-tar.svg
application-x-lzop.svg	/usr/share/icons/breeze-dark/mimetypes/16/application-x-lzop.svg
application-x-m4.svg	/usr/share/icons/breeze-dark/mimetypes/16/application-x-m4.svg
application-x-macbinary.svg	/usr/share/icons/breeze-dark/mimetypes/16/application-x-macbinary.svg
application-x-marble.svg	/usr/share/icons/breeze-dark/mimetypes/16/application-x-marble.svg
application-x-mimearchive.svg	/usr/share/icons/breeze-dark/mimetypes/16/application-x-mimearchive.svg
application-x-mplayer2.svg	/usr/share/icons/breeze-dark/mimetypes/16/application-x-mplayer2.svg
application-x-ms-dos-executable.svg	/usr/share/icons/breeze-dark/mimetypes/16/application-x-ms-dos-executable.svg
application-x-ms-shortcut.svg	/usr/share/icons/breeze-dark/mimetypes/16/application-x-ms-shortcut.svg
application-x-ms-wim.svg	/usr/share/icons/breeze-dark/mimetypes/16/application-x-ms-wim.svg
application-x-msdownload.svg	/usr/share/icons/breeze-dark/mimetypes/16/application-x-msdownload.svg
application-x-mswinurl.svg	/usr/share/icons/breeze-dark/mimetypes/16/application-x-mswinurl.svg
application-x-mswrite.svg	/usr/share/icons/breeze-dark/mimetypes/16/application-x-mswrite.svg
application-x-n64-rom.svg	/usr/share/icons/breeze-dark/mimetypes/16/application-x-n64-rom.svg
application-x-nes-rom.svg	/usr/share/icons/breeze-dark/mimetypes/16/application-x-nes-rom.svg
application-x-nintendo-ds-rom.svg	/usr/share/icons/breeze-dark/mimetypes/16/application-x-nintendo-ds-rom.svg
application-x-nzb.svg	/usr/share/icons/breeze-dark/mimetypes/16/application-x-nzb.svg
application-x-object.svg	/usr/share/icons/breeze-dark/mimetypes/16/application-x-object.svg
application-x-openvpn-profile.svg	/usr/share/icons/breeze-dark/mimetypes/16/application-x-openvpn-profile.svg
application-x-pak.svg	/usr/share/icons/breeze-dark/mimetypes/16/application-x-pak.svg
application-x-partial-download.svg	/usr/share/icons/breeze-dark/mimetypes/16/application-x-partial-download.svg
application-x-pem-key.svg	/usr/share/icons/breeze-dark/mimetypes/16/application-x-pem-key.svg
application-x-perl.svg	/usr/share/icons/breeze-dark/mimetypes/16/application-x-perl.svg
application-x-php.svg	/usr/share/icons/breeze-dark/mimetypes/16/application-x-php.svg
application-x-pkcs12.svg	/usr/share/icons/breeze-dark/mimetypes/16/application-x-pkcs12.svg
application-x-pkcs7-certificates.svg	/usr/share/icons/breeze-dark/mimetypes/16/application-x-pkcs7-certificates.svg
application-x-plasma.svg	/usr/share/icons/breeze-dark/mimetypes/16/application-x-plasma.svg
application-x-python-bytecode.svg	/usr/share/icons/breeze-dark/mimetypes/16/application-x-python-bytecode.svg
application-x-qemu-disk.svg	/usr/share/icons/breeze-dark/mimetypes/16/application-x-qemu-disk.svg
application-x-qet-element.svg	/usr/share/icons/breeze-dark/mimetypes/16/application-x-qet-element.svg
application-x-qet-project.svg	/usr/share/icons/breeze-dark/mimetypes/16/application-x-qet-project.svg
application-x-quattropro.svg	/usr/share/icons/breeze-dark/mimetypes/16/application-x-quattropro.svg
application-x-rar.svg	/usr/share/icons/breeze-dark/mimetypes/16/application-x-rar.svg
application-x-raw-disk-image.svg	/usr/share/icons/breeze-dark/mimetypes/16/application-x-raw-disk-image.svg
application-x-rdata.svg	/usr/share/icons/breeze-dark/mimetypes/16/application-x-rdata.svg
application-x-root.svg	/usr/share/icons/breeze-dark/mimetypes/16/application-x-root.svg
application-x-rpm.svg	/usr/share/icons/breeze-dark/mimetypes/16/application-x-rpm.svg
application-x-ruby.svg	/usr/share/icons/breeze-dark/mimetypes/16/application-x-ruby.svg
application-x-sami.svg	/usr/share/icons/breeze-dark/mimetypes/16/application-x-sami.svg
application-x-shellscript.svg	/usr/share/icons/breeze-dark/mimetypes/16/application-x-shellscript.svg
application-x-shockwave-flash.svg	/usr/share/icons/breeze-dark/mimetypes/16/application-x-shockwave-flash.svg
application-x-siag.svg	/usr/share/icons/breeze-dark/mimetypes/16/application-x-siag.svg
application-x-sif.svg	/usr/share/icons/breeze-dark/mimetypes/16/application-x-sif.svg
application-x-skg.svg	/usr/share/icons/breeze-dark/mimetypes/16/application-x-skg.svg
application-x-skgc.svg	/usr/share/icons/breeze-dark/mimetypes/16/application-x-skgc.svg
application-x-smb-server.svg	/usr/share/icons/breeze-dark/mimetypes/16/application-x-smb-server.svg
application-x-smb-workgroup.svg	/usr/share/icons/breeze-dark/mimetypes/16/application-x-smb-workgroup.svg
application-x-source-rpm.svg	/usr/share/icons/breeze-dark/mimetypes/16/application-x-source-rpm.svg
application-x-sqlite2.svg	/usr/share/icons/breeze-dark/mimetypes/16/application-x-sqlite2.svg
application-x-sqlite3.svg	/usr/share/icons/breeze-dark/mimetypes/16/application-x-sqlite3.svg
application-x-srt.svg	/usr/share/icons/breeze-dark/mimetypes/16/application-x-srt.svg
application-x-srtrip.svg	/usr/share/icons/breeze-dark/mimetypes/16/application-x-srtrip.svg
application-x-subrip.svg	/usr/share/icons/breeze-dark/mimetypes/16/application-x-subrip.svg
application-x-tar.svg	/usr/share/icons/breeze-dark/mimetypes/16/application-x-tar.svg
application-x-tarz.svg	/usr/share/icons/breeze-dark/mimetypes/16/application-x-tarz.svg
application-x-tgif.svg	/usr/share/icons/breeze-dark/mimetypes/16/application-x-tgif.svg
application-x-theme.svg	/usr/share/icons/breeze-dark/mimetypes/16/application-x-theme.svg
application-x-trash.svg	/usr/share/icons/breeze-dark/mimetypes/16/application-x-trash.svg
application-x-troff-man.svg	/usr/share/icons/breeze-dark/mimetypes/16/application-x-troff-man.svg
application-x-tzo.svg	/usr/share/icons/breeze-dark/mimetypes/16/application-x-tzo.svg
application-x-vdi-disk.svg	/usr/share/icons/breeze-dark/mimetypes/16/application-x-vdi-disk.svg
application-x-wmf.svg	/usr/share/icons/breeze-dark/mimetypes/16/application-x-wmf.svg
application-x-x509-ca-cert.svg	/usr/share/icons/breeze-dark/mimetypes/16/application-x-x509-ca-cert.svg
application-x-x509-user-cert.svg	/usr/share/icons/breeze-dark/mimetypes/16/application-x-x509-user-cert.svg
application-x-xliff.svg	/usr/share/icons/breeze-dark/mimetypes/16/application-x-xliff.svg
application-x-xpinstall.svg	/usr/share/icons/breeze-dark/mimetypes/16/application-x-xpinstall.svg
application-x-xz-compressed-tar.svg	/usr/share/icons/breeze-dark/mimetypes/16/application-x-xz-compressed-tar.svg
application-x-xz-pkg.svg	/usr/share/icons/breeze-dark/mimetypes/16/application-x-xz-pkg.svg
application-x-zerosize.svg	/usr/share/icons/breeze-dark/mimetypes/16/application-x-zerosize.svg
application-x-zip-compressed-fb2.svg	/usr/share/icons/breeze-dark/mimetypes/16/application-x-zip-compressed-fb2.svg
application-x-zoo.svg	/usr/share/icons/breeze-dark/mimetypes/16/application-x-zoo.svg
application-xhtml+xml.svg	/usr/share/icons/breeze-dark/mimetypes/16/application-xhtml+xml.svg
application-xmind.svg	/usr/share/icons/breeze-dark/mimetypes/16/application-xmind.svg
application-xml.svg	/usr/share/icons/breeze-dark/mimetypes/16/application-xml.svg
application-xsd.svg	/usr/share/icons/breeze-dark/mimetypes/16/application-xsd.svg
application-xslt+xml.svg	/usr/share/icons/breeze-dark/mimetypes/16/application-xslt+xml.svg
application-zip.svg	/usr/share/icons/breeze-dark/mimetypes/16/application-zip.svg
audio-ac3.svg	/usr/share/icons/breeze-dark/mimetypes/16/audio-ac3.svg
audio-flac.svg	/usr/share/icons/breeze-dark/mimetypes/16/audio-flac.svg
audio-midi.svg	/usr/share/icons/breeze-dark/mimetypes/16/audio-midi.svg
audio-mp2.svg	/usr/share/icons/breeze-dark/mimetypes/16/audio-mp2.svg
audio-mp3.svg	/usr/share/icons/breeze-dark/mimetypes/16/audio-mp3.svg
audio-mp4.svg	/usr/share/icons/breeze-dark/mimetypes/16/audio-mp4.svg
audio-mpeg.svg	/usr/share/icons/breeze-dark/mimetypes/16/audio-mpeg.svg
audio-ogg.svg	/usr/share/icons/breeze-dark/mimetypes/16/audio-ogg.svg
audio-prs.sid.svg	/usr/share/icons/breeze-dark/mimetypes/16/audio-prs.sid.svg
audio-vn.rn-realmedia.svg	/usr/share/icons/breeze-dark/mimetypes/16/audio-vn.rn-realmedia.svg
audio-vnd.rn-realvideo.svg	/usr/share/icons/breeze-dark/mimetypes/16/audio-vnd.rn-realvideo.svg
audio-vnd.wave.svg	/usr/share/icons/breeze-dark/mimetypes/16/audio-vnd.wave.svg
audio-x-adpcm.svg	/usr/share/icons/breeze-dark/mimetypes/16/audio-x-adpcm.svg
audio-x-aiff.svg	/usr/share/icons/breeze-dark/mimetypes/16/audio-x-aiff.svg
audio-x-flac+ogg.svg	/usr/share/icons/breeze-dark/mimetypes/16/audio-x-flac+ogg.svg
audio-x-flac.svg	/usr/share/icons/breeze-dark/mimetypes/16/audio-x-flac.svg
audio-x-monkey.svg	/usr/share/icons/breeze-dark/mimetypes/16/audio-x-monkey.svg
audio-x-mp2.svg	/usr/share/icons/breeze-dark/mimetypes/16/audio-x-mp2.svg
audio-x-mpeg.svg	/usr/share/icons/breeze-dark/mimetypes/16/audio-x-mpeg.svg
audio-x-speex+ogg.svg	/usr/share/icons/breeze-dark/mimetypes/16/audio-x-speex+ogg.svg
audio-x-vorbis+ogg.svg	/usr/share/icons/breeze-dark/mimetypes/16/audio-x-vorbis+ogg.svg
audio-x-wav.svg	/usr/share/icons/breeze-dark/mimetypes/16/audio-x-wav.svg
audiobook.svg	/usr/share/icons/breeze-dark/mimetypes/16/audiobook.svg
encrypted.svg	/usr/share/icons/breeze-dark/mimetypes/16/encrypted.svg
font-otf.svg	/usr/share/icons/breeze-dark/mimetypes/16/font-otf.svg
font-ttf.svg	/usr/share/icons/breeze-dark/mimetypes/16/font-ttf.svg
fonts-package.svg	/usr/share/icons/breeze-dark/mimetypes/16/fonts-package.svg
image-bmp.svg	/usr/share/icons/breeze-dark/mimetypes/16/image-bmp.svg
image-gif.svg	/usr/share/icons/breeze-dark/mimetypes/16/image-gif.svg
image-ico.svg	/usr/share/icons/breeze-dark/mimetypes/16/image-ico.svg
image-jpeg.svg	/usr/share/icons/breeze-dark/mimetypes/16/image-jpeg.svg
image-jpeg2000.svg	/usr/share/icons/breeze-dark/mimetypes/16/image-jpeg2000.svg
image-png.svg	/usr/share/icons/breeze-dark/mimetypes/16/image-png.svg
image-svg+xml-compressed.svg	/usr/share/icons/breeze-dark/mimetypes/16/image-svg+xml-compressed.svg
image-svg+xml.svg	/usr/share/icons/breeze-dark/mimetypes/16/image-svg+xml.svg
image-tiff.svg	/usr/share/icons/breeze-dark/mimetypes/16/image-tiff.svg
image-vnd.dgn.svg	/usr/share/icons/breeze-dark/mimetypes/16/image-vnd.dgn.svg
image-vnd.djvu.svg	/usr/share/icons/breeze-dark/mimetypes/16/image-vnd.djvu.svg
image-vnd.dwg.svg	/usr/share/icons/breeze-dark/mimetypes/16/image-vnd.dwg.svg
image-vnd.microsoft.icon.svg	/usr/share/icons/breeze-dark/mimetypes/16/image-vnd.microsoft.icon.svg
image-x-adobe-dng.svg	/usr/share/icons/breeze-dark/mimetypes/16/image-x-adobe-dng.svg
image-x-compressed-xcf.svg	/usr/share/icons/breeze-dark/mimetypes/16/image-x-compressed-xcf.svg
image-x-emf.svg	/usr/share/icons/breeze-dark/mimetypes/16/image-x-emf.svg
image-x-eps.svg	/usr/share/icons/breeze-dark/mimetypes/16/image-x-eps.svg
image-x-ico.svg	/usr/share/icons/breeze-dark/mimetypes/16/image-x-ico.svg
image-x-icon.svg	/usr/share/icons/breeze-dark/mimetypes/16/image-x-icon.svg
image-x-krita.svg	/usr/share/icons/breeze-dark/mimetypes/16/image-x-krita.svg
image-x-portable-bitmap.svg	/usr/share/icons/breeze-dark/mimetypes/16/image-x-portable-bitmap.svg
image-x-psd.svg	/usr/share/icons/breeze-dark/mimetypes/16/image-x-psd.svg
image-x-psdimage-x-psd.svg	/usr/share/icons/breeze-dark/mimetypes/16/image-x-psdimage-x-psd.svg
image-x-svg+xml.svg	/usr/share/icons/breeze-dark/mimetypes/16/image-x-svg+xml.svg
image-x-tga.svg	/usr/share/icons/breeze-dark/mimetypes/16/image-x-tga.svg
image-x-vnd.trolltech.qpicture.svg	/usr/share/icons/breeze-dark/mimetypes/16/image-x-vnd.trolltech.qpicture.svg
image-x-win-bitmap.svg	/usr/share/icons/breeze-dark/mimetypes/16/image-x-win-bitmap.svg
image-x-win-bmp.svg	/usr/share/icons/breeze-dark/mimetypes/16/image-x-win-bmp.svg
image-x-wmf.svg	/usr/share/icons/breeze-dark/mimetypes/16/image-x-wmf.svg
image-x-xcf.svg	/usr/share/icons/breeze-dark/mimetypes/16/image-x-xcf.svg
image-x-xfig.svg	/usr/share/icons/breeze-dark/mimetypes/16/image-x-xfig.svg
libreoffice-database.svg	/usr/share/icons/breeze-dark/mimetypes/16/libreoffice-database.svg
libreoffice-drawing-template.svg	/usr/share/icons/breeze-dark/mimetypes/16/libreoffice-drawing-template.svg
libreoffice-drawing.svg	/usr/share/icons/breeze-dark/mimetypes/16/libreoffice-drawing.svg
libreoffice-extension.svg	/usr/share/icons/breeze-dark/mimetypes/16/libreoffice-extension.svg
libreoffice-formula.svg	/usr/share/icons/breeze-dark/mimetypes/16/libreoffice-formula.svg
libreoffice-master-document.svg	/usr/share/icons/breeze-dark/mimetypes/16/libreoffice-master-document.svg
libreoffice-oasis-database.svg	/usr/share/icons/breeze-dark/mimetypes/16/libreoffice-oasis-database.svg
libreoffice-oasis-drawing-template.svg	/usr/share/icons/breeze-dark/mimetypes/16/libreoffice-oasis-drawing-template.svg
libreoffice-oasis-drawing.svg	/usr/share/icons/breeze-dark/mimetypes/16/libreoffice-oasis-drawing.svg
libreoffice-oasis-formula.svg	/usr/share/icons/breeze-dark/mimetypes/16/libreoffice-oasis-formula.svg
libreoffice-oasis-master-document.svg	/usr/share/icons/breeze-dark/mimetypes/16/libreoffice-oasis-master-document.svg
libreoffice-oasis-presentation-template.svg	/usr/share/icons/breeze-dark/mimetypes/16/libreoffice-oasis-presentation-template.svg
libreoffice-oasis-presentation.svg	/usr/share/icons/breeze-dark/mimetypes/16/libreoffice-oasis-presentation.svg
libreoffice-oasis-spreadsheet-template.svg	/usr/share/icons/breeze-dark/mimetypes/16/libreoffice-oasis-spreadsheet-template.svg
libreoffice-oasis-spreadsheet.svg	/usr/share/icons/breeze-dark/mimetypes/16/libreoffice-oasis-spreadsheet.svg
libreoffice-oasis-text-template.svg	/usr/share/icons/breeze-dark/mimetypes/16/libreoffice-oasis-text-template.svg
libreoffice-oasis-text.svg	/usr/share/icons/breeze-dark/mimetypes/16/libreoffice-oasis-text.svg
libreoffice-oasis-web-template.svg	/usr/share/icons/breeze-dark/mimetypes/16/libreoffice-oasis-web-template.svg
libreoffice-presentation-template.svg	/usr/share/icons/breeze-dark/mimetypes/16/libreoffice-presentation-template.svg
libreoffice-presentation.svg	/usr/share/icons/breeze-dark/mimetypes/16/libreoffice-presentation.svg
libreoffice-spreadsheet-template.svg	/usr/share/icons/breeze-dark/mimetypes/16/libreoffice-spreadsheet-template.svg
libreoffice-spreadsheet.svg	/usr/share/icons/breeze-dark/mimetypes/16/libreoffice-spreadsheet.svg
libreoffice-text-template.svg	/usr/share/icons/breeze-dark/mimetypes/16/libreoffice-text-template.svg
libreoffice-text.svg	/usr/share/icons/breeze-dark/mimetypes/16/libreoffice-text.svg
message-news.svg	/usr/share/icons/breeze-dark/mimetypes/16/message-news.svg
message-partial.svg	/usr/share/icons/breeze-dark/mimetypes/16/message-partial.svg
message-rfc822.svg	/usr/share/icons/breeze-dark/mimetypes/16/message-rfc822.svg
message-x-gnu-rmail.svg	/usr/share/icons/breeze-dark/mimetypes/16/message-x-gnu-rmail.svg
message.svg	/usr/share/icons/breeze-dark/mimetypes/16/message.svg
none.svg	/usr/share/icons/breeze-dark/mimetypes/16/none.svg
odf.svg	/usr/share/icons/breeze-dark/mimetypes/16/odf.svg
podcast.svg	/usr/share/icons/breeze-dark/mimetypes/16/podcast.svg
text-calendar.svg	/usr/share/icons/breeze-dark/mimetypes/16/text-calendar.svg
text-csharp.svg	/usr/share/icons/breeze-dark/mimetypes/16/text-csharp.svg
text-css.svg	/usr/share/icons/breeze-dark/mimetypes/16/text-css.svg
text-csv.svg	/usr/share/icons/breeze-dark/mimetypes/16/text-csv.svg
text-directory.svg	/usr/share/icons/breeze-dark/mimetypes/16/text-directory.svg
text-dockerfile.svg	/usr/share/icons/breeze-dark/mimetypes/16/text-dockerfile.svg
text-enriched.svg	/usr/share/icons/breeze-dark/mimetypes/16/text-enriched.svg
text-fortran.svg	/usr/share/icons/breeze-dark/mimetypes/16/text-fortran.svg
text-javascript.svg	/usr/share/icons/breeze-dark/mimetypes/16/text-javascript.svg
text-markdown.svg	/usr/share/icons/breeze-dark/mimetypes/16/text-markdown.svg
text-plain.svg	/usr/share/icons/breeze-dark/mimetypes/16/text-plain.svg
text-rdf+xml.svg	/usr/share/icons/breeze-dark/mimetypes/16/text-rdf+xml.svg
text-rdf.svg	/usr/share/icons/breeze-dark/mimetypes/16/text-rdf.svg
text-rtf.svg	/usr/share/icons/breeze-dark/mimetypes/16/text-rtf.svg
text-rust.svg	/usr/share/icons/breeze-dark/mimetypes/16/text-rust.svg
text-sgml.svg	/usr/share/icons/breeze-dark/mimetypes/16/text-sgml.svg
text-troff.svg	/usr/share/icons/breeze-dark/mimetypes/16/text-troff.svg
text-vcalendar.svg	/usr/share/icons/breeze-dark/mimetypes/16/text-vcalendar.svg
text-vnd.abc.svg	/usr/share/icons/breeze-dark/mimetypes/16/text-vnd.abc.svg
text-vnd.kde.kcrash-report.svg	/usr/share/icons/breeze-dark/mimetypes/16/text-vnd.kde.kcrash-report.svg
text-vnd.trolltech.linguist.svg	/usr/share/icons/breeze-dark/mimetypes/16/text-vnd.trolltech.linguist.svg
text-vnd.wap.wml.svg	/usr/share/icons/breeze-dark/mimetypes/16/text-vnd.wap.wml.svg
text-vtt.svg	/usr/share/icons/breeze-dark/mimetypes/16/text-vtt.svg
text-wiki.svg	/usr/share/icons/breeze-dark/mimetypes/16/text-wiki.svg
text-x-adasrc.svg	/usr/share/icons/breeze-dark/mimetypes/16/text-x-adasrc.svg
text-x-apport.svg	/usr/share/icons/breeze-dark/mimetypes/16/text-x-apport.svg
text-x-authors.svg	/usr/share/icons/breeze-dark/mimetypes/16/text-x-authors.svg
text-x-bibtex.svg	/usr/share/icons/breeze-dark/mimetypes/16/text-x-bibtex.svg
text-x-c++hdr.svg	/usr/share/icons/breeze-dark/mimetypes/16/text-x-c++hdr.svg
text-x-c++src.svg	/usr/share/icons/breeze-dark/mimetypes/16/text-x-c++src.svg
text-x-changelog.svg	/usr/share/icons/breeze-dark/mimetypes/16/text-x-changelog.svg
text-x-chdr.svg	/usr/share/icons/breeze-dark/mimetypes/16/text-x-chdr.svg
text-x-cmake.svg	/usr/share/icons/breeze-dark/mimetypes/16/text-x-cmake.svg
text-x-copying.svg	/usr/share/icons/breeze-dark/mimetypes/16/text-x-copying.svg
text-x-credits.svg	/usr/share/icons/breeze-dark/mimetypes/16/text-x-credits.svg
text-x-csharp.svg	/usr/share/icons/breeze-dark/mimetypes/16/text-x-csharp.svg
text-x-csrc.svg	/usr/share/icons/breeze-dark/mimetypes/16/text-x-csrc.svg
text-x-dtd.svg	/usr/share/icons/breeze-dark/mimetypes/16/text-x-dtd.svg
text-x-fortran.svg	/usr/share/icons/breeze-dark/mimetypes/16/text-x-fortran.svg
text-x-generic.svapplication-x-awk.svg	/usr/share/icons/breeze-dark/mimetypes/16/text-x-generic.svapplication-x-awk.svg
text-x-gettext-translation.svg	/usr/share/icons/breeze-dark/mimetypes/16/text-x-gettext-translation.svg
text-x-go.svg	/usr/share/icons/breeze-dark/mimetypes/16/text-x-go.svg
text-x-haskell.svg	/usr/share/icons/breeze-dark/mimetypes/16/text-x-haskell.svg
text-x-hex.svg	/usr/share/icons/breeze-dark/mimetypes/16/text-x-hex.svg
text-x-install.svg	/usr/share/icons/breeze-dark/mimetypes/16/text-x-install.svg
text-x-java-source.svg	/usr/share/icons/breeze-dark/mimetypes/16/text-x-java-source.svg
text-x-java.svg	/usr/share/icons/breeze-dark/mimetypes/16/text-x-java.svg
text-x-javascript.svg	/usr/share/icons/breeze-dark/mimetypes/16/text-x-javascript.svg
text-x-katefilelist.svg	/usr/share/icons/breeze-dark/mimetypes/16/text-x-katefilelist.svg
text-x-kotlin.svg	/usr/share/icons/breeze-dark/mimetypes/16/text-x-kotlin.svg
text-x-ldif.svg	/usr/share/icons/breeze-dark/mimetypes/16/text-x-ldif.svg
text-x-lilypond.svg	/usr/share/icons/breeze-dark/mimetypes/16/text-x-lilypond.svg
text-x-log.svg	/usr/share/icons/breeze-dark/mimetypes/16/text-x-log.svg
text-x-lua.svg	/usr/share/icons/breeze-dark/mimetypes/16/text-x-lua.svg
text-x-makefile.svg	/usr/share/icons/breeze-dark/mimetypes/16/text-x-makefile.svg
text-x-markdown.svg	/usr/share/icons/breeze-dark/mimetypes/16/text-x-markdown.svg
text-x-microdvd.svg	/usr/share/icons/breeze-dark/mimetypes/16/text-x-microdvd.svg
text-x-mpsub.svg	/usr/share/icons/breeze-dark/mimetypes/16/text-x-mpsub.svg
text-x-nfo.svg	/usr/share/icons/breeze-dark/mimetypes/16/text-x-nfo.svg
text-x-nim.svg	/usr/share/icons/breeze-dark/mimetypes/16/text-x-nim.svg
text-x-objchdr.svg	/usr/share/icons/breeze-dark/mimetypes/16/text-x-objchdr.svg
text-x-objcsrc.svg	/usr/share/icons/breeze-dark/mimetypes/16/text-x-objcsrc.svg
text-x-opml+xml.svg	/usr/share/icons/breeze-dark/mimetypes/16/text-x-opml+xml.svg
text-x-opml.svg	/usr/share/icons/breeze-dark/mimetypes/16/text-x-opml.svg
text-x-pascal.svg	/usr/share/icons/breeze-dark/mimetypes/16/text-x-pascal.svg
text-x-patch.svg	/usr/share/icons/breeze-dark/mimetypes/16/text-x-patch.svg
text-x-plain.svg	/usr/share/icons/breeze-dark/mimetypes/16/text-x-plain.svg
text-x-po.svg	/usr/share/icons/breeze-dark/mimetypes/16/text-x-po.svg
text-x-python.svg	/usr/share/icons/breeze-dark/mimetypes/16/text-x-python.svg
text-x-python2.svg	/usr/share/icons/breeze-dark/mimetypes/16/text-x-python2.svg
text-x-python3.svg	/usr/share/icons/breeze-dark/mimetypes/16/text-x-python3.svg
text-x-qml.svg	/usr/share/icons/breeze-dark/mimetypes/16/text-x-qml.svg
text-x-r.svg	/usr/share/icons/breeze-dark/mimetypes/16/text-x-r.svg
text-x-readme.svg	/usr/share/icons/breeze-dark/mimetypes/16/text-x-readme.svg
text-x-rpm-spec.svg	/usr/share/icons/breeze-dark/mimetypes/16/text-x-rpm-spec.svg
text-x-rust.svg	/usr/share/icons/breeze-dark/mimetypes/16/text-x-rust.svg
text-x-scala.svg	/usr/share/icons/breeze-dark/mimetypes/16/text-x-scala.svg
text-x-sql.svg	/usr/share/icons/breeze-dark/mimetypes/16/text-x-sql.svg
text-x-ssa.svg	/usr/share/icons/breeze-dark/mimetypes/16/text-x-ssa.svg
text-x-subviewer.svg	/usr/share/icons/breeze-dark/mimetypes/16/text-x-subviewer.svg
text-x-tcl.svg	/usr/share/icons/breeze-dark/mimetypes/16/text-x-tcl.svg
text-x-tex.svg	/usr/share/icons/breeze-dark/mimetypes/16/text-x-tex.svg
text-x-texinfo.svg	/usr/share/icons/breeze-dark/mimetypes/16/text-x-texinfo.svg
text-x-typst.svg	/usr/share/icons/breeze-dark/mimetypes/16/text-x-typst.svg
text-x-vcard.svg	/usr/share/icons/breeze-dark/mimetypes/16/text-x-vcard.svg
text-x-xslfo.svg	/usr/share/icons/breeze-dark/mimetypes/16/text-x-xslfo.svg
text-xmcd.svg	/usr/share/icons/breeze-dark/mimetypes/16/text-xmcd.svg
text-xml.svg	/usr/share/icons/breeze-dark/mimetypes/16/text-xml.svg
unknown.svg	/usr/share/icons/breeze-dark/mimetypes/16/unknown.svg
uri-mms.svg	/usr/share/icons/breeze-dark/mimetypes/16/uri-mms.svg
uri-mmst.svg	/usr/share/icons/breeze-dark/mimetypes/16/uri-mmst.svg
uri-pnm.svg	/usr/share/icons/breeze-dark/mimetypes/16/uri-pnm.svg
uri-rtspt.svg	/usr/share/icons/breeze-dark/mimetypes/16/uri-rtspt.svg
uri-rtspu.svg	/usr/share/icons/breeze-dark/mimetypes/16/uri-rtspu.svg
video-mlt-playlist.svg	/usr/share/icons/breeze-dark/mimetypes/16/video-mlt-playlist.svg
video-mp2t.svg	/usr/share/icons/breeze-dark/mimetypes/16/video-mp2t.svg
video-mp4.svg	/usr/share/icons/breeze-dark/mimetypes/16/video-mp4.svg
video-vivo.svg	/usr/share/icons/breeze-dark/mimetypes/16/video-vivo.svg
video-vnd.rn-realvideo.svg	/usr/share/icons/breeze-dark/mimetypes/16/video-vnd.rn-realvideo.svg
video-wavelet.svg	/usr/share/icons/breeze-dark/mimetypes/16/video-wavelet.svg
video-webm.svg	/usr/share/icons/breeze-dark/mimetypes/16/video-webm.svg
video-x-anim.svg	/usr/share/icons/breeze-dark/mimetypes/16/video-x-anim.svg
video-x-flic.svg	/usr/share/icons/breeze-dark/mimetypes/16/video-x-flic.svg
video-x-flv.svg	/usr/share/icons/breeze-dark/mimetypes/16/video-x-flv.svg
video-x-google-vlc-plugin.svg	/usr/share/icons/breeze-dark/mimetypes/16/video-x-google-vlc-plugin.svg
video-x-javafx.svg	/usr/share/icons/breeze-dark/mimetypes/16/video-x-javafx.svg
video-x-matroska.svg	/usr/share/icons/breeze-dark/mimetypes/16/video-x-matroska.svg
video-x-mng.svg	/usr/share/icons/breeze-dark/mimetypes/16/video-x-mng.svg
video-x-ms-wmp.svg	/usr/share/icons/breeze-dark/mimetypes/16/video-x-ms-wmp.svg
video-x-ms-wmv.svg	/usr/share/icons/breeze-dark/mimetypes/16/video-x-ms-wmv.svg
video-x-msvideo.svg	/usr/share/icons/breeze-dark/mimetypes/16/video-x-msvideo.svg
video-x-ogm+ogg.svg	/usr/share/icons/breeze-dark/mimetypes/16/video-x-ogm+ogg.svg
video-x-theora+ogg.svg	/usr/share/icons/breeze-dark/mimetypes/16/video-x-theora+ogg.svg
video-x-wmv.svg	/usr/share/icons/breeze-dark/mimetypes/16/video-x-wmv.svg
virtualbox-hdd.svg	/usr/share/icons/breeze-dark/mimetypes/16/virtualbox-hdd.svg
virtualbox-ova.svg	/usr/share/icons/breeze-dark/mimetypes/16/virtualbox-ova.svg
virtualbox-ovf.svg	/usr/share/icons/breeze-dark/mimetypes/16/virtualbox-ovf.svg
virtualbox-vbox-extpack.svg	/usr/share/icons/breeze-dark/mimetypes/16/virtualbox-vbox-extpack.svg
virtualbox-vbox.svg	/usr/share/icons/breeze-dark/mimetypes/16/virtualbox-vbox.svg
virtualbox-vdi.svg	/usr/share/icons/breeze-dark/mimetypes/16/virtualbox-vdi.svg
virtualbox-vhd.svg	/usr/share/icons/breeze-dark/mimetypes/16/virtualbox-vhd.svg
virtualbox-vmdk.svg	/usr/share/icons/breeze-dark/mimetypes/16/virtualbox-vmdk.svg
vnd.ms-publisher.svg	/usr/share/icons/breeze-dark/mimetypes/16/vnd.ms-publisher.svg
x-kde-nsplugin-generated.svg	/usr/share/icons/breeze-dark/mimetypes/16/x-kde-nsplugin-generated.svg
x-mail-distribution-list.svg	/usr/share/icons/breeze-dark/mimetypes/16/x-mail-distribution-list.svg
x-media-podcast.svg	/usr/share/icons/breeze-dark/mimetypes/16/x-media-podcast.svg
x-office-address-book.svg	/usr/share/icons/breeze-dark/mimetypes/16/x-office-address-book.svg
x-office-calendar.svg	/usr/share/icons/breeze-dark/mimetypes/16/x-office-calendar.svg
x-office-contact.svg	/usr/share/icons/breeze-dark/mimetypes/16/x-office-contact.svg
apple-vnd.apple.pkpasses.svg	/usr/share/icons/breeze-dark/mimetypes/32/apple-vnd.apple.pkpasses.svg
application-x-labplot2.svg	/usr/share/icons/breeze-dark/mimetypes/64/application-x-labplot2.svg
text-x-sass.svg	/usr/share/icons/breeze-dark/mimetypes/64/text-x-sass.svg
text-x-scss.svg	/usr/share/icons/breeze-dark/mimetypes/64/text-x-scss.svg
certificate-server-symbolic.svg	/usr/share/icons/breeze-dark/places/16/certificate-server-symbolic.svg
certificate-server.svg	/usr/share/icons/breeze-dark/places/16/certificate-server.svg
desktop-symbolic.svg	/usr/share/icons/breeze-dark/places/16/desktop-symbolic.svg
desktop.svg	/usr/share/icons/breeze-dark/places/16/desktop.svg
favorites-symbolic.svg	/usr/share/icons/breeze-dark/places/16/favorites-symbolic.svg
favorites.svg	/usr/share/icons/breeze-dark/places/16/favorites.svg
folder-activities-symbolic.svg	/usr/share/icons/breeze-dark/places/16/folder-activities-symbolic.svg
folder-activities.svg	/usr/share/icons/breeze-dark/places/16/folder-activities.svg
folder-android-symbolic.svg	/usr/share/icons/breeze-dark/places/16/folder-android-symbolic.svg
folder-android.svg	/usr/share/icons/breeze-dark/places/16/folder-android.svg
folder-appimage-symbolic.svg	/usr/share/icons/breeze-dark/places/16/folder-appimage-symbolic.svg
folder-appimage.svg	/usr/share/icons/breeze-dark/places/16/folder-appimage.svg
folder-black-symbolic.svg	/usr/share/icons/breeze-dark/places/16/folder-black-symbolic.svg
folder-black.svg	/usr/share/icons/breeze-dark/places/16/folder-black.svg
folder-blender-symbolic.svg	/usr/share/icons/breeze-dark/places/16/folder-blender-symbolic.svg
folder-blender.svg	/usr/share/icons/breeze-dark/places/16/folder-blender.svg
folder-blue-symbolic.svg	/usr/share/icons/breeze-dark/places/16/folder-blue-symbolic.svg
folder-blue.svg	/usr/share/icons/breeze-dark/places/16/folder-blue.svg
folder-book-symbolic.svg	/usr/share/icons/breeze-dark/places/16/folder-book-symbolic.svg
folder-book.svg	/usr/share/icons/breeze-dark/places/16/folder-book.svg
folder-bookmark-symbolic.svg	/usr/share/icons/breeze-dark/places/16/folder-bookmark-symbolic.svg
folder-bookmark.svg	/usr/share/icons/breeze-dark/places/16/folder-bookmark.svg
folder-brown-symbolic.svg	/usr/share/icons/breeze-dark/places/16/folder-brown-symbolic.svg
folder-brown.svg	/usr/share/icons/breeze-dark/places/16/folder-brown.svg
folder-build-symbolic.svg	/usr/share/icons/breeze-dark/places/16/folder-build-symbolic.svg
folder-build.svg	/usr/share/icons/breeze-dark/places/16/folder-build.svg
folder-calculate-symbolic.svg	/usr/share/icons/breeze-dark/places/16/folder-calculate-symbolic.svg
folder-calculate.svg	/usr/share/icons/breeze-dark/places/16/folder-calculate.svg
folder-chart-symbolic.svg	/usr/share/icons/breeze-dark/places/16/folder-chart-symbolic.svg
folder-chart.svg	/usr/share/icons/breeze-dark/places/16/folder-chart.svg
folder-cloud-symbolic.svg	/usr/share/icons/breeze-dark/places/16/folder-cloud-symbolic.svg
folder-cloud.svg	/usr/share/icons/breeze-dark/places/16/folder-cloud.svg
folder-comic-symbolic.svg	/usr/share/icons/breeze-dark/places/16/folder-comic-symbolic.svg
folder-comic.svg	/usr/share/icons/breeze-dark/places/16/folder-comic.svg
folder-crash-symbolic.svg	/usr/share/icons/breeze-dark/places/16/folder-crash-symbolic.svg
folder-crash.svg	/usr/share/icons/breeze-dark/places/16/folder-crash.svg
folder-cyan-symbolic.svg	/usr/share/icons/breeze-dark/places/16/folder-cyan-symbolic.svg
folder-cyan.svg	/usr/share/icons/breeze-dark/places/16/folder-cyan.svg
folder-database-symbolic.svg	/usr/share/icons/breeze-dark/places/16/folder-database-symbolic.svg
folder-database.svg	/usr/share/icons/breeze-dark/places/16/folder-database.svg
folder-deb-symbolic.svg	/usr/share/icons/breeze-dark/places/16/folder-deb-symbolic.svg
folder-deb.svg	/usr/share/icons/breeze-dark/places/16/folder-deb.svg
folder-decrypted-symbolic.svg	/usr/share/icons/breeze-dark/places/16/folder-decrypted-symbolic.svg
folder-decrypted.svg	/usr/share/icons/breeze-dark/places/16/folder-decrypted.svg
folder-design-symbolic.svg	/usr/share/icons/breeze-dark/places/16/folder-design-symbolic.svg
folder-design.svg	/usr/share/icons/breeze-dark/places/16/folder-design.svg
folder-desktop-symbolic.svg	/usr/share/icons/breeze-dark/places/16/folder-desktop-symbolic.svg
folder-desktop.svg	/usr/share/icons/breeze-dark/places/16/folder-desktop.svg
folder-development-symbolic.svg	/usr/share/icons/breeze-dark/places/16/folder-development-symbolic.svg
folder-development.svg	/usr/share/icons/breeze-dark/places/16/folder-development.svg
folder-docker-symbolic.svg	/usr/share/icons/breeze-dark/places/16/folder-docker-symbolic.svg
folder-docker.svg	/usr/share/icons/breeze-dark/places/16/folder-docker.svg
folder-downloads-symbolic.svg	/usr/share/icons/breeze-dark/places/16/folder-downloads-symbolic.svg
folder-downloads.svg	/usr/share/icons/breeze-dark/places/16/folder-downloads.svg
folder-drawing-symbolic.svg	/usr/share/icons/breeze-dark/places/16/folder-drawing-symbolic.svg
folder-drawing.svg	/usr/share/icons/breeze-dark/places/16/folder-drawing.svg
folder-dropbox-symbolic.svg	/usr/share/icons/breeze-dark/places/16/folder-dropbox-symbolic.svg
folder-dropbox.svg	/usr/share/icons/breeze-dark/places/16/folder-dropbox.svg
folder-encrypted-symbolic.svg	/usr/share/icons/breeze-dark/places/16/folder-encrypted-symbolic.svg
folder-encrypted.svg	/usr/share/icons/breeze-dark/places/16/folder-encrypted.svg
folder-extension-symbolic.svg	/usr/share/icons/breeze-dark/places/16/folder-extension-symbolic.svg
folder-extension.svg	/usr/share/icons/breeze-dark/places/16/folder-extension.svg
folder-favorites-symbolic.svg	/usr/share/icons/breeze-dark/places/16/folder-favorites-symbolic.svg
folder-favorites.svg	/usr/share/icons/breeze-dark/places/16/folder-favorites.svg
folder-flatpak-symbolic.svg	/usr/share/icons/breeze-dark/places/16/folder-flatpak-symbolic.svg
folder-flatpak.svg	/usr/share/icons/breeze-dark/places/16/folder-flatpak.svg
folder-games-symbolic.svg	/usr/share/icons/breeze-dark/places/16/folder-games-symbolic.svg
folder-games.svg	/usr/share/icons/breeze-dark/places/16/folder-games.svg
folder-gdrive-symbolic.svg	/usr/share/icons/breeze-dark/places/16/folder-gdrive-symbolic.svg
folder-gdrive.svg	/usr/share/icons/breeze-dark/places/16/folder-gdrive.svg
folder-git-symbolic.svg	/usr/share/icons/breeze-dark/places/16/folder-git-symbolic.svg
folder-git.svg	/usr/share/icons/breeze-dark/places/16/folder-git.svg
folder-godot-symbolic.svg	/usr/share/icons/breeze-dark/places/16/folder-godot-symbolic.svg
folder-godot.svg	/usr/share/icons/breeze-dark/places/16/folder-godot.svg
folder-green-symbolic.svg	/usr/share/icons/breeze-dark/places/16/folder-green-symbolic.svg
folder-green.svg	/usr/share/icons/breeze-dark/places/16/folder-green.svg
folder-grey-symbolic.svg	/usr/share/icons/breeze-dark/places/16/folder-grey-symbolic.svg
folder-grey.svg	/usr/share/icons/breeze-dark/places/16/folder-grey.svg
folder-html-symbolic.svg	/usr/share/icons/breeze-dark/places/16/folder-html-symbolic.svg
folder-html.svg	/usr/share/icons/breeze-dark/places/16/folder-html.svg
folder-image-people-symbolic.svg	/usr/share/icons/breeze-dark/places/16/folder-image-people-symbolic.svg
folder-image-people.svg	/usr/share/icons/breeze-dark/places/16/folder-image-people.svg
folder-image-symbolic.svg	/usr/share/icons/breeze-dark/places/16/folder-image-symbolic.svg
folder-image.svg	/usr/share/icons/breeze-dark/places/16/folder-image.svg
folder-images-symbolic.svg	/usr/share/icons/breeze-dark/places/16/folder-images-symbolic.svg
folder-images.svg	/usr/share/icons/breeze-dark/places/16/folder-images.svg
folder-important-symbolic.svg	/usr/share/icons/breeze-dark/places/16/folder-important-symbolic.svg
folder-important.svg	/usr/share/icons/breeze-dark/places/16/folder-important.svg
folder-java-symbolic.svg	/usr/share/icons/breeze-dark/places/16/folder-java-symbolic.svg
folder-java.svg	/usr/share/icons/breeze-dark/places/16/folder-java.svg
folder-language-symbolic.svg	/usr/share/icons/breeze-dark/places/16/folder-language-symbolic.svg
folder-language.svg	/usr/share/icons/breeze-dark/places/16/folder-language.svg
folder-library-symbolic.svg	/usr/share/icons/breeze-dark/places/16/folder-library-symbolic.svg
folder-library.svg	/usr/share/icons/breeze-dark/places/16/folder-library.svg
folder-locked-symbolic.svg	/usr/share/icons/breeze-dark/places/16/folder-locked-symbolic.svg
folder-locked.svg	/usr/share/icons/breeze-dark/places/16/folder-locked.svg
folder-log-symbolic.svg	/usr/share/icons/breeze-dark/places/16/folder-log-symbolic.svg
folder-log.svg	/usr/share/icons/breeze-dark/places/16/folder-log.svg
folder-mac-symbolic.svg	/usr/share/icons/breeze-dark/places/16/folder-mac-symbolic.svg
folder-mac.svg	/usr/share/icons/breeze-dark/places/16/folder-mac.svg
folder-magenta-symbolic.svg	/usr/share/icons/breeze-dark/places/16/folder-magenta-symbolic.svg
folder-magenta.svg	/usr/share/icons/breeze-dark/places/16/folder-magenta.svg
folder-mail-symbolic.svg	/usr/share/icons/breeze-dark/places/16/folder-mail-symbolic.svg
folder-mail.svg	/usr/share/icons/breeze-dark/places/16/folder-mail.svg
folder-network-symbolic.svg	/usr/share/icons/breeze-dark/places/16/folder-network-symbolic.svg
folder-network.svg	/usr/share/icons/breeze-dark/places/16/folder-network.svg
folder-notes-symbolic.svg	/usr/share/icons/breeze-dark/places/16/folder-notes-symbolic.svg
folder-notes.svg	/usr/share/icons/breeze-dark/places/16/folder-notes.svg
folder-onedrive-symbolic.svg	/usr/share/icons/breeze-dark/places/16/folder-onedrive-symbolic.svg
folder-onedrive.svg	/usr/share/icons/breeze-dark/places/16/folder-onedrive.svg
folder-orange-symbolic.svg	/usr/share/icons/breeze-dark/places/16/folder-orange-symbolic.svg
folder-orange.svg	/usr/share/icons/breeze-dark/places/16/folder-orange.svg
folder-owncloud-symbolic.svg	/usr/share/icons/breeze-dark/places/16/folder-owncloud-symbolic.svg
folder-owncloud.svg	/usr/share/icons/breeze-dark/places/16/folder-owncloud.svg
folder-paint-symbolic.svg	/usr/share/icons/breeze-dark/places/16/folder-paint-symbolic.svg
folder-paint.svg	/usr/share/icons/breeze-dark/places/16/folder-paint.svg
folder-picture-symbolic.svg	/usr/share/icons/breeze-dark/places/16/folder-picture-symbolic.svg
folder-picture.svg	/usr/share/icons/breeze-dark/places/16/folder-picture.svg
folder-podcast-symbolic.svg	/usr/share/icons/breeze-dark/places/16/folder-podcast-symbolic.svg
folder-podcast.svg	/usr/share/icons/breeze-dark/places/16/folder-podcast.svg
folder-presentation-symbolic.svg	/usr/share/icons/breeze-dark/places/16/folder-presentation-symbolic.svg
folder-presentation.svg	/usr/share/icons/breeze-dark/places/16/folder-presentation.svg
folder-print-symbolic.svg	/usr/share/icons/breeze-dark/places/16/folder-print-symbolic.svg
folder-print.svg	/usr/share/icons/breeze-dark/places/16/folder-print.svg
folder-public-symbolic.svg	/usr/share/icons/breeze-dark/places/16/folder-public-symbolic.svg
folder-public.svg	/usr/share/icons/breeze-dark/places/16/folder-public.svg
folder-recent-symbolic.svg	/usr/share/icons/breeze-dark/places/16/folder-recent-symbolic.svg
folder-recent.svg	/usr/share/icons/breeze-dark/places/16/folder-recent.svg
folder-red-symbolic.svg	/usr/share/icons/breeze-dark/places/16/folder-red-symbolic.svg
folder-red.svg	/usr/share/icons/breeze-dark/places/16/folder-red.svg
folder-root-symbolic.svg	/usr/share/icons/breeze-dark/places/16/folder-root-symbolic.svg
folder-root.svg	/usr/share/icons/breeze-dark/places/16/folder-root.svg
folder-rpm-symbolic.svg	/usr/share/icons/breeze-dark/places/16/folder-rpm-symbolic.svg
folder-rpm.svg	/usr/share/icons/breeze-dark/places/16/folder-rpm.svg
folder-script-symbolic.svg	/usr/share/icons/breeze-dark/places/16/folder-script-symbolic.svg
folder-script.svg	/usr/share/icons/breeze-dark/places/16/folder-script.svg
folder-sign-symbolic.svg	/usr/share/icons/breeze-dark/places/16/folder-sign-symbolic.svg
folder-sign.svg	/usr/share/icons/breeze-dark/places/16/folder-sign.svg
folder-snap-symbolic.svg	/usr/share/icons/breeze-dark/places/16/folder-snap-symbolic.svg
folder-snap.svg	/usr/share/icons/breeze-dark/places/16/folder-snap.svg
folder-sound-symbolic.svg	/usr/share/icons/breeze-dark/places/16/folder-sound-symbolic.svg
folder-sound.svg	/usr/share/icons/breeze-dark/places/16/folder-sound.svg
folder-table-symbolic.svg	/usr/share/icons/breeze-dark/places/16/folder-table-symbolic.svg
folder-table.svg	/usr/share/icons/breeze-dark/places/16/folder-table.svg
folder-tar-symbolic.svg	/usr/share/icons/breeze-dark/places/16/folder-tar-symbolic.svg
folder-tar.svg	/usr/share/icons/breeze-dark/places/16/folder-tar.svg
folder-temp-symbolic.svg	/usr/share/icons/breeze-dark/places/16/folder-temp-symbolic.svg
folder-temp.svg	/usr/share/icons/breeze-dark/places/16/folder-temp.svg
folder-text-symbolic.svg	/usr/share/icons/breeze-dark/places/16/folder-text-symbolic.svg
folder-text.svg	/usr/share/icons/breeze-dark/places/16/folder-text.svg
folder-trash-symbolic.svg	/usr/share/icons/breeze-dark/places/16/folder-trash-symbolic.svg
folder-trash.svg	/usr/share/icons/breeze-dark/places/16/folder-trash.svg
folder-txt-symbolic.svg	/usr/share/icons/breeze-dark/places/16/folder-txt-symbolic.svg
folder-txt.svg	/usr/share/icons/breeze-dark/places/16/folder-txt.svg
folder-unlocked-symbolic.svg	/usr/share/icons/breeze-dark/places/16/folder-unlocked-symbolic.svg
folder-unlocked.svg	/usr/share/icons/breeze-dark/places/16/folder-unlocked.svg
folder-video-symbolic.svg	/usr/share/icons/breeze-dark/places/16/folder-video-symbolic.svg
folder-video.svg	/usr/share/icons/breeze-dark/places/16/folder-video.svg
folder-violet-symbolic.svg	/usr/share/icons/breeze-dark/places/16/folder-violet-symbolic.svg
folder-violet.svg	/usr/share/icons/breeze-dark/places/16/folder-violet.svg
folder-windows-symbolic.svg	/usr/share/icons/breeze-dark/places/16/folder-windows-symbolic.svg
folder-windows.svg	/usr/share/icons/breeze-dark/places/16/folder-windows.svg
folder-yellow-symbolic.svg	/usr/share/icons/breeze-dark/places/16/folder-yellow-symbolic.svg
folder-yellow.svg	/usr/share/icons/breeze-dark/places/16/folder-yellow.svg
folder_html-symbolic.svg	/usr/share/icons/breeze-dark/places/16/folder_html-symbolic.svg
folder_html.svg	/usr/share/icons/breeze-dark/places/16/folder_html.svg
mail-folder-inbox-symbolic.svg	/usr/share/icons/breeze-dark/places/16/mail-folder-inbox-symbolic.svg
mail-folder-inbox.svg	/usr/share/icons/breeze-dark/places/16/mail-folder-inbox.svg
mail-folder-outbox-symbolic.svg	/usr/share/icons/breeze-dark/places/16/mail-folder-outbox-symbolic.svg
mail-folder-outbox.svg	/usr/share/icons/breeze-dark/places/16/mail-folder-outbox.svg
mail-folder-sent-symbolic.svg	/usr/share/icons/breeze-dark/places/16/mail-folder-sent-symbolic.svg
mail-folder-sent.svg	/usr/share/icons/breeze-dark/places/16/mail-folder-sent.svg
mail-outbox-symbolic.svg	/usr/share/icons/breeze-dark/places/16/mail-outbox-symbolic.svg
network-server-database-symbolic.svg	/usr/share/icons/breeze-dark/places/16/network-server-database-symbolic.svg
network-server-database.svg	/usr/share/icons/breeze-dark/places/16/network-server-database.svg
org.xfce.gigolo-symbolic.svg	/usr/share/icons/breeze-dark/places/16/org.xfce.gigolo-symbolic.svg
org.xfce.gigolo.svg	/usr/share/icons/breeze-dark/places/16/org.xfce.gigolo.svg
repository-symbolic.svg	/usr/share/icons/breeze-dark/places/16/repository-symbolic.svg
repository.svg	/usr/share/icons/breeze-dark/places/16/repository.svg
server-database-symbolic.svg	/usr/share/icons/breeze-dark/places/16/server-database-symbolic.svg
server-database.svg	/usr/share/icons/breeze-dark/places/16/server-database.svg
start-here-kde-plasma-symbolic.svg	/usr/share/icons/breeze-dark/places/16/start-here-kde-plasma-symbolic.svg
start-here-kde-plasma.svg	/usr/share/icons/breeze-dark/places/16/start-here-kde-plasma.svg
start-here-kde-symbolic.svg	/usr/share/icons/breeze-dark/places/16/start-here-kde-symbolic.svg
start-here-kde.svg	/usr/share/icons/breeze-dark/places/16/start-here-kde.svg
stock_folder-symbolic.svg	/usr/share/icons/breeze-dark/places/16/stock_folder-symbolic.svg
stock_folder.svg	/usr/share/icons/breeze-dark/places/16/stock_folder.svg
library-music-symbolic.svg	/usr/share/icons/breeze-dark/places/22/library-music-symbolic.svg
library-music.svg	/usr/share/icons/breeze-dark/places/22/library-music.svg
device-notifier.svg	/usr/share/icons/breeze-dark/preferences/22/device-notifier.svg
plasma-search.svg	/usr/share/icons/breeze-dark/preferences/22/plasma-search.svg
preferences-desktop-accessibility.svg	/usr/share/icons/breeze-dark/preferences/22/preferences-desktop-accessibility.svg
preferences-desktop-activities.svg	/usr/share/icons/breeze-dark/preferences/22/preferences-desktop-activities.svg
preferences-desktop-animations.svg	/usr/share/icons/breeze-dark/preferences/22/preferences-desktop-animations.svg
preferences-desktop-baloo.svg	/usr/share/icons/breeze-dark/preferences/22/preferences-desktop-baloo.svg
preferences-desktop-color.svg	/usr/share/icons/breeze-dark/preferences/22/preferences-desktop-color.svg
preferences-desktop-cryptography.svg	/usr/share/icons/breeze-dark/preferences/22/preferences-desktop-cryptography.svg
preferences-desktop-cursors.svg	/usr/share/icons/breeze-dark/preferences/22/preferences-desktop-cursors.svg
preferences-desktop-default-applications.svg	/usr/share/icons/breeze-dark/preferences/22/preferences-desktop-default-applications.svg
preferences-desktop-display-color.svg	/usr/share/icons/breeze-dark/preferences/22/preferences-desktop-display-color.svg
preferences-desktop-display-randr-symbolic.svg	/usr/share/icons/breeze-dark/preferences/22/preferences-desktop-display-randr-symbolic.svg
preferences-desktop-display.svg	/usr/share/icons/breeze-dark/preferences/22/preferences-desktop-display.svg
preferences-desktop-effects.svg	/usr/share/icons/breeze-dark/preferences/22/preferences-desktop-effects.svg
preferences-desktop-emoticons-symbolic.svg	/usr/share/icons/breeze-dark/preferences/22/preferences-desktop-emoticons-symbolic.svg
preferences-desktop-emoticons.svg	/usr/share/icons/breeze-dark/preferences/22/preferences-desktop-emoticons.svg
preferences-desktop-filetype-association.svg	/usr/share/icons/breeze-dark/preferences/22/preferences-desktop-filetype-association.svg
preferences-desktop-filter.svg	/usr/share/icons/breeze-dark/preferences/22/preferences-desktop-filter.svg
preferences-desktop-font.svg	/usr/share/icons/breeze-dark/preferences/22/preferences-desktop-font.svg
preferences-desktop-gestures-screenedges.svg	/usr/share/icons/breeze-dark/preferences/22/preferences-desktop-gestures-screenedges.svg
preferences-desktop-gestures-touch.svg	/usr/share/icons/breeze-dark/preferences/22/preferences-desktop-gestures-touch.svg
preferences-desktop-icons.svg	/usr/share/icons/breeze-dark/preferences/22/preferences-desktop-icons.svg
preferences-desktop-keyboard-shortcut-symbolic.svg	/usr/share/icons/breeze-dark/preferences/22/preferences-desktop-keyboard-shortcut-symbolic.svg
preferences-desktop-keyboard-shortcut.svg	/usr/share/icons/breeze-dark/preferences/22/preferences-desktop-keyboard-shortcut.svg
preferences-desktop-keyboard.svg	/usr/share/icons/breeze-dark/preferences/22/preferences-desktop-keyboard.svg
preferences-desktop-launch-feedback.svg	/usr/share/icons/breeze-dark/preferences/22/preferences-desktop-launch-feedback.svg
preferences-desktop-locale.svg	/usr/share/icons/breeze-dark/preferences/22/preferences-desktop-locale.svg
preferences-desktop-multimedia.svg	/usr/share/icons/breeze-dark/preferences/22/preferences-desktop-multimedia.svg
preferences-desktop-navigation.svg	/usr/share/icons/breeze-dark/preferences/22/preferences-desktop-navigation.svg
preferences-desktop-notification-bell.svg	/usr/share/icons/breeze-dark/preferences/22/preferences-desktop-notification-bell.svg
preferences-desktop-notification-symbolic.svg	/usr/share/icons/breeze-dark/preferences/22/preferences-desktop-notification-symbolic.svg
preferences-desktop-plasma-theme.svg	/usr/share/icons/breeze-dark/preferences/22/preferences-desktop-plasma-theme.svg
preferences-desktop-plasma.svg	/usr/share/icons/breeze-dark/preferences/22/preferences-desktop-plasma.svg
preferences-desktop-screensaver.svg	/usr/share/icons/breeze-dark/preferences/22/preferences-desktop-screensaver.svg
preferences-desktop-search.svg	/usr/share/icons/breeze-dark/preferences/22/preferences-desktop-search.svg
preferences-desktop-sound.svg	/usr/share/icons/breeze-dark/preferences/22/preferences-desktop-sound.svg
preferences-desktop-tablet.svg	/usr/share/icons/breeze-dark/preferences/22/preferences-desktop-tablet.svg
preferences-desktop-text-to-speech.svg	/usr/share/icons/breeze-dark/preferences/22/preferences-desktop-text-to-speech.svg
preferences-desktop-theme-applications.svg	/usr/share/icons/breeze-dark/preferences/22/preferences-desktop-theme-applications.svg
preferences-desktop-theme-global-symbolic.svg	/usr/share/icons/breeze-dark/preferences/22/preferences-desktop-theme-global-symbolic.svg
preferences-desktop-theme-global.svg	/usr/share/icons/breeze-dark/preferences/22/preferences-desktop-theme-global.svg
preferences-desktop-theme-windowdecorations.svg	/usr/share/icons/breeze-dark/preferences/22/preferences-desktop-theme-windowdecorations.svg
preferences-desktop-thunderbolt.svg	/usr/share/icons/breeze-dark/preferences/22/preferences-desktop-thunderbolt.svg
preferences-desktop-touchpad.svg	/usr/share/icons/breeze-dark/preferences/22/preferences-desktop-touchpad.svg
preferences-desktop-touchscreen.svg	/usr/share/icons/breeze-dark/preferences/22/preferences-desktop-touchscreen.svg
preferences-desktop-user-password.svg	/usr/share/icons/breeze-dark/preferences/22/preferences-desktop-user-password.svg
preferences-desktop-user.svg	/usr/share/icons/breeze-dark/preferences/22/preferences-desktop-user.svg
preferences-desktop-virtual.svg	/usr/share/icons/breeze-dark/preferences/22/preferences-desktop-virtual.svg
preferences-desktop-wallpaper.svg	/usr/share/icons/breeze-dark/preferences/22/preferences-desktop-wallpaper.svg
preferences-desktop.svg	/usr/share/icons/breeze-dark/preferences/22/preferences-desktop.svg
preferences-devices-cpu.svg	/usr/share/icons/breeze-dark/preferences/22/preferences-devices-cpu.svg
preferences-devices-drive-optical-check.svg	/usr/share/icons/breeze-dark/preferences/22/preferences-devices-drive-optical-check.svg
preferences-devices-printer.svg	/usr/share/icons/breeze-dark/preferences/22/preferences-devices-printer.svg
preferences-devices-scanner-symbolic.svg	/usr/share/icons/breeze-dark/preferences/22/preferences-devices-scanner-symbolic.svg
preferences-devices-scanner.svg	/usr/share/icons/breeze-dark/preferences/22/preferences-devices-scanner.svg
preferences-devices-tree.svg	/usr/share/icons/breeze-dark/preferences/22/preferences-devices-tree.svg
preferences-gtk-config.svg	/usr/share/icons/breeze-dark/preferences/22/preferences-gtk-config.svg
preferences-kde-connect.svg	/usr/share/icons/breeze-dark/preferences/22/preferences-kde-connect.svg
preferences-online-accounts.svg	/usr/share/icons/breeze-dark/preferences/22/preferences-online-accounts.svg
preferences-plugin.svg	/usr/share/icons/breeze-dark/preferences/22/preferences-plugin.svg
preferences-security-kerberos.svg	/usr/share/icons/breeze-dark/preferences/22/preferences-security-kerberos.svg
preferences-security-symbolic.svg	/usr/share/icons/breeze-dark/preferences/22/preferences-security-symbolic.svg
preferences-security.svg	/usr/share/icons/breeze-dark/preferences/22/preferences-security.svg
preferences-smart-status.svg	/usr/share/icons/breeze-dark/preferences/22/preferences-smart-status.svg
preferences-system-bluetooth-activated-symbolic.svg	/usr/share/icons/breeze-dark/preferences/22/preferences-system-bluetooth-activated-symbolic.svg
preferences-system-bluetooth-inactive-symbolic.svg	/usr/share/icons/breeze-dark/preferences/22/preferences-system-bluetooth-inactive-symbolic.svg
preferences-system-bluetooth.svg	/usr/share/icons/breeze-dark/preferences/22/preferences-system-bluetooth.svg
preferences-system-disks.svg	/usr/share/icons/breeze-dark/preferences/22/preferences-system-disks.svg
preferences-system-linux.svg	/usr/share/icons/breeze-dark/preferences/22/preferences-system-linux.svg
preferences-system-login.svg	/usr/share/icons/breeze-dark/preferences/22/preferences-system-login.svg
preferences-system-network-dsl.svg	/usr/share/icons/breeze-dark/preferences/22/preferences-system-network-dsl.svg
preferences-system-network-ethernet.svg	/usr/share/icons/breeze-dark/preferences/22/preferences-system-network-ethernet.svg
preferences-system-network-ldap.svg	/usr/share/icons/breeze-dark/preferences/22/preferences-system-network-ldap.svg
preferences-system-network-nis.svg	/usr/share/icons/breeze-dark/preferences/22/preferences-system-network-nis.svg
preferences-system-network-proxy.svg	/usr/share/icons/breeze-dark/preferences/22/preferences-system-network-proxy.svg
preferences-system-network-share-windows.svg	/usr/share/icons/breeze-dark/preferences/22/preferences-system-network-share-windows.svg
preferences-system-network-sharing.svg	/usr/share/icons/breeze-dark/preferences/22/preferences-system-network-sharing.svg
preferences-system-network-vpn.svg	/usr/share/icons/breeze-dark/preferences/22/preferences-system-network-vpn.svg
preferences-system-network-wakeonlan.svg	/usr/share/icons/breeze-dark/preferences/22/preferences-system-network-wakeonlan.svg
preferences-system-power-management.svg	/usr/share/icons/breeze-dark/preferences/22/preferences-system-power-management.svg
preferences-system-services.svg	/usr/share/icons/breeze-dark/preferences/22/preferences-system-services.svg
preferences-system-session-services.svg	/usr/share/icons/breeze-dark/preferences/22/preferences-system-session-services.svg
preferences-system-splash.svg	/usr/share/icons/breeze-dark/preferences/22/preferences-system-splash.svg
preferences-system-startup.svg	/usr/share/icons/breeze-dark/preferences/22/preferences-system-startup.svg
preferences-system-time.svg	/usr/share/icons/breeze-dark/preferences/22/preferences-system-time.svg
preferences-system-user-sudo.svg	/usr/share/icons/breeze-dark/preferences/22/preferences-system-user-sudo.svg
preferences-system-users-symbolic.svg	/usr/share/icons/breeze-dark/preferences/22/preferences-system-users-symbolic.svg
preferences-system-windows-actions.svg	/usr/share/icons/breeze-dark/preferences/22/preferences-system-windows-actions.svg
preferences-system-windows-behavior.svg	/usr/share/icons/breeze-dark/preferences/22/preferences-system-windows-behavior.svg
preferences-system-windows-move.svg	/usr/share/icons/breeze-dark/preferences/22/preferences-system-windows-move.svg
preferences-system-windows.svg	/usr/share/icons/breeze-dark/preferences/22/preferences-system-windows.svg
preferences-virtualization-container.svg	/usr/share/icons/breeze-dark/preferences/22/preferences-virtualization-container.svg
preferences-web-browser-cache.svg	/usr/share/icons/breeze-dark/preferences/22/preferences-web-browser-cache.svg
preferences-web-browser-cookies.svg	/usr/share/icons/breeze-dark/preferences/22/preferences-web-browser-cookies.svg
preferences-web-browser-identification.svg	/usr/share/icons/breeze-dark/preferences/22/preferences-web-browser-identification.svg
preferences-web-browser-shortcuts.svg	/usr/share/icons/breeze-dark/preferences/22/preferences-web-browser-shortcuts.svg
preferences-web-browser-ssl.svg	/usr/share/icons/breeze-dark/preferences/22/preferences-web-browser-ssl.svg
preferences-web-browser-stylesheets.svg	/usr/share/icons/breeze-dark/preferences/22/preferences-web-browser-stylesheets.svg
yast-disk.svg	/usr/share/icons/breeze-dark/preferences/22/yast-disk.svg
financial-schedule.svg	/usr/share/icons/breeze-dark/preferences/32/financial-schedule.svg
gtkconfig.svg	/usr/share/icons/breeze-dark/preferences/32/gtkconfig.svg
kaccess.svg	/usr/share/icons/breeze-dark/preferences/32/kaccess.svg
kde-gtk-config.svg	/usr/share/icons/breeze-dark/preferences/32/kde-gtk-config.svg
kdeconnect.svg	/usr/share/icons/breeze-dark/preferences/32/kdeconnect.svg
kded5.svg	/usr/share/icons/breeze-dark/preferences/32/kded5.svg
krunner.svg	/usr/share/icons/breeze-dark/preferences/32/krunner.svg
ksmserver.svg	/usr/share/icons/breeze-dark/preferences/32/ksmserver.svg
mediacontrol.svg	/usr/share/icons/breeze-dark/preferences/32/mediacontrol.svg
plasma.svg	/usr/share/icons/breeze-dark/preferences/32/plasma.svg
plasmagik.svg	/usr/share/icons/breeze-dark/preferences/32/plasmagik.svg
plasmashell.svg	/usr/share/icons/breeze-dark/preferences/32/plasmashell.svg
preferences-desktop-display-randr.svg	/usr/share/icons/breeze-dark/preferences/32/preferences-desktop-display-randr.svg
preferences-desktop-feedback.svg	/usr/share/icons/breeze-dark/preferences/32/preferences-desktop-feedback.svg
preferences-desktop-gaming.svg	/usr/share/icons/breeze-dark/preferences/32/preferences-desktop-gaming.svg
preferences-desktop-menu-edit.svg	/usr/share/icons/breeze-dark/preferences/32/preferences-desktop-menu-edit.svg
preferences-desktop-mouse.svg	/usr/share/icons/breeze-dark/preferences/32/preferences-desktop-mouse.svg
preferences-desktop-notification.svg	/usr/share/icons/breeze-dark/preferences/32/preferences-desktop-notification.svg
preferences-desktop-peripherals.svg	/usr/share/icons/breeze-dark/preferences/32/preferences-desktop-peripherals.svg
preferences-desktop-theme.svg	/usr/share/icons/breeze-dark/preferences/32/preferences-desktop-theme.svg
preferences-document.svg	/usr/share/icons/breeze-dark/preferences/32/preferences-document.svg
preferences-git.svg	/usr/share/icons/breeze-dark/preferences/32/preferences-git.svg
preferences-log.svg	/usr/share/icons/breeze-dark/preferences/32/preferences-log.svg
preferences-releasenotes.svg	/usr/share/icons/breeze-dark/preferences/32/preferences-releasenotes.svg
preferences-scroll.svg	/usr/share/icons/breeze-dark/preferences/32/preferences-scroll.svg
preferences-security-apparmor.svg	/usr/share/icons/breeze-dark/preferences/32/preferences-security-apparmor.svg
preferences-security-firewall.svg	/usr/share/icons/breeze-dark/preferences/32/preferences-security-firewall.svg
preferences-system-backup.svg	/usr/share/icons/breeze-dark/preferences/32/preferences-system-backup.svg
preferences-system-bluetooth-battery-symbolic.svg	/usr/share/icons/breeze-dark/preferences/32/preferences-system-bluetooth-battery-symbolic.svg
preferences-system-network-iscsi.svg	/usr/share/icons/breeze-dark/preferences/32/preferences-system-network-iscsi.svg
preferences-system-network-ntp.svg	/usr/share/icons/breeze-dark/preferences/32/preferences-system-network-ntp.svg
preferences-system-network-remote.svg	/usr/share/icons/breeze-dark/preferences/32/preferences-system-network-remote.svg
preferences-system-network-server-boot.svg	/usr/share/icons/breeze-dark/preferences/32/preferences-system-network-server-boot.svg
preferences-system-network-server-dhcp.svg	/usr/share/icons/breeze-dark/preferences/32/preferences-system-network-server-dhcp.svg
preferences-system-network-server-dns.svg	/usr/share/icons/breeze-dark/preferences/32/preferences-system-network-server-dns.svg
preferences-system-network-server-ftp.svg	/usr/share/icons/breeze-dark/preferences/32/preferences-system-network-server-ftp.svg
preferences-system-network-server-installation.svg	/usr/share/icons/breeze-dark/preferences/32/preferences-system-network-server-installation.svg
preferences-system-network-server-iscsi.svg	/usr/share/icons/breeze-dark/preferences/32/preferences-system-network-server-iscsi.svg
preferences-system-network-server-kerberos.svg	/usr/share/icons/breeze-dark/preferences/32/preferences-system-network-server-kerberos.svg
preferences-system-network-server-ldap.svg	/usr/share/icons/breeze-dark/preferences/32/preferences-system-network-server-ldap.svg
preferences-system-network-server-mail.svg	/usr/share/icons/breeze-dark/preferences/32/preferences-system-network-server-mail.svg
preferences-system-network-server-nis.svg	/usr/share/icons/breeze-dark/preferences/32/preferences-system-network-server-nis.svg
preferences-system-network-server-share-windows.svg	/usr/share/icons/breeze-dark/preferences/32/preferences-system-network-server-share-windows.svg
preferences-system-network-server-share.svg	/usr/share/icons/breeze-dark/preferences/32/preferences-system-network-server-share.svg
preferences-system-network-server-slp.svg	/usr/share/icons/breeze-dark/preferences/32/preferences-system-network-server-slp.svg
preferences-system-network-server-web.svg	/usr/share/icons/breeze-dark/preferences/32/preferences-system-network-server-web.svg
preferences-system-network-server.svg	/usr/share/icons/breeze-dark/preferences/32/preferences-system-network-server.svg
preferences-system-network-share.svg	/usr/share/icons/breeze-dark/preferences/32/preferences-system-network-share.svg
preferences-system-network.svg	/usr/share/icons/breeze-dark/preferences/32/preferences-system-network.svg
preferences-system-performance.svg	/usr/share/icons/breeze-dark/preferences/32/preferences-system-performance.svg
preferences-system-users.svg	/usr/share/icons/breeze-dark/preferences/32/preferences-system-users.svg
preferences-tabs.svg	/usr/share/icons/breeze-dark/preferences/32/preferences-tabs.svg
preferences-virtualization-vm-install.svg	/usr/share/icons/breeze-dark/preferences/32/preferences-virtualization-vm-install.svg
preferences-virtualization-vm-migrate.svg	/usr/share/icons/breeze-dark/preferences/32/preferences-virtualization-vm-migrate.svg
preferences-virtualization-vm-new.svg	/usr/share/icons/breeze-dark/preferences/32/preferences-virtualization-vm-new.svg
preferences-virtualization-vm.svg	/usr/share/icons/breeze-dark/preferences/32/preferences-virtualization-vm.svg
preferences-web-browser-adblock.svg	/usr/share/icons/breeze-dark/preferences/32/preferences-web-browser-adblock.svg
preferences.svg	/usr/share/icons/breeze-dark/preferences/32/preferences.svg
yast-addon-extension.svg	/usr/share/icons/breeze-dark/preferences/32/yast-addon-extension.svg
yast-addon.svg	/usr/share/icons/breeze-dark/preferences/32/yast-addon.svg
yast-alternatives.svg	/usr/share/icons/breeze-dark/preferences/32/yast-alternatives.svg
yast-apparmor.svg	/usr/share/icons/breeze-dark/preferences/32/yast-apparmor.svg
yast-auth-client.svg	/usr/share/icons/breeze-dark/preferences/32/yast-auth-client.svg
yast-autoyast.svg	/usr/share/icons/breeze-dark/preferences/32/yast-autoyast.svg
yast-bootloader.svg	/usr/share/icons/breeze-dark/preferences/32/yast-bootloader.svg
yast-checkmedia.svg	/usr/share/icons/breeze-dark/preferences/32/yast-checkmedia.svg
yast-create-new-vm.svg	/usr/share/icons/breeze-dark/preferences/32/yast-create-new-vm.svg
yast-device-tree.svg	/usr/share/icons/breeze-dark/preferences/32/yast-device-tree.svg
yast-dhcp-server.svg	/usr/share/icons/breeze-dark/preferences/32/yast-dhcp-server.svg
yast-dns-server.svg	/usr/share/icons/breeze-dark/preferences/32/yast-dns-server.svg
yast-docker.svg	/usr/share/icons/breeze-dark/preferences/32/yast-docker.svg
yast-dsl.svg	/usr/share/icons/breeze-dark/preferences/32/yast-dsl.svg
yast-fcoe.svg	/usr/share/icons/breeze-dark/preferences/32/yast-fcoe.svg
yast-firewall.svg	/usr/share/icons/breeze-dark/preferences/32/yast-firewall.svg
yast-fonts.svg	/usr/share/icons/breeze-dark/preferences/32/yast-fonts.svg
yast-ftp-server.svg	/usr/share/icons/breeze-dark/preferences/32/yast-ftp-server.svg
yast-hardware-group.svg	/usr/share/icons/breeze-dark/preferences/32/yast-hardware-group.svg
yast-host.svg	/usr/share/icons/breeze-dark/preferences/32/yast-host.svg
yast-http-server.svg	/usr/share/icons/breeze-dark/preferences/32/yast-http-server.svg
yast-hwinfo.svg	/usr/share/icons/breeze-dark/preferences/32/yast-hwinfo.svg
yast-instserver.svg	/usr/share/icons/breeze-dark/preferences/32/yast-instserver.svg
yast-iscsi-client.svg	/usr/share/icons/breeze-dark/preferences/32/yast-iscsi-client.svg
yast-iscsi-server.svg	/usr/share/icons/breeze-dark/preferences/32/yast-iscsi-server.svg
yast-journal.svg	/usr/share/icons/breeze-dark/preferences/32/yast-journal.svg
yast-kerberos-server.svg	/usr/share/icons/breeze-dark/preferences/32/yast-kerberos-server.svg
yast-kernel.svg	/usr/share/icons/breeze-dark/preferences/32/yast-kernel.svg
yast-keyboard.svg	/usr/share/icons/breeze-dark/preferences/32/yast-keyboard.svg
yast-lan.svg	/usr/share/icons/breeze-dark/preferences/32/yast-lan.svg
yast-language.svg	/usr/share/icons/breeze-dark/preferences/32/yast-language.svg
yast-ldap-kerberos.svg	/usr/share/icons/breeze-dark/preferences/32/yast-ldap-kerberos.svg
yast-ldap-server.svg	/usr/share/icons/breeze-dark/preferences/32/yast-ldap-server.svg
yast-mail.svg	/usr/share/icons/breeze-dark/preferences/32/yast-mail.svg
yast-messages.svg	/usr/share/icons/breeze-dark/preferences/32/yast-messages.svg
yast-misc-group.svg	/usr/share/icons/breeze-dark/preferences/32/yast-misc-group.svg
yast-network-group.svg	/usr/share/icons/breeze-dark/preferences/32/yast-network-group.svg
yast-nfs-server.svg	/usr/share/icons/breeze-dark/preferences/32/yast-nfs-server.svg
yast-nfs.svg	/usr/share/icons/breeze-dark/preferences/32/yast-nfs.svg
yast-nis-server.svg	/usr/share/icons/breeze-dark/preferences/32/yast-nis-server.svg
yast-nis.svg	/usr/share/icons/breeze-dark/preferences/32/yast-nis.svg
yast-ntp-client.svg	/usr/share/icons/breeze-dark/preferences/32/yast-ntp-client.svg
yast-printer.svg	/usr/share/icons/breeze-dark/preferences/32/yast-printer.svg
yast-proxy.svg	/usr/share/icons/breeze-dark/preferences/32/yast-proxy.svg
yast-release-notes.svg	/usr/share/icons/breeze-dark/preferences/32/yast-release-notes.svg
yast-remote.svg	/usr/share/icons/breeze-dark/preferences/32/yast-remote.svg
yast-samba-client.svg	/usr/share/icons/breeze-dark/preferences/32/yast-samba-client.svg
yast-samba-server.svg	/usr/share/icons/breeze-dark/preferences/32/yast-samba-server.svg
yast-scanner.svg	/usr/share/icons/breeze-dark/preferences/32/yast-scanner.svg
yast-security-group.svg	/usr/share/icons/breeze-dark/preferences/32/yast-security-group.svg
yast-security.svg	/usr/share/icons/breeze-dark/preferences/32/yast-security.svg
yast-services-manager.svg	/usr/share/icons/breeze-dark/preferences/32/yast-services-manager.svg
yast-slp-server.svg	/usr/share/icons/breeze-dark/preferences/32/yast-slp-server.svg
yast-snapper.svg	/usr/share/icons/breeze-dark/preferences/32/yast-snapper.svg
yast-software-group.svg	/usr/share/icons/breeze-dark/preferences/32/yast-software-group.svg
yast-sound.svg	/usr/share/icons/breeze-dark/preferences/32/yast-sound.svg
yast-sudo.svg	/usr/share/icons/breeze-dark/preferences/32/yast-sudo.svg
yast-support-group.svg	/usr/share/icons/breeze-dark/preferences/32/yast-support-group.svg
yast-support.svg	/usr/share/icons/breeze-dark/preferences/32/yast-support.svg
yast-sw_source.svg	/usr/share/icons/breeze-dark/preferences/32/yast-sw_source.svg
yast-sysconfig.svg	/usr/share/icons/breeze-dark/preferences/32/yast-sysconfig.svg
yast-system-group.svg	/usr/share/icons/breeze-dark/preferences/32/yast-system-group.svg
yast-tftp-server.svg	/usr/share/icons/breeze-dark/preferences/32/yast-tftp-server.svg
yast-timezone.svg	/usr/share/icons/breeze-dark/preferences/32/yast-timezone.svg
yast-update-online-configuration.svg	/usr/share/icons/breeze-dark/preferences/32/yast-update-online-configuration.svg
yast-update-online.svg	/usr/share/icons/breeze-dark/preferences/32/yast-update-online.svg
yast-update.svg	/usr/share/icons/breeze-dark/preferences/32/yast-update.svg
yast-users.svg	/usr/share/icons/breeze-dark/preferences/32/yast-users.svg
yast-vm-group.svg	/usr/share/icons/breeze-dark/preferences/32/yast-vm-group.svg
yast-vm-install.svg	/usr/share/icons/breeze-dark/preferences/32/yast-vm-install.svg
yast-vm-migrate.svg	/usr/share/icons/breeze-dark/preferences/32/yast-vm-migrate.svg
yast-vpn.svg	/usr/share/icons/breeze-dark/preferences/32/yast-vpn.svg
yast-wol.svg	/usr/share/icons/breeze-dark/preferences/32/yast-wol.svg
appointment-recurring-symbolic.svg	/usr/share/icons/breeze-dark/status/16/appointment-recurring-symbolic.svg
appointment-recurring.svg	/usr/share/icons/breeze-dark/status/16/appointment-recurring.svg
appointment-reminder-symbolic.svg	/usr/share/icons/breeze-dark/status/16/appointment-reminder-symbolic.svg
appointment-reminder.svg	/usr/share/icons/breeze-dark/status/16/appointment-reminder.svg
audio-off-symbolic.svg	/usr/share/icons/breeze-dark/status/16/audio-off-symbolic.svg
audio-off.svg	/usr/share/icons/breeze-dark/status/16/audio-off.svg
audio-on-symbolic.svg	/usr/share/icons/breeze-dark/status/16/audio-on-symbolic.svg
audio-on.svg	/usr/share/icons/breeze-dark/status/16/audio-on.svg
audio-ready-symbolic.svg	/usr/share/icons/breeze-dark/status/16/audio-ready-symbolic.svg
audio-ready.svg	/usr/share/icons/breeze-dark/status/16/audio-ready.svg
audio-volume-high-danger-symbolic.svg	/usr/share/icons/breeze-dark/status/16/audio-volume-high-danger-symbolic.svg
audio-volume-high-danger.svg	/usr/share/icons/breeze-dark/status/16/audio-volume-high-danger.svg
audio-volume-high-warning-symbolic.svg	/usr/share/icons/breeze-dark/status/16/audio-volume-high-warning-symbolic.svg
audio-volume-high-warning.svg	/usr/share/icons/breeze-dark/status/16/audio-volume-high-warning.svg
audio-volume-high.svg	/usr/share/icons/breeze-dark/status/16/audio-volume-high.svg
audio-volume-low.svg	/usr/share/icons/breeze-dark/status/16/audio-volume-low.svg
audio-volume-medium.svg	/usr/share/icons/breeze-dark/status/16/audio-volume-medium.svg
audio-volume-muted.svg	/usr/share/icons/breeze-dark/status/16/audio-volume-muted.svg
auth-sim-locked.svg	/usr/share/icons/breeze-dark/status/16/auth-sim-locked.svg
auth-sim-missing.svg	/usr/share/icons/breeze-dark/status/16/auth-sim-missing.svg
battery-000-charging-profile-balanced.svg	/usr/share/icons/breeze-dark/status/16/battery-000-charging-profile-balanced.svg
battery-000-charging-profile-performance.svg	/usr/share/icons/breeze-dark/status/16/battery-000-charging-profile-performance.svg
battery-000-charging-profile-powersave.svg	/usr/share/icons/breeze-dark/status/16/battery-000-charging-profile-powersave.svg
battery-000-charging-symbolic.svg	/usr/share/icons/breeze-dark/status/16/battery-000-charging-symbolic.svg
battery-000-charging.svg	/usr/share/icons/breeze-dark/status/16/battery-000-charging.svg
battery-000-profile-balanced.svg	/usr/share/icons/breeze-dark/status/16/battery-000-profile-balanced.svg
battery-000-profile-performance.svg	/usr/share/icons/breeze-dark/status/16/battery-000-profile-performance.svg
battery-000-profile-powersave.svg	/usr/share/icons/breeze-dark/status/16/battery-000-profile-powersave.svg
battery-000-symbolic.svg	/usr/share/icons/breeze-dark/status/16/battery-000-symbolic.svg
battery-000.svg	/usr/share/icons/breeze-dark/status/16/battery-000.svg
battery-010-charging-profile-balanced.svg	/usr/share/icons/breeze-dark/status/16/battery-010-charging-profile-balanced.svg
battery-010-charging-profile-performance.svg	/usr/share/icons/breeze-dark/status/16/battery-010-charging-profile-performance.svg
battery-010-charging-profile-powersave.svg	/usr/share/icons/breeze-dark/status/16/battery-010-charging-profile-powersave.svg
battery-010-charging-symbolic.svg	/usr/share/icons/breeze-dark/status/16/battery-010-charging-symbolic.svg
battery-010-charging.svg	/usr/share/icons/breeze-dark/status/16/battery-010-charging.svg
battery-010-profile-balanced.svg	/usr/share/icons/breeze-dark/status/16/battery-010-profile-balanced.svg
battery-010-profile-performance.svg	/usr/share/icons/breeze-dark/status/16/battery-010-profile-performance.svg
battery-010-profile-powersave.svg	/usr/share/icons/breeze-dark/status/16/battery-010-profile-powersave.svg
battery-010-symbolic.svg	/usr/share/icons/breeze-dark/status/16/battery-010-symbolic.svg
battery-010.svg	/usr/share/icons/breeze-dark/status/16/battery-010.svg
battery-020-charging-profile-balanced.svg	/usr/share/icons/breeze-dark/status/16/battery-020-charging-profile-balanced.svg
battery-020-charging-profile-performance.svg	/usr/share/icons/breeze-dark/status/16/battery-020-charging-profile-performance.svg
battery-020-charging-profile-powersave.svg	/usr/share/icons/breeze-dark/status/16/battery-020-charging-profile-powersave.svg
battery-020-charging-symbolic.svg	/usr/share/icons/breeze-dark/status/16/battery-020-charging-symbolic.svg
battery-020-charging.svg	/usr/share/icons/breeze-dark/status/16/battery-020-charging.svg
battery-020-profile-balanced.svg	/usr/share/icons/breeze-dark/status/16/battery-020-profile-balanced.svg
battery-020-profile-performance.svg	/usr/share/icons/breeze-dark/status/16/battery-020-profile-performance.svg
battery-020-profile-powersave.svg	/usr/share/icons/breeze-dark/status/16/battery-020-profile-powersave.svg
battery-020-symbolic.svg	/usr/share/icons/breeze-dark/status/16/battery-020-symbolic.svg
battery-020.svg	/usr/share/icons/breeze-dark/status/16/battery-020.svg
battery-030-charging-profile-balanced.svg	/usr/share/icons/breeze-dark/status/16/battery-030-charging-profile-balanced.svg
battery-030-charging-profile-performance.svg	/usr/share/icons/breeze-dark/status/16/battery-030-charging-profile-performance.svg
battery-030-charging-profile-powersave.svg	/usr/share/icons/breeze-dark/status/16/battery-030-charging-profile-powersave.svg
battery-030-charging-symbolic.svg	/usr/share/icons/breeze-dark/status/16/battery-030-charging-symbolic.svg
battery-030-charging.svg	/usr/share/icons/breeze-dark/status/16/battery-030-charging.svg
battery-030-profile-balanced.svg	/usr/share/icons/breeze-dark/status/16/battery-030-profile-balanced.svg
battery-030-profile-performance.svg	/usr/share/icons/breeze-dark/status/16/battery-030-profile-performance.svg
battery-030-profile-powersave.svg	/usr/share/icons/breeze-dark/status/16/battery-030-profile-powersave.svg
battery-030-symbolic.svg	/usr/share/icons/breeze-dark/status/16/battery-030-symbolic.svg
battery-030.svg	/usr/share/icons/breeze-dark/status/16/battery-030.svg
battery-040-charging-profile-balanced.svg	/usr/share/icons/breeze-dark/status/16/battery-040-charging-profile-balanced.svg
battery-040-charging-profile-performance.svg	/usr/share/icons/breeze-dark/status/16/battery-040-charging-profile-performance.svg
battery-040-charging-profile-powersave.svg	/usr/share/icons/breeze-dark/status/16/battery-040-charging-profile-powersave.svg
battery-040-charging-symbolic.svg	/usr/share/icons/breeze-dark/status/16/battery-040-charging-symbolic.svg
battery-040-charging.svg	/usr/share/icons/breeze-dark/status/16/battery-040-charging.svg
battery-040-profile-balanced.svg	/usr/share/icons/breeze-dark/status/16/battery-040-profile-balanced.svg
battery-040-profile-performance.svg	/usr/share/icons/breeze-dark/status/16/battery-040-profile-performance.svg
battery-040-profile-powersave.svg	/usr/share/icons/breeze-dark/status/16/battery-040-profile-powersave.svg
battery-040-symbolic.svg	/usr/share/icons/breeze-dark/status/16/battery-040-symbolic.svg
battery-040.svg	/usr/share/icons/breeze-dark/status/16/battery-040.svg
battery-050-charging-profile-balanced.svg	/usr/share/icons/breeze-dark/status/16/battery-050-charging-profile-balanced.svg
battery-050-charging-profile-performance.svg	/usr/share/icons/breeze-dark/status/16/battery-050-charging-profile-performance.svg
battery-050-charging-profile-powersave.svg	/usr/share/icons/breeze-dark/status/16/battery-050-charging-profile-powersave.svg
battery-050-charging-symbolic.svg	/usr/share/icons/breeze-dark/status/16/battery-050-charging-symbolic.svg
battery-050-charging.svg	/usr/share/icons/breeze-dark/status/16/battery-050-charging.svg
battery-050-profile-balanced.svg	/usr/share/icons/breeze-dark/status/16/battery-050-profile-balanced.svg
battery-050-profile-performance.svg	/usr/share/icons/breeze-dark/status/16/battery-050-profile-performance.svg
battery-050-profile-powersave.svg	/usr/share/icons/breeze-dark/status/16/battery-050-profile-powersave.svg
battery-050-symbolic.svg	/usr/share/icons/breeze-dark/status/16/battery-050-symbolic.svg
battery-050.svg	/usr/share/icons/breeze-dark/status/16/battery-050.svg
battery-060-charging-profile-balanced.svg	/usr/share/icons/breeze-dark/status/16/battery-060-charging-profile-balanced.svg
battery-060-charging-profile-performance.svg	/usr/share/icons/breeze-dark/status/16/battery-060-charging-profile-performance.svg
battery-060-charging-profile-powersave.svg	/usr/share/icons/breeze-dark/status/16/battery-060-charging-profile-powersave.svg
battery-060-charging-symbolic.svg	/usr/share/icons/breeze-dark/status/16/battery-060-charging-symbolic.svg
battery-060-charging.svg	/usr/share/icons/breeze-dark/status/16/battery-060-charging.svg
battery-060-profile-balanced.svg	/usr/share/icons/breeze-dark/status/16/battery-060-profile-balanced.svg
battery-060-profile-performance.svg	/usr/share/icons/breeze-dark/status/16/battery-060-profile-performance.svg
battery-060-profile-powersave.svg	/usr/share/icons/breeze-dark/status/16/battery-060-profile-powersave.svg
battery-060-symbolic.svg	/usr/share/icons/breeze-dark/status/16/battery-060-symbolic.svg
battery-060.svg	/usr/share/icons/breeze-dark/status/16/battery-060.svg
battery-070-charging-profile-balanced.svg	/usr/share/icons/breeze-dark/status/16/battery-070-charging-profile-balanced.svg
battery-070-charging-profile-performance.svg	/usr/share/icons/breeze-dark/status/16/battery-070-charging-profile-performance.svg
battery-070-charging-profile-powersave.svg	/usr/share/icons/breeze-dark/status/16/battery-070-charging-profile-powersave.svg
battery-070-charging-symbolic.svg	/usr/share/icons/breeze-dark/status/16/battery-070-charging-symbolic.svg
battery-070-charging.svg	/usr/share/icons/breeze-dark/status/16/battery-070-charging.svg
battery-070-profile-balanced.svg	/usr/share/icons/breeze-dark/status/16/battery-070-profile-balanced.svg
battery-070-profile-performance.svg	/usr/share/icons/breeze-dark/status/16/battery-070-profile-performance.svg
battery-070-profile-powersave.svg	/usr/share/icons/breeze-dark/status/16/battery-070-profile-powersave.svg
battery-070-symbolic.svg	/usr/share/icons/breeze-dark/status/16/battery-070-symbolic.svg
battery-070.svg	/usr/share/icons/breeze-dark/status/16/battery-070.svg
battery-080-charging-profile-balanced.svg	/usr/share/icons/breeze-dark/status/16/battery-080-charging-profile-balanced.svg
battery-080-charging-profile-performance.svg	/usr/share/icons/breeze-dark/status/16/battery-080-charging-profile-performance.svg
battery-080-charging-profile-powersave.svg	/usr/share/icons/breeze-dark/status/16/battery-080-charging-profile-powersave.svg
battery-080-charging-symbolic.svg	/usr/share/icons/breeze-dark/status/16/battery-080-charging-symbolic.svg
battery-080-charging.svg	/usr/share/icons/breeze-dark/status/16/battery-080-charging.svg
battery-080-profile-balanced.svg	/usr/share/icons/breeze-dark/status/16/battery-080-profile-balanced.svg
battery-080-profile-performance.svg	/usr/share/icons/breeze-dark/status/16/battery-080-profile-performance.svg
battery-080-profile-powersave.svg	/usr/share/icons/breeze-dark/status/16/battery-080-profile-powersave.svg
battery-080-symbolic.svg	/usr/share/icons/breeze-dark/status/16/battery-080-symbolic.svg
battery-080.svg	/usr/share/icons/breeze-dark/status/16/battery-080.svg
battery-090-charging-profile-balanced.svg	/usr/share/icons/breeze-dark/status/16/battery-090-charging-profile-balanced.svg
battery-090-charging-profile-performance.svg	/usr/share/icons/breeze-dark/status/16/battery-090-charging-profile-performance.svg
battery-090-charging-profile-powersave.svg	/usr/share/icons/breeze-dark/status/16/battery-090-charging-profile-powersave.svg
battery-090-charging-symbolic.svg	/usr/share/icons/breeze-dark/status/16/battery-090-charging-symbolic.svg
battery-090-charging.svg	/usr/share/icons/breeze-dark/status/16/battery-090-charging.svg
battery-090-profile-balanced.svg	/usr/share/icons/breeze-dark/status/16/battery-090-profile-balanced.svg
battery-090-profile-performance.svg	/usr/share/icons/breeze-dark/status/16/battery-090-profile-performance.svg
battery-090-profile-powersave.svg	/usr/share/icons/breeze-dark/status/16/battery-090-profile-powersave.svg
battery-090-symbolic.svg	/usr/share/icons/breeze-dark/status/16/battery-090-symbolic.svg
battery-090.svg	/usr/share/icons/breeze-dark/status/16/battery-090.svg
battery-100-charging-profile-balanced.svg	/usr/share/icons/breeze-dark/status/16/battery-100-charging-profile-balanced.svg
battery-100-charging-profile-performance.svg	/usr/share/icons/breeze-dark/status/16/battery-100-charging-profile-performance.svg
battery-100-charging-profile-powersave.svg	/usr/share/icons/breeze-dark/status/16/battery-100-charging-profile-powersave.svg
battery-100-charging-symbolic.svg	/usr/share/icons/breeze-dark/status/16/battery-100-charging-symbolic.svg
battery-100-charging.svg	/usr/share/icons/breeze-dark/status/16/battery-100-charging.svg
battery-100-profile-balanced.svg	/usr/share/icons/breeze-dark/status/16/battery-100-profile-balanced.svg
battery-100-profile-performance.svg	/usr/share/icons/breeze-dark/status/16/battery-100-profile-performance.svg
battery-100-profile-powersave.svg	/usr/share/icons/breeze-dark/status/16/battery-100-profile-powersave.svg
battery-100-symbolic.svg	/usr/share/icons/breeze-dark/status/16/battery-100-symbolic.svg
battery-100.svg	/usr/share/icons/breeze-dark/status/16/battery-100.svg
battery-caution-charging.svg	/usr/share/icons/breeze-dark/status/16/battery-caution-charging.svg
battery-caution.svg	/usr/share/icons/breeze-dark/status/16/battery-caution.svg
battery-empty-charging.svg	/usr/share/icons/breeze-dark/status/16/battery-empty-charging.svg
battery-empty.svg	/usr/share/icons/breeze-dark/status/16/battery-empty.svg
battery-full-charging.svg	/usr/share/icons/breeze-dark/status/16/battery-full-charging.svg
battery-full.svg	/usr/share/icons/breeze-dark/status/16/battery-full.svg
battery-good-charging.svg	/usr/share/icons/breeze-dark/status/16/battery-good-charging.svg
battery-good.svg	/usr/share/icons/breeze-dark/status/16/battery-good.svg
battery-low-charging.svg	/usr/share/icons/breeze-dark/status/16/battery-low-charging.svg
battery-low.svg	/usr/share/icons/breeze-dark/status/16/battery-low.svg
battery-missing.svg	/usr/share/icons/breeze-dark/status/16/battery-missing.svg
battery-profile-balanced-symbolic.svg	/usr/share/icons/breeze-dark/status/16/battery-profile-balanced-symbolic.svg
battery-profile-balanced.svg	/usr/share/icons/breeze-dark/status/16/battery-profile-balanced.svg
call-incoming.svg	/usr/share/icons/breeze-dark/status/16/call-incoming.svg
call-missed.svg	/usr/share/icons/breeze-dark/status/16/call-missed.svg
call-outgoing.svg	/usr/share/icons/breeze-dark/status/16/call-outgoing.svg
camera-off-symbolic.svg	/usr/share/icons/breeze-dark/status/16/camera-off-symbolic.svg
camera-off.svg	/usr/share/icons/breeze-dark/status/16/camera-off.svg
camera-on-symbolic.svg	/usr/share/icons/breeze-dark/status/16/camera-on-symbolic.svg
camera-on.svg	/usr/share/icons/breeze-dark/status/16/camera-on.svg
camera-ready-symbolic.svg	/usr/share/icons/breeze-dark/status/16/camera-ready-symbolic.svg
camera-ready.svg	/usr/share/icons/breeze-dark/status/16/camera-ready.svg
cloudstatus-symbolic.svg	/usr/share/icons/breeze-dark/status/16/cloudstatus-symbolic.svg
cloudstatus.svg	/usr/share/icons/breeze-dark/status/16/cloudstatus.svg
crow-translate-tray-symbolic.svg	/usr/share/icons/breeze-dark/status/16/crow-translate-tray-symbolic.svg
crow-translate-tray.svg	/usr/share/icons/breeze-dark/status/16/crow-translate-tray.svg
data-error.svg	/usr/share/icons/breeze-dark/status/16/data-error.svg
data-information.svg	/usr/share/icons/breeze-dark/status/16/data-information.svg
data-question.svg	/usr/share/icons/breeze-dark/status/16/data-question.svg
data-warning.svg	/usr/share/icons/breeze-dark/status/16/data-warning.svg
device-notifier-symbolic.svg	/usr/share/icons/breeze-dark/status/16/device-notifier-symbolic.svg
dialog-error.svg	/usr/share/icons/breeze-dark/status/16/dialog-error.svg
dialog-information.svg	/usr/share/icons/breeze-dark/status/16/dialog-information.svg
dialog-password.svg	/usr/share/icons/breeze-dark/status/16/dialog-password.svg
dialog-question.svg	/usr/share/icons/breeze-dark/status/16/dialog-question.svg
dialog-warning.svg	/usr/share/icons/breeze-dark/status/16/dialog-warning.svg
disk-quota-critical.svg	/usr/share/icons/breeze-dark/status/16/disk-quota-critical.svg
disk-quota-high.svg	/usr/share/icons/breeze-dark/status/16/disk-quota-high.svg
disk-quota-low.svg	/usr/share/icons/breeze-dark/status/16/disk-quota-low.svg
disk-quota.svg	/usr/share/icons/breeze-dark/status/16/disk-quota.svg
firewall-applet-error-symbolic.svg	/usr/share/icons/breeze-dark/status/16/firewall-applet-error-symbolic.svg
firewall-applet-error.svg	/usr/share/icons/breeze-dark/status/16/firewall-applet-error.svg
firewall-applet-panic-symbolic.svg	/usr/share/icons/breeze-dark/status/16/firewall-applet-panic-symbolic.svg
firewall-applet-panic.svg	/usr/share/icons/breeze-dark/status/16/firewall-applet-panic.svg
firewall-applet-shields_up-symbolic.svg	/usr/share/icons/breeze-dark/status/16/firewall-applet-shields_up-symbolic.svg
firewall-applet-shields_up.svg	/usr/share/icons/breeze-dark/status/16/firewall-applet-shields_up.svg
firewall-applet-symbolic.svg	/usr/share/icons/breeze-dark/status/16/firewall-applet-symbolic.svg
firewall-applet.svg	/usr/share/icons/breeze-dark/status/16/firewall-applet.svg
input-caps-on-symbolic.svg	/usr/share/icons/breeze-dark/status/16/input-caps-on-symbolic.svg
input-caps-on.svg	/usr/share/icons/breeze-dark/status/16/input-caps-on.svg
irc-channel-joined-symbolic.svg	/usr/share/icons/breeze-dark/status/16/irc-channel-joined-symbolic.svg
irc-channel-joined.svg	/usr/share/icons/breeze-dark/status/16/irc-channel-joined.svg
irc-channel-parted-symbolic.svg	/usr/share/icons/breeze-dark/status/16/irc-channel-parted-symbolic.svg
irc-channel-parted.svg	/usr/share/icons/breeze-dark/status/16/irc-channel-parted.svg
kdeconnect-tray-symbolic.svg	/usr/share/icons/breeze-dark/status/16/kdeconnect-tray-symbolic.svg
kdeconnect-tray.svg	/usr/share/icons/breeze-dark/status/16/kdeconnect-tray.svg
media-playback-paused-symbolic.svg	/usr/share/icons/breeze-dark/status/16/media-playback-paused-symbolic.svg
media-playback-paused.svg	/usr/share/icons/breeze-dark/status/16/media-playback-paused.svg
media-playback-playing-symbolic.svg	/usr/share/icons/breeze-dark/status/16/media-playback-playing-symbolic.svg
media-playback-playing.svg	/usr/share/icons/breeze-dark/status/16/media-playback-playing.svg
media-playback-stopped-symbolic.svg	/usr/share/icons/breeze-dark/status/16/media-playback-stopped-symbolic.svg
media-playback-stopped.svg	/usr/share/icons/breeze-dark/status/16/media-playback-stopped.svg
media-playlist-consecutive-symbolic-rtl.svg	/usr/share/icons/breeze-dark/status/16/media-playlist-consecutive-symbolic-rtl.svg
media-playlist-repeat-song-symbolic-rtl.svg	/usr/share/icons/breeze-dark/status/16/media-playlist-repeat-song-symbolic-rtl.svg
media-playlist-repeat-symbolic-rtl.svg	/usr/share/icons/breeze-dark/status/16/media-playlist-repeat-symbolic-rtl.svg
media-playlist-shuffle-symbolic-rtl.svg	/usr/share/icons/breeze-dark/status/16/media-playlist-shuffle-symbolic-rtl.svg
meeting-organizer-symbolic.svg	/usr/share/icons/breeze-dark/status/16/meeting-organizer-symbolic.svg
meeting-organizer.svg	/usr/share/icons/breeze-dark/status/16/meeting-organizer.svg
mic-off-symbolic.svg	/usr/share/icons/breeze-dark/status/16/mic-off-symbolic.svg
mic-off.svg	/usr/share/icons/breeze-dark/status/16/mic-off.svg
mic-on-symbolic.svg	/usr/share/icons/breeze-dark/status/16/mic-on-symbolic.svg
mic-on.svg	/usr/share/icons/breeze-dark/status/16/mic-on.svg
mic-ready-symbolic.svg	/usr/share/icons/breeze-dark/status/16/mic-ready-symbolic.svg
mic-ready.svg	/usr/share/icons/breeze-dark/status/16/mic-ready.svg
microphone-sensitivity-high.svg	/usr/share/icons/breeze-dark/status/16/microphone-sensitivity-high.svg
microphone-sensitivity-low.svg	/usr/share/icons/breeze-dark/status/16/microphone-sensitivity-low.svg
microphone-sensitivity-medium.svg	/usr/share/icons/breeze-dark/status/16/microphone-sensitivity-medium.svg
microphone-sensitivity-muted.svg	/usr/share/icons/breeze-dark/status/16/microphone-sensitivity-muted.svg
non-starred.svg	/usr/share/icons/breeze-dark/status/16/non-starred.svg
org.kde.CrowTranslate-tray-symbolic.svg	/usr/share/icons/breeze-dark/status/16/org.kde.CrowTranslate-tray-symbolic.svg
org.kde.CrowTranslate-tray.svg	/usr/share/icons/breeze-dark/status/16/org.kde.CrowTranslate-tray.svg
pidgin-tray-available-symbolic.svg	/usr/share/icons/breeze-dark/status/16/pidgin-tray-available-symbolic.svg
pidgin-tray-available.svg	/usr/share/icons/breeze-dark/status/16/pidgin-tray-available.svg
pidgin-tray-away-symbolic.svg	/usr/share/icons/breeze-dark/status/16/pidgin-tray-away-symbolic.svg
pidgin-tray-away.svg	/usr/share/icons/breeze-dark/status/16/pidgin-tray-away.svg
pidgin-tray-busy-symbolic.svg	/usr/share/icons/breeze-dark/status/16/pidgin-tray-busy-symbolic.svg
pidgin-tray-busy.svg	/usr/share/icons/breeze-dark/status/16/pidgin-tray-busy.svg
pidgin-tray-email-symbolic.svg	/usr/share/icons/breeze-dark/status/16/pidgin-tray-email-symbolic.svg
pidgin-tray-email.svg	/usr/share/icons/breeze-dark/status/16/pidgin-tray-email.svg
pidgin-tray-invisible-symbolic.svg	/usr/share/icons/breeze-dark/status/16/pidgin-tray-invisible-symbolic.svg
pidgin-tray-invisible.svg	/usr/share/icons/breeze-dark/status/16/pidgin-tray-invisible.svg
pidgin-tray-offline-symbolic.svg	/usr/share/icons/breeze-dark/status/16/pidgin-tray-offline-symbolic.svg
pidgin-tray-offline.svg	/usr/share/icons/breeze-dark/status/16/pidgin-tray-offline.svg
pidgin-tray-pending-symbolic.svg	/usr/share/icons/breeze-dark/status/16/pidgin-tray-pending-symbolic.svg
pidgin-tray-pending.svg	/usr/share/icons/breeze-dark/status/16/pidgin-tray-pending.svg
pidgin-tray-xa-symbolic.svg	/usr/share/icons/breeze-dark/status/16/pidgin-tray-xa-symbolic.svg
pidgin-tray-xa.svg	/usr/share/icons/breeze-dark/status/16/pidgin-tray-xa.svg
process-working-symbolic.svg	/usr/share/icons/breeze-dark/status/16/process-working-symbolic.svg
rating-unrated-symbolic.svg	/usr/share/icons/breeze-dark/status/16/rating-unrated-symbolic.svg
rotation-allowed.svg	/usr/share/icons/breeze-dark/status/16/rotation-allowed.svg
rotation-locked-landscape-symbolic.svg	/usr/share/icons/breeze-dark/status/16/rotation-locked-landscape-symbolic.svg
rotation-locked-landscape.svg	/usr/share/icons/breeze-dark/status/16/rotation-locked-landscape.svg
rotation-locked-portrait-symbolic.svg	/usr/share/icons/breeze-dark/status/16/rotation-locked-portrait-symbolic.svg
rotation-locked-portrait.svg	/usr/share/icons/breeze-dark/status/16/rotation-locked-portrait.svg
security-high.svg	/usr/share/icons/breeze-dark/status/16/security-high.svg
security-low.svg	/usr/share/icons/breeze-dark/status/16/security-low.svg
security-medium.svg	/usr/share/icons/breeze-dark/status/16/security-medium.svg
semi-starred-rtl.svg	/usr/share/icons/breeze-dark/status/16/semi-starred-rtl.svg
semi-starred.svg	/usr/share/icons/breeze-dark/status/16/semi-starred.svg
starred.svg	/usr/share/icons/breeze-dark/status/16/starred.svg
state-download-symbolic.svg	/usr/share/icons/breeze-dark/status/16/state-download-symbolic.svg
state-download.svg	/usr/share/icons/breeze-dark/status/16/state-download.svg
state-error-symbolic.svg	/usr/share/icons/breeze-dark/status/16/state-error-symbolic.svg
state-error.svg	/usr/share/icons/breeze-dark/status/16/state-error.svg
state-information-symbolic.svg	/usr/share/icons/breeze-dark/status/16/state-information-symbolic.svg
state-information.svg	/usr/share/icons/breeze-dark/status/16/state-information.svg
state-offline-symbolic.svg	/usr/share/icons/breeze-dark/status/16/state-offline-symbolic.svg
state-offline.svg	/usr/share/icons/breeze-dark/status/16/state-offline.svg
state-ok-symbolic.svg	/usr/share/icons/breeze-dark/status/16/state-ok-symbolic.svg
state-ok.svg	/usr/share/icons/breeze-dark/status/16/state-ok.svg
state-pause-symbolic.svg	/usr/share/icons/breeze-dark/status/16/state-pause-symbolic.svg
state-pause.svg	/usr/share/icons/breeze-dark/status/16/state-pause.svg
state-sync-symbolic.svg	/usr/share/icons/breeze-dark/status/16/state-sync-symbolic.svg
state-sync.svg	/usr/share/icons/breeze-dark/status/16/state-sync.svg
state-warning-symbolic.svg	/usr/share/icons/breeze-dark/status/16/state-warning-symbolic.svg
state-warning.svg	/usr/share/icons/breeze-dark/status/16/state-warning.svg
task-complete-symbolic.svg	/usr/share/icons/breeze-dark/status/16/task-complete-symbolic.svg
task-complete.svg	/usr/share/icons/breeze-dark/status/16/task-complete.svg
task-process-0-symbolic.svg	/usr/share/icons/breeze-dark/status/16/task-process-0-symbolic.svg
task-process-0.svg	/usr/share/icons/breeze-dark/status/16/task-process-0.svg
task-process-1-symbolic.svg	/usr/share/icons/breeze-dark/status/16/task-process-1-symbolic.svg
task-process-1.svg	/usr/share/icons/breeze-dark/status/16/task-process-1.svg
task-process-2-symbolic.svg	/usr/share/icons/breeze-dark/status/16/task-process-2-symbolic.svg
task-process-2.svg	/usr/share/icons/breeze-dark/status/16/task-process-2.svg
task-process-3-symbolic.svg	/usr/share/icons/breeze-dark/status/16/task-process-3-symbolic.svg
task-process-3.svg	/usr/share/icons/breeze-dark/status/16/task-process-3.svg
task-process-4-symbolic.svg	/usr/share/icons/breeze-dark/status/16/task-process-4-symbolic.svg
task-process-4.svg	/usr/share/icons/breeze-dark/status/16/task-process-4.svg
task-recurring-symbolic.svg	/usr/share/icons/breeze-dark/status/16/task-recurring-symbolic.svg
task-recurring.svg	/usr/share/icons/breeze-dark/status/16/task-recurring.svg
task-reminder-symbolic.svg	/usr/share/icons/breeze-dark/status/16/task-reminder-symbolic.svg
task-reminder.svg	/usr/share/icons/breeze-dark/status/16/task-reminder.svg
temperature-cold-symbolic.svg	/usr/share/icons/breeze-dark/status/16/temperature-cold-symbolic.svg
temperature-cold.svg	/usr/share/icons/breeze-dark/status/16/temperature-cold.svg
temperature-normal-symbolic.svg	/usr/share/icons/breeze-dark/status/16/temperature-normal-symbolic.svg
temperature-normal.svg	/usr/share/icons/breeze-dark/status/16/temperature-normal.svg
temperature-warm-symbolic.svg	/usr/share/icons/breeze-dark/status/16/temperature-warm-symbolic.svg
temperature-warm.svg	/usr/share/icons/breeze-dark/status/16/temperature-warm.svg
user-available.svg	/usr/share/icons/breeze-dark/status/16/user-available.svg
user-away-extended-symbolic.svg	/usr/share/icons/breeze-dark/status/16/user-away-extended-symbolic.svg
user-away-extended.svg	/usr/share/icons/breeze-dark/status/16/user-away-extended.svg
user-away.svg	/usr/share/icons/breeze-dark/status/16/user-away.svg
user-busy.svg	/usr/share/icons/breeze-dark/status/16/user-busy.svg
user-idle.svg	/usr/share/icons/breeze-dark/status/16/user-idle.svg
user-invisible.svg	/usr/share/icons/breeze-dark/status/16/user-invisible.svg
user-offline.svg	/usr/share/icons/breeze-dark/status/16/user-offline.svg
user-online-symbolic.svg	/usr/share/icons/breeze-dark/status/16/user-online-symbolic.svg
user-online.svg	/usr/share/icons/breeze-dark/status/16/user-online.svg
waveform-off-symbolic.svg	/usr/share/icons/breeze-dark/status/16/waveform-off-symbolic.svg
waveform-off.svg	/usr/share/icons/breeze-dark/status/16/waveform-off.svg
apport.svg	/usr/share/icons/breeze-dark/status/22/apport.svg
audio-off-rtl.svg	/usr/share/icons/breeze-dark/status/22/audio-off-rtl.svg
audio-off-symbolic-rtl.svg	/usr/share/icons/breeze-dark/status/22/audio-off-symbolic-rtl.svg
audio-on-rtl.svg	/usr/share/icons/breeze-dark/status/22/audio-on-rtl.svg
audio-on-symbolic-rtl.svg	/usr/share/icons/breeze-dark/status/22/audio-on-symbolic-rtl.svg
audio-ready-rtl.svg	/usr/share/icons/breeze-dark/status/22/audio-ready-rtl.svg
audio-ready-symbolic-rtl.svg	/usr/share/icons/breeze-dark/status/22/audio-ready-symbolic-rtl.svg
audio-volume-high-danger-rtl.svg	/usr/share/icons/breeze-dark/status/22/audio-volume-high-danger-rtl.svg
audio-volume-high-danger-symbolic-rtl.svg	/usr/share/icons/breeze-dark/status/22/audio-volume-high-danger-symbolic-rtl.svg
audio-volume-high-rtl.svg	/usr/share/icons/breeze-dark/status/22/audio-volume-high-rtl.svg
audio-volume-high-warning-rtl.svg	/usr/share/icons/breeze-dark/status/22/audio-volume-high-warning-rtl.svg
audio-volume-high-warning-symbolic-rtl.svg	/usr/share/icons/breeze-dark/status/22/audio-volume-high-warning-symbolic-rtl.svg
audio-volume-low-rtl.svg	/usr/share/icons/breeze-dark/status/22/audio-volume-low-rtl.svg
audio-volume-medium-rtl.svg	/usr/share/icons/breeze-dark/status/22/audio-volume-medium-rtl.svg
audio-volume-muted-rtl.svg	/usr/share/icons/breeze-dark/status/22/audio-volume-muted-rtl.svg
battery-profile-performance-symbolic.svg	/usr/share/icons/breeze-dark/status/22/battery-profile-performance-symbolic.svg
battery-profile-performance.svg	/usr/share/icons/breeze-dark/status/22/battery-profile-performance.svg
battery-profile-powersave-symbolic.svg	/usr/share/icons/breeze-dark/status/22/battery-profile-powersave-symbolic.svg
battery-profile-powersave.svg	/usr/share/icons/breeze-dark/status/22/battery-profile-powersave.svg
com.github.ztefn.haguichi-connected-symbolic.svg	/usr/share/icons/breeze-dark/status/22/com.github.ztefn.haguichi-connected-symbolic.svg
com.github.ztefn.haguichi-connected.svg	/usr/share/icons/breeze-dark/status/22/com.github.ztefn.haguichi-connected.svg
com.github.ztefn.haguichi-connecting-1-symbolic.svg	/usr/share/icons/breeze-dark/status/22/com.github.ztefn.haguichi-connecting-1-symbolic.svg
com.github.ztefn.haguichi-connecting-1.svg	/usr/share/icons/breeze-dark/status/22/com.github.ztefn.haguichi-connecting-1.svg
com.github.ztefn.haguichi-connecting-2-symbolic.svg	/usr/share/icons/breeze-dark/status/22/com.github.ztefn.haguichi-connecting-2-symbolic.svg
com.github.ztefn.haguichi-connecting-2.svg	/usr/share/icons/breeze-dark/status/22/com.github.ztefn.haguichi-connecting-2.svg
com.github.ztefn.haguichi-connecting-3-symbolic.svg	/usr/share/icons/breeze-dark/status/22/com.github.ztefn.haguichi-connecting-3-symbolic.svg
com.github.ztefn.haguichi-connecting-3.svg	/usr/share/icons/breeze-dark/status/22/com.github.ztefn.haguichi-connecting-3.svg
com.github.ztefn.haguichi-disconnected-symbolic.svg	/usr/share/icons/breeze-dark/status/22/com.github.ztefn.haguichi-disconnected-symbolic.svg
com.github.ztefn.haguichi-disconnected.svg	/usr/share/icons/breeze-dark/status/22/com.github.ztefn.haguichi-disconnected.svg
data-success.svg	/usr/share/icons/breeze-dark/status/22/data-success.svg
dialog-positive.svg	/usr/share/icons/breeze-dark/status/22/dialog-positive.svg
disk-quota-critical-symbolic.svg	/usr/share/icons/breeze-dark/status/22/disk-quota-critical-symbolic.svg
disk-quota-high-symbolic.svg	/usr/share/icons/breeze-dark/status/22/disk-quota-high-symbolic.svg
disk-quota-low-symbolic.svg	/usr/share/icons/breeze-dark/status/22/disk-quota-low-symbolic.svg
disk-quota-symbolic.svg	/usr/share/icons/breeze-dark/status/22/disk-quota-symbolic.svg
dropboxstatus-busy-symbolic.svg	/usr/share/icons/breeze-dark/status/22/dropboxstatus-busy-symbolic.svg
dropboxstatus-busy.svg	/usr/share/icons/breeze-dark/status/22/dropboxstatus-busy.svg
dropboxstatus-busy2-symbolic.svg	/usr/share/icons/breeze-dark/status/22/dropboxstatus-busy2-symbolic.svg
dropboxstatus-busy2.svg	/usr/share/icons/breeze-dark/status/22/dropboxstatus-busy2.svg
dropboxstatus-idle-symbolic.svg	/usr/share/icons/breeze-dark/status/22/dropboxstatus-idle-symbolic.svg
dropboxstatus-idle.svg	/usr/share/icons/breeze-dark/status/22/dropboxstatus-idle.svg
dropboxstatus-logo-symbolic.svg	/usr/share/icons/breeze-dark/status/22/dropboxstatus-logo-symbolic.svg
dropboxstatus-logo.svg	/usr/share/icons/breeze-dark/status/22/dropboxstatus-logo.svg
dropboxstatus-x-symbolic.svg	/usr/share/icons/breeze-dark/status/22/dropboxstatus-x-symbolic.svg
dropboxstatus-x.svg	/usr/share/icons/breeze-dark/status/22/dropboxstatus-x.svg
fcitx-anthy.svg	/usr/share/icons/breeze-dark/status/22/fcitx-anthy.svg
fcitx-bopomofo-libpinyin.svg	/usr/share/icons/breeze-dark/status/22/fcitx-bopomofo-libpinyin.svg
fcitx-bopomofo.svg	/usr/share/icons/breeze-dark/status/22/fcitx-bopomofo.svg
fcitx-cangjie.svg	/usr/share/icons/breeze-dark/status/22/fcitx-cangjie.svg
fcitx-chewing-libpinyin.svg	/usr/share/icons/breeze-dark/status/22/fcitx-chewing-libpinyin.svg
fcitx-chewing.svg	/usr/share/icons/breeze-dark/status/22/fcitx-chewing.svg
fcitx-chttrans-active.svg	/usr/share/icons/breeze-dark/status/22/fcitx-chttrans-active.svg
fcitx-chttrans-inactive.svg	/usr/share/icons/breeze-dark/status/22/fcitx-chttrans-inactive.svg
fcitx-emoji.svg	/usr/share/icons/breeze-dark/status/22/fcitx-emoji.svg
fcitx-erbi.svg	/usr/share/icons/breeze-dark/status/22/fcitx-erbi.svg
fcitx-fullwidth-active.svg	/usr/share/icons/breeze-dark/status/22/fcitx-fullwidth-active.svg
fcitx-fullwidth-inactive.svg	/usr/share/icons/breeze-dark/status/22/fcitx-fullwidth-inactive.svg
fcitx-googlepinyin-symbolic.svg	/usr/share/icons/breeze-dark/status/22/fcitx-googlepinyin-symbolic.svg
fcitx-googlepinyin.svg	/usr/share/icons/breeze-dark/status/22/fcitx-googlepinyin.svg
fcitx-handwriting-active.svg	/usr/share/icons/breeze-dark/status/22/fcitx-handwriting-active.svg
fcitx-handwriting-inactive.svg	/usr/share/icons/breeze-dark/status/22/fcitx-handwriting-inactive.svg
fcitx-hangul.svg	/usr/share/icons/breeze-dark/status/22/fcitx-hangul.svg
fcitx-kbd.svg	/usr/share/icons/breeze-dark/status/22/fcitx-kbd.svg
fcitx-libkkc.svg	/usr/share/icons/breeze-dark/status/22/fcitx-libkkc.svg
fcitx-libskk.svg	/usr/share/icons/breeze-dark/status/22/fcitx-libskk.svg
fcitx-pinyin-libpinyin-symbolic.svg	/usr/share/icons/breeze-dark/status/22/fcitx-pinyin-libpinyin-symbolic.svg
fcitx-pinyin-libpinyin.svg	/usr/share/icons/breeze-dark/status/22/fcitx-pinyin-libpinyin.svg
fcitx-pinyin-symbolic.svg	/usr/share/icons/breeze-dark/status/22/fcitx-pinyin-symbolic.svg
fcitx-pinyin.svg	/usr/share/icons/breeze-dark/status/22/fcitx-pinyin.svg
fcitx-punc-active.svg	/usr/share/icons/breeze-dark/status/22/fcitx-punc-active.svg
fcitx-punc-inactive.svg	/usr/share/icons/breeze-dark/status/22/fcitx-punc-inactive.svg
fcitx-quanpin-libpinyin.svg	/usr/share/icons/breeze-dark/status/22/fcitx-quanpin-libpinyin.svg
fcitx-quanpin.svg	/usr/share/icons/breeze-dark/status/22/fcitx-quanpin.svg
fcitx-remind-active.svg	/usr/share/icons/breeze-dark/status/22/fcitx-remind-active.svg
fcitx-remind-inactive.svg	/usr/share/icons/breeze-dark/status/22/fcitx-remind-inactive.svg
fcitx-rime.svg	/usr/share/icons/breeze-dark/status/22/fcitx-rime.svg
fcitx-shuangpin-libpinyin-symbolic.svg	/usr/share/icons/breeze-dark/status/22/fcitx-shuangpin-libpinyin-symbolic.svg
fcitx-shuangpin-libpinyin.svg	/usr/share/icons/breeze-dark/status/22/fcitx-shuangpin-libpinyin.svg
fcitx-shuangpin-symbolic.svg	/usr/share/icons/breeze-dark/status/22/fcitx-shuangpin-symbolic.svg
fcitx-shuangpin.svg	/usr/share/icons/breeze-dark/status/22/fcitx-shuangpin.svg
fcitx-sunpinyin-symbolic.svg	/usr/share/icons/breeze-dark/status/22/fcitx-sunpinyin-symbolic.svg
fcitx-sunpinyin.svg	/usr/share/icons/breeze-dark/status/22/fcitx-sunpinyin.svg
fcitx-unikey.svg	/usr/share/icons/breeze-dark/status/22/fcitx-unikey.svg
fcitx-vk-active.svg	/usr/share/icons/breeze-dark/status/22/fcitx-vk-active.svg
fcitx-vk-inactive.svg	/usr/share/icons/breeze-dark/status/22/fcitx-vk-inactive.svg
fcitx-wbpy.svg	/usr/share/icons/breeze-dark/status/22/fcitx-wbpy.svg
fcitx-wubi-symbolic.svg	/usr/share/icons/breeze-dark/status/22/fcitx-wubi-symbolic.svg
fcitx-wubi.svg	/usr/share/icons/breeze-dark/status/22/fcitx-wubi.svg
fcitx-ziranma.svg	/usr/share/icons/breeze-dark/status/22/fcitx-ziranma.svg
fcitx.svg	/usr/share/icons/breeze-dark/status/22/fcitx.svg
flameshot-tray-symbolic.svg	/usr/share/icons/breeze-dark/status/22/flameshot-tray-symbolic.svg
flameshot-tray.svg	/usr/share/icons/breeze-dark/status/22/flameshot-tray.svg
flightmode-off.svg	/usr/share/icons/breeze-dark/status/22/flightmode-off.svg
flightmode-on.svg	/usr/share/icons/breeze-dark/status/22/flightmode-on.svg
haguichi-connected-symbolic.svg	/usr/share/icons/breeze-dark/status/22/haguichi-connected-symbolic.svg
haguichi-connected.svg	/usr/share/icons/breeze-dark/status/22/haguichi-connected.svg
haguichi-connecting-1-symbolic.svg	/usr/share/icons/breeze-dark/status/22/haguichi-connecting-1-symbolic.svg
haguichi-connecting-1.svg	/usr/share/icons/breeze-dark/status/22/haguichi-connecting-1.svg
haguichi-connecting-2-symbolic.svg	/usr/share/icons/breeze-dark/status/22/haguichi-connecting-2-symbolic.svg
haguichi-connecting-2.svg	/usr/share/icons/breeze-dark/status/22/haguichi-connecting-2.svg
haguichi-connecting-3-symbolic.svg	/usr/share/icons/breeze-dark/status/22/haguichi-connecting-3-symbolic.svg
haguichi-connecting-3.svg	/usr/share/icons/breeze-dark/status/22/haguichi-connecting-3.svg
haguichi-disconnected-symbolic.svg	/usr/share/icons/breeze-dark/status/22/haguichi-disconnected-symbolic.svg
haguichi-disconnected.svg	/usr/share/icons/breeze-dark/status/22/haguichi-disconnected.svg
ime-anthy.svg	/usr/share/icons/breeze-dark/status/22/ime-anthy.svg
ime-bopomofo.svg	/usr/share/icons/breeze-dark/status/22/ime-bopomofo.svg
ime-cangjie.svg	/usr/share/icons/breeze-dark/status/22/ime-cangjie.svg
ime-chewing.svg	/usr/share/icons/breeze-dark/status/22/ime-chewing.svg
ime-chinese-simplified.svg	/usr/share/icons/breeze-dark/status/22/ime-chinese-simplified.svg
ime-chinese-traditional.svg	/usr/share/icons/breeze-dark/status/22/ime-chinese-traditional.svg
ime-emoji.svg	/usr/share/icons/breeze-dark/status/22/ime-emoji.svg
ime-erbi.svg	/usr/share/icons/breeze-dark/status/22/ime-erbi.svg
ime-fullwidth.svg	/usr/share/icons/breeze-dark/status/22/ime-fullwidth.svg
ime-googlepinyin.svg	/usr/share/icons/breeze-dark/status/22/ime-googlepinyin.svg
ime-halfwidth.svg	/usr/share/icons/breeze-dark/status/22/ime-halfwidth.svg
ime-handwriting-off.svg	/usr/share/icons/breeze-dark/status/22/ime-handwriting-off.svg
ime-handwriting-on.svg	/usr/share/icons/breeze-dark/status/22/ime-handwriting-on.svg
ime-hangul.svg	/usr/share/icons/breeze-dark/status/22/ime-hangul.svg
ime-libkkc.svg	/usr/share/icons/breeze-dark/status/22/ime-libkkc.svg
ime-libpinyin-bopomofo.svg	/usr/share/icons/breeze-dark/status/22/ime-libpinyin-bopomofo.svg
ime-libpinyin-chewing.svg	/usr/share/icons/breeze-dark/status/22/ime-libpinyin-chewing.svg
ime-libpinyin-pinyin.svg	/usr/share/icons/breeze-dark/status/22/ime-libpinyin-pinyin.svg
ime-libpinyin-quanpin.svg	/usr/share/icons/breeze-dark/status/22/ime-libpinyin-quanpin.svg
ime-libpinyin-shuangpin.svg	/usr/share/icons/breeze-dark/status/22/ime-libpinyin-shuangpin.svg
ime-libskk.svg	/usr/share/icons/breeze-dark/status/22/ime-libskk.svg
ime-pinyin.svg	/usr/share/icons/breeze-dark/status/22/ime-pinyin.svg
ime-punctuation-fullwidth.svg	/usr/share/icons/breeze-dark/status/22/ime-punctuation-fullwidth.svg
ime-punctuation-halfwidth.svg	/usr/share/icons/breeze-dark/status/22/ime-punctuation-halfwidth.svg
ime-quanpin.svg	/usr/share/icons/breeze-dark/status/22/ime-quanpin.svg
ime-remind-off.svg	/usr/share/icons/breeze-dark/status/22/ime-remind-off.svg
ime-remind-on.svg	/usr/share/icons/breeze-dark/status/22/ime-remind-on.svg
ime-rime.svg	/usr/share/icons/breeze-dark/status/22/ime-rime.svg
ime-shuangpin.svg	/usr/share/icons/breeze-dark/status/22/ime-shuangpin.svg
ime-sunpinyin.svg	/usr/share/icons/breeze-dark/status/22/ime-sunpinyin.svg
ime-unikey.svg	/usr/share/icons/breeze-dark/status/22/ime-unikey.svg
ime-wubi.svg	/usr/share/icons/breeze-dark/status/22/ime-wubi.svg
ime-wubipinyin.svg	/usr/share/icons/breeze-dark/status/22/ime-wubipinyin.svg
ime-ziranma.svg	/usr/share/icons/breeze-dark/status/22/ime-ziranma.svg
input-combo-on.svg	/usr/share/icons/breeze-dark/status/22/input-combo-on.svg
input-keyboard-battery.svg	/usr/share/icons/breeze-dark/status/22/input-keyboard-battery.svg
input-keyboard-brightness.svg	/usr/share/icons/breeze-dark/status/22/input-keyboard-brightness.svg
input-keyboard-color.svg	/usr/share/icons/breeze-dark/status/22/input-keyboard-color.svg
input-keyboard-virtual-off-symbolic.svg	/usr/share/icons/breeze-dark/status/22/input-keyboard-virtual-off-symbolic.svg
input-keyboard-virtual-off.svg	/usr/share/icons/breeze-dark/status/22/input-keyboard-virtual-off.svg
input-keyboard-virtual-on-symbolic.svg	/usr/share/icons/breeze-dark/status/22/input-keyboard-virtual-on-symbolic.svg
input-keyboard-virtual-on.svg	/usr/share/icons/breeze-dark/status/22/input-keyboard-virtual-on.svg
input-num-on.svg	/usr/share/icons/breeze-dark/status/22/input-num-on.svg
input-touchpad-off-symbolic.svg	/usr/share/icons/breeze-dark/status/22/input-touchpad-off-symbolic.svg
input-touchpad-off.svg	/usr/share/icons/breeze-dark/status/22/input-touchpad-off.svg
input-touchpad-on-symbolic.svg	/usr/share/icons/breeze-dark/status/22/input-touchpad-on-symbolic.svg
input-touchpad-on.svg	/usr/share/icons/breeze-dark/status/22/input-touchpad-on.svg
install-symbolic.svg	/usr/share/icons/breeze-dark/status/22/install-symbolic.svg
install.svg	/usr/share/icons/breeze-dark/status/22/install.svg
kalarm-disabled.svg	/usr/share/icons/breeze-dark/status/22/kalarm-disabled.svg
kalarm-partdisabled.svg	/usr/share/icons/breeze-dark/status/22/kalarm-partdisabled.svg
keyboard-layout.svg	/usr/share/icons/breeze-dark/status/22/keyboard-layout.svg
konv_message.svg	/usr/share/icons/breeze-dark/status/22/konv_message.svg
kpackagekit-important.svg	/usr/share/icons/breeze-dark/status/22/kpackagekit-important.svg
kpackagekit-inactive.svg	/usr/share/icons/breeze-dark/status/22/kpackagekit-inactive.svg
kpackagekit-security.svg	/usr/share/icons/breeze-dark/status/22/kpackagekit-security.svg
kpackagekit-updates.svg	/usr/share/icons/breeze-dark/status/22/kpackagekit-updates.svg
mic-on-rtl.svg	/usr/share/icons/breeze-dark/status/22/mic-on-rtl.svg
mic-on-symbolic-rtl.svg	/usr/share/icons/breeze-dark/status/22/mic-on-symbolic-rtl.svg
mic-ready-rtl.svg	/usr/share/icons/breeze-dark/status/22/mic-ready-rtl.svg
mic-ready-symbolic-rtl.svg	/usr/share/icons/breeze-dark/status/22/mic-ready-symbolic-rtl.svg
microphone-sensitivity-high-rtl.svg	/usr/share/icons/breeze-dark/status/22/microphone-sensitivity-high-rtl.svg
microphone-sensitivity-high-symbolic-rtl.svg	/usr/share/icons/breeze-dark/status/22/microphone-sensitivity-high-symbolic-rtl.svg
microphone-sensitivity-low-rtl.svg	/usr/share/icons/breeze-dark/status/22/microphone-sensitivity-low-rtl.svg
microphone-sensitivity-low-symbolic-rtl.svg	/usr/share/icons/breeze-dark/status/22/microphone-sensitivity-low-symbolic-rtl.svg
microphone-sensitivity-medium-rtl.svg	/usr/share/icons/breeze-dark/status/22/microphone-sensitivity-medium-rtl.svg
microphone-sensitivity-medium-symbolic-rtl.svg	/usr/share/icons/breeze-dark/status/22/microphone-sensitivity-medium-symbolic-rtl.svg
microphone-sensitivity-muted-rtl.svg	/usr/share/icons/breeze-dark/status/22/microphone-sensitivity-muted-rtl.svg
microphone-sensitivity-muted-symbolic-rtl.svg	/usr/share/icons/breeze-dark/status/22/microphone-sensitivity-muted-symbolic-rtl.svg
network-bluetooth-activated-locked-symbolic.svg	/usr/share/icons/breeze-dark/status/22/network-bluetooth-activated-locked-symbolic.svg
network-bluetooth-activated-locked.svg	/usr/share/icons/breeze-dark/status/22/network-bluetooth-activated-locked.svg
network-bluetooth-activated-symbolic.svg	/usr/share/icons/breeze-dark/status/22/network-bluetooth-activated-symbolic.svg
network-bluetooth-activated.svg	/usr/share/icons/breeze-dark/status/22/network-bluetooth-activated.svg
network-bluetooth-inactive-symbolic.svg	/usr/share/icons/breeze-dark/status/22/network-bluetooth-inactive-symbolic.svg
network-flightmode-off-symbolic.svg	/usr/share/icons/breeze-dark/status/22/network-flightmode-off-symbolic.svg
network-flightmode-off.svg	/usr/share/icons/breeze-dark/status/22/network-flightmode-off.svg
network-flightmode-on-symbolic.svg	/usr/share/icons/breeze-dark/status/22/network-flightmode-on-symbolic.svg
network-flightmode-on.svg	/usr/share/icons/breeze-dark/status/22/network-flightmode-on.svg
network-limited-symbolic.svg	/usr/share/icons/breeze-dark/status/22/network-limited-symbolic.svg
network-limited.svg	/usr/share/icons/breeze-dark/status/22/network-limited.svg
network-mobile-0-5g-locked.svg	/usr/share/icons/breeze-dark/status/22/network-mobile-0-5g-locked.svg
network-mobile-0-5g.svg	/usr/share/icons/breeze-dark/status/22/network-mobile-0-5g.svg
network-mobile-0-edge-locked-symbolic.svg	/usr/share/icons/breeze-dark/status/22/network-mobile-0-edge-locked-symbolic.svg
network-mobile-0-edge-locked.svg	/usr/share/icons/breeze-dark/status/22/network-mobile-0-edge-locked.svg
network-mobile-0-edge-symbolic.svg	/usr/share/icons/breeze-dark/status/22/network-mobile-0-edge-symbolic.svg
network-mobile-0-edge.svg	/usr/share/icons/breeze-dark/status/22/network-mobile-0-edge.svg
network-mobile-0-gprs-locked-symbolic.svg	/usr/share/icons/breeze-dark/status/22/network-mobile-0-gprs-locked-symbolic.svg
network-mobile-0-gprs-locked.svg	/usr/share/icons/breeze-dark/status/22/network-mobile-0-gprs-locked.svg
network-mobile-0-gprs-symbolic.svg	/usr/share/icons/breeze-dark/status/22/network-mobile-0-gprs-symbolic.svg
network-mobile-0-gprs.svg	/usr/share/icons/breeze-dark/status/22/network-mobile-0-gprs.svg
network-mobile-0-hsdpa-locked-symbolic.svg	/usr/share/icons/breeze-dark/status/22/network-mobile-0-hsdpa-locked-symbolic.svg
network-mobile-0-hsdpa-locked.svg	/usr/share/icons/breeze-dark/status/22/network-mobile-0-hsdpa-locked.svg
network-mobile-0-hsdpa-symbolic.svg	/usr/share/icons/breeze-dark/status/22/network-mobile-0-hsdpa-symbolic.svg
network-mobile-0-hsdpa.svg	/usr/share/icons/breeze-dark/status/22/network-mobile-0-hsdpa.svg
network-mobile-0-hspa-locked-symbolic.svg	/usr/share/icons/breeze-dark/status/22/network-mobile-0-hspa-locked-symbolic.svg
network-mobile-0-hspa-locked.svg	/usr/share/icons/breeze-dark/status/22/network-mobile-0-hspa-locked.svg
network-mobile-0-hspa-symbolic.svg	/usr/share/icons/breeze-dark/status/22/network-mobile-0-hspa-symbolic.svg
network-mobile-0-hspa.svg	/usr/share/icons/breeze-dark/status/22/network-mobile-0-hspa.svg
network-mobile-0-hsupa-locked-symbolic.svg	/usr/share/icons/breeze-dark/status/22/network-mobile-0-hsupa-locked-symbolic.svg
network-mobile-0-hsupa-locked.svg	/usr/share/icons/breeze-dark/status/22/network-mobile-0-hsupa-locked.svg
network-mobile-0-hsupa-symbolic.svg	/usr/share/icons/breeze-dark/status/22/network-mobile-0-hsupa-symbolic.svg
network-mobile-0-hsupa.svg	/usr/share/icons/breeze-dark/status/22/network-mobile-0-hsupa.svg
network-mobile-0-locked-symbolic.svg	/usr/share/icons/breeze-dark/status/22/network-mobile-0-locked-symbolic.svg
network-mobile-0-locked.svg	/usr/share/icons/breeze-dark/status/22/network-mobile-0-locked.svg
network-mobile-0-lte-locked-symbolic.svg	/usr/share/icons/breeze-dark/status/22/network-mobile-0-lte-locked-symbolic.svg
network-mobile-0-lte-locked.svg	/usr/share/icons/breeze-dark/status/22/network-mobile-0-lte-locked.svg
network-mobile-0-lte-symbolic.svg	/usr/share/icons/breeze-dark/status/22/network-mobile-0-lte-symbolic.svg
network-mobile-0-lte.svg	/usr/share/icons/breeze-dark/status/22/network-mobile-0-lte.svg
network-mobile-0-symbolic.svg	/usr/share/icons/breeze-dark/status/22/network-mobile-0-symbolic.svg
network-mobile-0-umts-locked-symbolic.svg	/usr/share/icons/breeze-dark/status/22/network-mobile-0-umts-locked-symbolic.svg
network-mobile-0-umts-locked.svg	/usr/share/icons/breeze-dark/status/22/network-mobile-0-umts-locked.svg
network-mobile-0-umts-symbolic.svg	/usr/share/icons/breeze-dark/status/22/network-mobile-0-umts-symbolic.svg
network-mobile-0-umts.svg	/usr/share/icons/breeze-dark/status/22/network-mobile-0-umts.svg
network-mobile-0.svg	/usr/share/icons/breeze-dark/status/22/network-mobile-0.svg
network-mobile-100-5g-locked.svg	/usr/share/icons/breeze-dark/status/22/network-mobile-100-5g-locked.svg
network-mobile-100-5g.svg	/usr/share/icons/breeze-dark/status/22/network-mobile-100-5g.svg
network-mobile-100-edge-locked-symbolic.svg	/usr/share/icons/breeze-dark/status/22/network-mobile-100-edge-locked-symbolic.svg
network-mobile-100-edge-locked.svg	/usr/share/icons/breeze-dark/status/22/network-mobile-100-edge-locked.svg
network-mobile-100-edge-symbolic.svg	/usr/share/icons/breeze-dark/status/22/network-mobile-100-edge-symbolic.svg
network-mobile-100-edge.svg	/usr/share/icons/breeze-dark/status/22/network-mobile-100-edge.svg
network-mobile-100-gprs-locked-symbolic.svg	/usr/share/icons/breeze-dark/status/22/network-mobile-100-gprs-locked-symbolic.svg
network-mobile-100-gprs-locked.svg	/usr/share/icons/breeze-dark/status/22/network-mobile-100-gprs-locked.svg
network-mobile-100-gprs-symbolic.svg	/usr/share/icons/breeze-dark/status/22/network-mobile-100-gprs-symbolic.svg
network-mobile-100-gprs.svg	/usr/share/icons/breeze-dark/status/22/network-mobile-100-gprs.svg
network-mobile-100-hsdpa-locked-symbolic.svg	/usr/share/icons/breeze-dark/status/22/network-mobile-100-hsdpa-locked-symbolic.svg
network-mobile-100-hsdpa-locked.svg	/usr/share/icons/breeze-dark/status/22/network-mobile-100-hsdpa-locked.svg
network-mobile-100-hsdpa-symbolic.svg	/usr/share/icons/breeze-dark/status/22/network-mobile-100-hsdpa-symbolic.svg
network-mobile-100-hsdpa.svg	/usr/share/icons/breeze-dark/status/22/network-mobile-100-hsdpa.svg
network-mobile-100-hspa-locked-symbolic.svg	/usr/share/icons/breeze-dark/status/22/network-mobile-100-hspa-locked-symbolic.svg
network-mobile-100-hspa-locked.svg	/usr/share/icons/breeze-dark/status/22/network-mobile-100-hspa-locked.svg
network-mobile-100-hspa-symbolic.svg	/usr/share/icons/breeze-dark/status/22/network-mobile-100-hspa-symbolic.svg
network-mobile-100-hspa.svg	/usr/share/icons/breeze-dark/status/22/network-mobile-100-hspa.svg
network-mobile-100-hsupa-locked-symbolic.svg	/usr/share/icons/breeze-dark/status/22/network-mobile-100-hsupa-locked-symbolic.svg
network-mobile-100-hsupa-locked.svg	/usr/share/icons/breeze-dark/status/22/network-mobile-100-hsupa-locked.svg
network-mobile-100-hsupa-symbolic.svg	/usr/share/icons/breeze-dark/status/22/network-mobile-100-hsupa-symbolic.svg
network-mobile-100-hsupa.svg	/usr/share/icons/breeze-dark/status/22/network-mobile-100-hsupa.svg
network-mobile-100-locked-symbolic.svg	/usr/share/icons/breeze-dark/status/22/network-mobile-100-locked-symbolic.svg
network-mobile-100-locked.svg	/usr/share/icons/breeze-dark/status/22/network-mobile-100-locked.svg
network-mobile-100-lte-locked-symbolic.svg	/usr/share/icons/breeze-dark/status/22/network-mobile-100-lte-locked-symbolic.svg
network-mobile-100-lte-locked.svg	/usr/share/icons/breeze-dark/status/22/network-mobile-100-lte-locked.svg
network-mobile-100-lte-symbolic.svg	/usr/share/icons/breeze-dark/status/22/network-mobile-100-lte-symbolic.svg
network-mobile-100-lte.svg	/usr/share/icons/breeze-dark/status/22/network-mobile-100-lte.svg
network-mobile-100-symbolic.svg	/usr/share/icons/breeze-dark/status/22/network-mobile-100-symbolic.svg
network-mobile-100-umts-locked-symbolic.svg	/usr/share/icons/breeze-dark/status/22/network-mobile-100-umts-locked-symbolic.svg
network-mobile-100-umts-locked.svg	/usr/share/icons/breeze-dark/status/22/network-mobile-100-umts-locked.svg
network-mobile-100-umts-symbolic.svg	/usr/share/icons/breeze-dark/status/22/network-mobile-100-umts-symbolic.svg
network-mobile-100-umts.svg	/usr/share/icons/breeze-dark/status/22/network-mobile-100-umts.svg
network-mobile-100.svg	/usr/share/icons/breeze-dark/status/22/network-mobile-100.svg
network-mobile-20-5g-locked.svg	/usr/share/icons/breeze-dark/status/22/network-mobile-20-5g-locked.svg
network-mobile-20-5g.svg	/usr/share/icons/breeze-dark/status/22/network-mobile-20-5g.svg
network-mobile-20-edge-locked-symbolic.svg	/usr/share/icons/breeze-dark/status/22/network-mobile-20-edge-locked-symbolic.svg
network-mobile-20-edge-locked.svg	/usr/share/icons/breeze-dark/status/22/network-mobile-20-edge-locked.svg
network-mobile-20-edge-symbolic.svg	/usr/share/icons/breeze-dark/status/22/network-mobile-20-edge-symbolic.svg
network-mobile-20-edge.svg	/usr/share/icons/breeze-dark/status/22/network-mobile-20-edge.svg
network-mobile-20-gprs-locked-symbolic.svg	/usr/share/icons/breeze-dark/status/22/network-mobile-20-gprs-locked-symbolic.svg
network-mobile-20-gprs-locked.svg	/usr/share/icons/breeze-dark/status/22/network-mobile-20-gprs-locked.svg
network-mobile-20-gprs-symbolic.svg	/usr/share/icons/breeze-dark/status/22/network-mobile-20-gprs-symbolic.svg
network-mobile-20-gprs.svg	/usr/share/icons/breeze-dark/status/22/network-mobile-20-gprs.svg
network-mobile-20-hsdpa-locked-symbolic.svg	/usr/share/icons/breeze-dark/status/22/network-mobile-20-hsdpa-locked-symbolic.svg
network-mobile-20-hsdpa-locked.svg	/usr/share/icons/breeze-dark/status/22/network-mobile-20-hsdpa-locked.svg
network-mobile-20-hsdpa-symbolic.svg	/usr/share/icons/breeze-dark/status/22/network-mobile-20-hsdpa-symbolic.svg
network-mobile-20-hsdpa.svg	/usr/share/icons/breeze-dark/status/22/network-mobile-20-hsdpa.svg
network-mobile-20-hspa-locked-symbolic.svg	/usr/share/icons/breeze-dark/status/22/network-mobile-20-hspa-locked-symbolic.svg
network-mobile-20-hspa-locked.svg	/usr/share/icons/breeze-dark/status/22/network-mobile-20-hspa-locked.svg
network-mobile-20-hspa-symbolic.svg	/usr/share/icons/breeze-dark/status/22/network-mobile-20-hspa-symbolic.svg
network-mobile-20-hspa.svg	/usr/share/icons/breeze-dark/status/22/network-mobile-20-hspa.svg
network-mobile-20-hsupa-locked-symbolic.svg	/usr/share/icons/breeze-dark/status/22/network-mobile-20-hsupa-locked-symbolic.svg
network-mobile-20-hsupa-locked.svg	/usr/share/icons/breeze-dark/status/22/network-mobile-20-hsupa-locked.svg
network-mobile-20-hsupa-symbolic.svg	/usr/share/icons/breeze-dark/status/22/network-mobile-20-hsupa-symbolic.svg
network-mobile-20-hsupa.svg	/usr/share/icons/breeze-dark/status/22/network-mobile-20-hsupa.svg
network-mobile-20-locked-symbolic.svg	/usr/share/icons/breeze-dark/status/22/network-mobile-20-locked-symbolic.svg
network-mobile-20-locked.svg	/usr/share/icons/breeze-dark/status/22/network-mobile-20-locked.svg
network-mobile-20-lte-locked-symbolic.svg	/usr/share/icons/breeze-dark/status/22/network-mobile-20-lte-locked-symbolic.svg
network-mobile-20-lte-locked.svg	/usr/share/icons/breeze-dark/status/22/network-mobile-20-lte-locked.svg
network-mobile-20-lte-symbolic.svg	/usr/share/icons/breeze-dark/status/22/network-mobile-20-lte-symbolic.svg
network-mobile-20-lte.svg	/usr/share/icons/breeze-dark/status/22/network-mobile-20-lte.svg
network-mobile-20-symbolic.svg	/usr/share/icons/breeze-dark/status/22/network-mobile-20-symbolic.svg
network-mobile-20-umts-locked-symbolic.svg	/usr/share/icons/breeze-dark/status/22/network-mobile-20-umts-locked-symbolic.svg
network-mobile-20-umts-locked.svg	/usr/share/icons/breeze-dark/status/22/network-mobile-20-umts-locked.svg
network-mobile-20-umts-symbolic.svg	/usr/share/icons/breeze-dark/status/22/network-mobile-20-umts-symbolic.svg
network-mobile-20-umts.svg	/usr/share/icons/breeze-dark/status/22/network-mobile-20-umts.svg
network-mobile-20.svg	/usr/share/icons/breeze-dark/status/22/network-mobile-20.svg
network-mobile-40-5g-locked.svg	/usr/share/icons/breeze-dark/status/22/network-mobile-40-5g-locked.svg
network-mobile-40-5g.svg	/usr/share/icons/breeze-dark/status/22/network-mobile-40-5g.svg
network-mobile-40-edge-locked-symbolic.svg	/usr/share/icons/breeze-dark/status/22/network-mobile-40-edge-locked-symbolic.svg
network-mobile-40-edge-locked.svg	/usr/share/icons/breeze-dark/status/22/network-mobile-40-edge-locked.svg
network-mobile-40-edge-symbolic.svg	/usr/share/icons/breeze-dark/status/22/network-mobile-40-edge-symbolic.svg
network-mobile-40-edge.svg	/usr/share/icons/breeze-dark/status/22/network-mobile-40-edge.svg
network-mobile-40-gprs-locked-symbolic.svg	/usr/share/icons/breeze-dark/status/22/network-mobile-40-gprs-locked-symbolic.svg
network-mobile-40-gprs-locked.svg	/usr/share/icons/breeze-dark/status/22/network-mobile-40-gprs-locked.svg
network-mobile-40-gprs-symbolic.svg	/usr/share/icons/breeze-dark/status/22/network-mobile-40-gprs-symbolic.svg
network-mobile-40-gprs.svg	/usr/share/icons/breeze-dark/status/22/network-mobile-40-gprs.svg
network-mobile-40-hsdpa-locked-symbolic.svg	/usr/share/icons/breeze-dark/status/22/network-mobile-40-hsdpa-locked-symbolic.svg
network-mobile-40-hsdpa-locked.svg	/usr/share/icons/breeze-dark/status/22/network-mobile-40-hsdpa-locked.svg
network-mobile-40-hsdpa-symbolic.svg	/usr/share/icons/breeze-dark/status/22/network-mobile-40-hsdpa-symbolic.svg
network-mobile-40-hsdpa.svg	/usr/share/icons/breeze-dark/status/22/network-mobile-40-hsdpa.svg
network-mobile-40-hspa-locked-symbolic.svg	/usr/share/icons/breeze-dark/status/22/network-mobile-40-hspa-locked-symbolic.svg
network-mobile-40-hspa-locked.svg	/usr/share/icons/breeze-dark/status/22/network-mobile-40-hspa-locked.svg
network-mobile-40-hspa-symbolic.svg	/usr/share/icons/breeze-dark/status/22/network-mobile-40-hspa-symbolic.svg
network-mobile-40-hspa.svg	/usr/share/icons/breeze-dark/status/22/network-mobile-40-hspa.svg
network-mobile-40-hsupa-locked-symbolic.svg	/usr/share/icons/breeze-dark/status/22/network-mobile-40-hsupa-locked-symbolic.svg
network-mobile-40-hsupa-locked.svg	/usr/share/icons/breeze-dark/status/22/network-mobile-40-hsupa-locked.svg
network-mobile-40-hsupa-symbolic.svg	/usr/share/icons/breeze-dark/status/22/network-mobile-40-hsupa-symbolic.svg
network-mobile-40-hsupa.svg	/usr/share/icons/breeze-dark/status/22/network-mobile-40-hsupa.svg
network-mobile-40-locked-symbolic.svg	/usr/share/icons/breeze-dark/status/22/network-mobile-40-locked-symbolic.svg
network-mobile-40-locked.svg	/usr/share/icons/breeze-dark/status/22/network-mobile-40-locked.svg
network-mobile-40-lte-locked-symbolic.svg	/usr/share/icons/breeze-dark/status/22/network-mobile-40-lte-locked-symbolic.svg
network-mobile-40-lte-locked.svg	/usr/share/icons/breeze-dark/status/22/network-mobile-40-lte-locked.svg
network-mobile-40-lte-symbolic.svg	/usr/share/icons/breeze-dark/status/22/network-mobile-40-lte-symbolic.svg
network-mobile-40-lte.svg	/usr/share/icons/breeze-dark/status/22/network-mobile-40-lte.svg
network-mobile-40-symbolic.svg	/usr/share/icons/breeze-dark/status/22/network-mobile-40-symbolic.svg
network-mobile-40-umts-locked-symbolic.svg	/usr/share/icons/breeze-dark/status/22/network-mobile-40-umts-locked-symbolic.svg
network-mobile-40-umts-locked.svg	/usr/share/icons/breeze-dark/status/22/network-mobile-40-umts-locked.svg
network-mobile-40-umts-symbolic.svg	/usr/share/icons/breeze-dark/status/22/network-mobile-40-umts-symbolic.svg
network-mobile-40-umts.svg	/usr/share/icons/breeze-dark/status/22/network-mobile-40-umts.svg
network-mobile-40.svg	/usr/share/icons/breeze-dark/status/22/network-mobile-40.svg
network-mobile-60-5g-locked.svg	/usr/share/icons/breeze-dark/status/22/network-mobile-60-5g-locked.svg
network-mobile-60-5g.svg	/usr/share/icons/breeze-dark/status/22/network-mobile-60-5g.svg
network-mobile-60-edge-locked-symbolic.svg	/usr/share/icons/breeze-dark/status/22/network-mobile-60-edge-locked-symbolic.svg
network-mobile-60-edge-locked.svg	/usr/share/icons/breeze-dark/status/22/network-mobile-60-edge-locked.svg
network-mobile-60-edge-symbolic.svg	/usr/share/icons/breeze-dark/status/22/network-mobile-60-edge-symbolic.svg
network-mobile-60-edge.svg	/usr/share/icons/breeze-dark/status/22/network-mobile-60-edge.svg
network-mobile-60-gprs-locked-symbolic.svg	/usr/share/icons/breeze-dark/status/22/network-mobile-60-gprs-locked-symbolic.svg
network-mobile-60-gprs-locked.svg	/usr/share/icons/breeze-dark/status/22/network-mobile-60-gprs-locked.svg
network-mobile-60-gprs-symbolic.svg	/usr/share/icons/breeze-dark/status/22/network-mobile-60-gprs-symbolic.svg
network-mobile-60-gprs.svg	/usr/share/icons/breeze-dark/status/22/network-mobile-60-gprs.svg
network-mobile-60-hsdpa-locked-symbolic.svg	/usr/share/icons/breeze-dark/status/22/network-mobile-60-hsdpa-locked-symbolic.svg
network-mobile-60-hsdpa-locked.svg	/usr/share/icons/breeze-dark/status/22/network-mobile-60-hsdpa-locked.svg
network-mobile-60-hsdpa-symbolic.svg	/usr/share/icons/breeze-dark/status/22/network-mobile-60-hsdpa-symbolic.svg
network-mobile-60-hsdpa.svg	/usr/share/icons/breeze-dark/status/22/network-mobile-60-hsdpa.svg
network-mobile-60-hspa-locked-symbolic.svg	/usr/share/icons/breeze-dark/status/22/network-mobile-60-hspa-locked-symbolic.svg
network-mobile-60-hspa-locked.svg	/usr/share/icons/breeze-dark/status/22/network-mobile-60-hspa-locked.svg
network-mobile-60-hspa-symbolic.svg	/usr/share/icons/breeze-dark/status/22/network-mobile-60-hspa-symbolic.svg
network-mobile-60-hspa.svg	/usr/share/icons/breeze-dark/status/22/network-mobile-60-hspa.svg
network-mobile-60-hsupa-locked-symbolic.svg	/usr/share/icons/breeze-dark/status/22/network-mobile-60-hsupa-locked-symbolic.svg
network-mobile-60-hsupa-locked.svg	/usr/share/icons/breeze-dark/status/22/network-mobile-60-hsupa-locked.svg
network-mobile-60-hsupa-symbolic.svg	/usr/share/icons/breeze-dark/status/22/network-mobile-60-hsupa-symbolic.svg
network-mobile-60-hsupa.svg	/usr/share/icons/breeze-dark/status/22/network-mobile-60-hsupa.svg
network-mobile-60-locked-symbolic.svg	/usr/share/icons/breeze-dark/status/22/network-mobile-60-locked-symbolic.svg
network-mobile-60-locked.svg	/usr/share/icons/breeze-dark/status/22/network-mobile-60-locked.svg
network-mobile-60-lte-locked-symbolic.svg	/usr/share/icons/breeze-dark/status/22/network-mobile-60-lte-locked-symbolic.svg
network-mobile-60-lte-locked.svg	/usr/share/icons/breeze-dark/status/22/network-mobile-60-lte-locked.svg
network-mobile-60-lte-symbolic.svg	/usr/share/icons/breeze-dark/status/22/network-mobile-60-lte-symbolic.svg
network-mobile-60-lte.svg	/usr/share/icons/breeze-dark/status/22/network-mobile-60-lte.svg
network-mobile-60-symbolic.svg	/usr/share/icons/breeze-dark/status/22/network-mobile-60-symbolic.svg
network-mobile-60-umts-locked-symbolic.svg	/usr/share/icons/breeze-dark/status/22/network-mobile-60-umts-locked-symbolic.svg
network-mobile-60-umts-locked.svg	/usr/share/icons/breeze-dark/status/22/network-mobile-60-umts-locked.svg
network-mobile-60-umts-symbolic.svg	/usr/share/icons/breeze-dark/status/22/network-mobile-60-umts-symbolic.svg
network-mobile-60-umts.svg	/usr/share/icons/breeze-dark/status/22/network-mobile-60-umts.svg
network-mobile-60.svg	/usr/share/icons/breeze-dark/status/22/network-mobile-60.svg
network-mobile-80-5g-locked.svg	/usr/share/icons/breeze-dark/status/22/network-mobile-80-5g-locked.svg
network-mobile-80-5g.svg	/usr/share/icons/breeze-dark/status/22/network-mobile-80-5g.svg
network-mobile-80-edge-locked-symbolic.svg	/usr/share/icons/breeze-dark/status/22/network-mobile-80-edge-locked-symbolic.svg
network-mobile-80-edge-locked.svg	/usr/share/icons/breeze-dark/status/22/network-mobile-80-edge-locked.svg
network-mobile-80-edge-symbolic.svg	/usr/share/icons/breeze-dark/status/22/network-mobile-80-edge-symbolic.svg
network-mobile-80-edge.svg	/usr/share/icons/breeze-dark/status/22/network-mobile-80-edge.svg
network-mobile-80-gprs-locked-symbolic.svg	/usr/share/icons/breeze-dark/status/22/network-mobile-80-gprs-locked-symbolic.svg
network-mobile-80-gprs-locked.svg	/usr/share/icons/breeze-dark/status/22/network-mobile-80-gprs-locked.svg
network-mobile-80-gprs-symbolic.svg	/usr/share/icons/breeze-dark/status/22/network-mobile-80-gprs-symbolic.svg
network-mobile-80-gprs.svg	/usr/share/icons/breeze-dark/status/22/network-mobile-80-gprs.svg
network-mobile-80-hsdpa-locked-symbolic.svg	/usr/share/icons/breeze-dark/status/22/network-mobile-80-hsdpa-locked-symbolic.svg
network-mobile-80-hsdpa-locked.svg	/usr/share/icons/breeze-dark/status/22/network-mobile-80-hsdpa-locked.svg
network-mobile-80-hsdpa-symbolic.svg	/usr/share/icons/breeze-dark/status/22/network-mobile-80-hsdpa-symbolic.svg
network-mobile-80-hsdpa.svg	/usr/share/icons/breeze-dark/status/22/network-mobile-80-hsdpa.svg
network-mobile-80-hspa-locked-symbolic.svg	/usr/share/icons/breeze-dark/status/22/network-mobile-80-hspa-locked-symbolic.svg
network-mobile-80-hspa-locked.svg	/usr/share/icons/breeze-dark/status/22/network-mobile-80-hspa-locked.svg
network-mobile-80-hspa-symbolic.svg	/usr/share/icons/breeze-dark/status/22/network-mobile-80-hspa-symbolic.svg
network-mobile-80-hspa.svg	/usr/share/icons/breeze-dark/status/22/network-mobile-80-hspa.svg
network-mobile-80-hsupa-locked-symbolic.svg	/usr/share/icons/breeze-dark/status/22/network-mobile-80-hsupa-locked-symbolic.svg
network-mobile-80-hsupa-locked.svg	/usr/share/icons/breeze-dark/status/22/network-mobile-80-hsupa-locked.svg
network-mobile-80-hsupa-symbolic.svg	/usr/share/icons/breeze-dark/status/22/network-mobile-80-hsupa-symbolic.svg
network-mobile-80-hsupa.svg	/usr/share/icons/breeze-dark/status/22/network-mobile-80-hsupa.svg
network-mobile-80-locked-symbolic.svg	/usr/share/icons/breeze-dark/status/22/network-mobile-80-locked-symbolic.svg
network-mobile-80-locked.svg	/usr/share/icons/breeze-dark/status/22/network-mobile-80-locked.svg
network-mobile-80-lte-locked-symbolic.svg	/usr/share/icons/breeze-dark/status/22/network-mobile-80-lte-locked-symbolic.svg
network-mobile-80-lte-locked.svg	/usr/share/icons/breeze-dark/status/22/network-mobile-80-lte-locked.svg
network-mobile-80-lte-symbolic.svg	/usr/share/icons/breeze-dark/status/22/network-mobile-80-lte-symbolic.svg
network-mobile-80-lte.svg	/usr/share/icons/breeze-dark/status/22/network-mobile-80-lte.svg
network-mobile-80-symbolic.svg	/usr/share/icons/breeze-dark/status/22/network-mobile-80-symbolic.svg
network-mobile-80-umts-locked-symbolic.svg	/usr/share/icons/breeze-dark/status/22/network-mobile-80-umts-locked-symbolic.svg
network-mobile-80-umts-locked.svg	/usr/share/icons/breeze-dark/status/22/network-mobile-80-umts-locked.svg
network-mobile-80-umts-symbolic.svg	/usr/share/icons/breeze-dark/status/22/network-mobile-80-umts-symbolic.svg
network-mobile-80-umts.svg	/usr/share/icons/breeze-dark/status/22/network-mobile-80-umts.svg
network-mobile-80.svg	/usr/share/icons/breeze-dark/status/22/network-mobile-80.svg
network-mobile-available-symbolic.svg	/usr/share/icons/breeze-dark/status/22/network-mobile-available-symbolic.svg
network-mobile-available.svg	/usr/share/icons/breeze-dark/status/22/network-mobile-available.svg
network-mobile-off-symbolic.svg	/usr/share/icons/breeze-dark/status/22/network-mobile-off-symbolic.svg
network-mobile-off.svg	/usr/share/icons/breeze-dark/status/22/network-mobile-off.svg
network-mobile-on-symbolic.svg	/usr/share/icons/breeze-dark/status/22/network-mobile-on-symbolic.svg
network-mobile-on.svg	/usr/share/icons/breeze-dark/status/22/network-mobile-on.svg
network-offline.svg	/usr/share/icons/breeze-dark/status/22/network-offline.svg
network-unavailable.svg	/usr/share/icons/breeze-dark/status/22/network-unavailable.svg
network-wired-activated-limited.svg	/usr/share/icons/breeze-dark/status/22/network-wired-activated-limited.svg
network-wired-activated-locked.svg	/usr/share/icons/breeze-dark/status/22/network-wired-activated-locked.svg
network-wired-available.svg	/usr/share/icons/breeze-dark/status/22/network-wired-available.svg
network-wired-disconnected.svg	/usr/share/icons/breeze-dark/status/22/network-wired-disconnected.svg
network-wireless-0-limited.svg	/usr/share/icons/breeze-dark/status/22/network-wireless-0-limited.svg
network-wireless-0-locked.svg	/usr/share/icons/breeze-dark/status/22/network-wireless-0-locked.svg
network-wireless-0.svg	/usr/share/icons/breeze-dark/status/22/network-wireless-0.svg
network-wireless-100-limited.svg	/usr/share/icons/breeze-dark/status/22/network-wireless-100-limited.svg
network-wireless-100-locked.svg	/usr/share/icons/breeze-dark/status/22/network-wireless-100-locked.svg
network-wireless-100.svg	/usr/share/icons/breeze-dark/status/22/network-wireless-100.svg
network-wireless-20-limited.svg	/usr/share/icons/breeze-dark/status/22/network-wireless-20-limited.svg
network-wireless-20-locked.svg	/usr/share/icons/breeze-dark/status/22/network-wireless-20-locked.svg
network-wireless-20.svg	/usr/share/icons/breeze-dark/status/22/network-wireless-20.svg
network-wireless-40-limited.svg	/usr/share/icons/breeze-dark/status/22/network-wireless-40-limited.svg
network-wireless-40-locked.svg	/usr/share/icons/breeze-dark/status/22/network-wireless-40-locked.svg
network-wireless-40.svg	/usr/share/icons/breeze-dark/status/22/network-wireless-40.svg
network-wireless-60-limited.svg	/usr/share/icons/breeze-dark/status/22/network-wireless-60-limited.svg
network-wireless-60-locked.svg	/usr/share/icons/breeze-dark/status/22/network-wireless-60-locked.svg
network-wireless-60.svg	/usr/share/icons/breeze-dark/status/22/network-wireless-60.svg
network-wireless-80-limited.svg	/usr/share/icons/breeze-dark/status/22/network-wireless-80-limited.svg
network-wireless-80-locked.svg	/usr/share/icons/breeze-dark/status/22/network-wireless-80-locked.svg
network-wireless-80.svg	/usr/share/icons/breeze-dark/status/22/network-wireless-80.svg
network-wireless-acquiring.svg	/usr/share/icons/breeze-dark/status/22/network-wireless-acquiring.svg
network-wireless-available.svg	/usr/share/icons/breeze-dark/status/22/network-wireless-available.svg
network-wireless-connected-20.svg	/usr/share/icons/breeze-dark/status/22/network-wireless-connected-20.svg
network-wireless-connected-40.svg	/usr/share/icons/breeze-dark/status/22/network-wireless-connected-40.svg
network-wireless-connected-60.svg	/usr/share/icons/breeze-dark/status/22/network-wireless-connected-60.svg
network-wireless-connected-80.svg	/usr/share/icons/breeze-dark/status/22/network-wireless-connected-80.svg
network-wireless-off.svg	/usr/share/icons/breeze-dark/status/22/network-wireless-off.svg
network-wireless-on.svg	/usr/share/icons/breeze-dark/status/22/network-wireless-on.svg
network-wireless-signal-excellent.svg	/usr/share/icons/breeze-dark/status/22/network-wireless-signal-excellent.svg
network-wireless-signal-good.svg	/usr/share/icons/breeze-dark/status/22/network-wireless-signal-good.svg
network-wireless-signal-none.svg	/usr/share/icons/breeze-dark/status/22/network-wireless-signal-none.svg
network-wireless-signal-ok.svg	/usr/share/icons/breeze-dark/status/22/network-wireless-signal-ok.svg
network-wireless-signal-weak.svg	/usr/share/icons/breeze-dark/status/22/network-wireless-signal-weak.svg
nm-device-wired-symbolic.svg	/usr/share/icons/breeze-dark/status/22/nm-device-wired-symbolic.svg
nm-device-wired.svg	/usr/share/icons/breeze-dark/status/22/nm-device-wired.svg
nm-no-connection-symbolic.svg	/usr/share/icons/breeze-dark/status/22/nm-no-connection-symbolic.svg
nm-no-connection.svg	/usr/share/icons/breeze-dark/status/22/nm-no-connection.svg
nm-signal-00-symbolic.svg	/usr/share/icons/breeze-dark/status/22/nm-signal-00-symbolic.svg
nm-signal-00.svg	/usr/share/icons/breeze-dark/status/22/nm-signal-00.svg
nm-signal-100-symbolic.svg	/usr/share/icons/breeze-dark/status/22/nm-signal-100-symbolic.svg
nm-signal-100.svg	/usr/share/icons/breeze-dark/status/22/nm-signal-100.svg
nm-signal-25-symbolic.svg	/usr/share/icons/breeze-dark/status/22/nm-signal-25-symbolic.svg
nm-signal-25.svg	/usr/share/icons/breeze-dark/status/22/nm-signal-25.svg
nm-signal-50-symbolic.svg	/usr/share/icons/breeze-dark/status/22/nm-signal-50-symbolic.svg
nm-signal-50.svg	/usr/share/icons/breeze-dark/status/22/nm-signal-50.svg
nm-signal-75-symbolic.svg	/usr/share/icons/breeze-dark/status/22/nm-signal-75-symbolic.svg
nm-signal-75.svg	/usr/share/icons/breeze-dark/status/22/nm-signal-75.svg
org.telegram.desktop-attention-symbolic.svg	/usr/share/icons/breeze-dark/status/22/org.telegram.desktop-attention-symbolic.svg
org.telegram.desktop-mute-symbolic.svg	/usr/share/icons/breeze-dark/status/22/org.telegram.desktop-mute-symbolic.svg
org.telegram.desktop-symbolic.svg	/usr/share/icons/breeze-dark/status/22/org.telegram.desktop-symbolic.svg
plasmavault_error.svg	/usr/share/icons/breeze-dark/status/22/plasmavault_error.svg
redshift-status-day-symbolic.svg	/usr/share/icons/breeze-dark/status/22/redshift-status-day-symbolic.svg
redshift-status-day.svg	/usr/share/icons/breeze-dark/status/22/redshift-status-day.svg
redshift-status-off-symbolic.svg	/usr/share/icons/breeze-dark/status/22/redshift-status-off-symbolic.svg
redshift-status-off.svg	/usr/share/icons/breeze-dark/status/22/redshift-status-off.svg
redshift-status-on-symbolic.svg	/usr/share/icons/breeze-dark/status/22/redshift-status-on-symbolic.svg
redshift-status-on.svg	/usr/share/icons/breeze-dark/status/22/redshift-status-on.svg
script-error-symbolic.svg	/usr/share/icons/breeze-dark/status/22/script-error-symbolic.svg
script-error.svg	/usr/share/icons/breeze-dark/status/22/script-error.svg
showinfo.svg	/usr/share/icons/breeze-dark/status/22/showinfo.svg
snap.telegram.desktop.-attention-symbolic.svg	/usr/share/icons/breeze-dark/status/22/snap.telegram.desktop.-attention-symbolic.svg
snap.telegram.desktop.-mute-symbolic.svg	/usr/share/icons/breeze-dark/status/22/snap.telegram.desktop.-mute-symbolic.svg
snap.telegram.desktop.-symbolic.svg	/usr/share/icons/breeze-dark/status/22/snap.telegram.desktop.-symbolic.svg
system-software-update-symbolic.svg	/usr/share/icons/breeze-dark/status/22/system-software-update-symbolic.svg
system-suspend-inhibited.svg	/usr/share/icons/breeze-dark/status/22/system-suspend-inhibited.svg
system-suspend-uninhibited.svg	/usr/share/icons/breeze-dark/status/22/system-suspend-uninhibited.svg
telegram-attention-panel-symbolic.svg	/usr/share/icons/breeze-dark/status/22/telegram-attention-panel-symbolic.svg
telegram-attention-panel.svg	/usr/share/icons/breeze-dark/status/22/telegram-attention-panel.svg
telegram-mute-panel-symbolic.svg	/usr/share/icons/breeze-dark/status/22/telegram-mute-panel-symbolic.svg
telegram-mute-panel.svg	/usr/share/icons/breeze-dark/status/22/telegram-mute-panel.svg
telegram-panel-symbolic.svg	/usr/share/icons/breeze-dark/status/22/telegram-panel-symbolic.svg
telegram-panel.svg	/usr/share/icons/breeze-dark/status/22/telegram-panel.svg
touchpad_disabled.svg	/usr/share/icons/breeze-dark/status/22/touchpad_disabled.svg
touchpad_enabled.svg	/usr/share/icons/breeze-dark/status/22/touchpad_enabled.svg
transmission-tray-icon-symbolic.svg	/usr/share/icons/breeze-dark/status/22/transmission-tray-icon-symbolic.svg
transmission-tray-icon.svg	/usr/share/icons/breeze-dark/status/22/transmission-tray-icon.svg
uninstall-symbolic.svg	/usr/share/icons/breeze-dark/status/22/uninstall-symbolic.svg
uninstall.svg	/usr/share/icons/breeze-dark/status/22/uninstall.svg
update-busy-symbolic.svg	/usr/share/icons/breeze-dark/status/22/update-busy-symbolic.svg
update-busy.svg	/usr/share/icons/breeze-dark/status/22/update-busy.svg
update-high-symbolic.svg	/usr/share/icons/breeze-dark/status/22/update-high-symbolic.svg
update-high.svg	/usr/share/icons/breeze-dark/status/22/update-high.svg
update-low-symbolic.svg	/usr/share/icons/breeze-dark/status/22/update-low-symbolic.svg
update-low.svg	/usr/share/icons/breeze-dark/status/22/update-low.svg
update-medium-symbolic.svg	/usr/share/icons/breeze-dark/status/22/update-medium-symbolic.svg
update-medium.svg	/usr/share/icons/breeze-dark/status/22/update-medium.svg
update-none-symbolic.svg	/usr/share/icons/breeze-dark/status/22/update-none-symbolic.svg
update-none.svg	/usr/share/icons/breeze-dark/status/22/update-none.svg
video-card-inactive-symbolic.svg	/usr/share/icons/breeze-dark/status/22/video-card-inactive-symbolic.svg
video-card-inactive.svg	/usr/share/icons/breeze-dark/status/22/video-card-inactive.svg
video-off-symbolic.svg	/usr/share/icons/breeze-dark/status/22/video-off-symbolic.svg
video-off.svg	/usr/share/icons/breeze-dark/status/22/video-off.svg
quassel_inactive.svg	/usr/share/icons/breeze-dark/status/32/quassel_inactive.svg
quassel_message.svg	/usr/share/icons/breeze-dark/status/32/quassel_message.svg
software-updates-additional.svg	/usr/share/icons/breeze-dark/status/32/software-updates-additional.svg
software-updates-important.svg	/usr/share/icons/breeze-dark/status/32/software-updates-important.svg
software-updates-inactive.svg	/usr/share/icons/breeze-dark/status/32/software-updates-inactive.svg
software-updates-release.svg	/usr/share/icons/breeze-dark/status/32/software-updates-release.svg
software-updates-security.svg	/usr/share/icons/breeze-dark/status/32/software-updates-security.svg
software-updates-updates.svg	/usr/share/icons/breeze-dark/status/32/software-updates-updates.svg
printer-error.svg	/usr/share/icons/breeze-dark/status/64/printer-error.svg
printer-warning.svg	/usr/share/icons/breeze-dark/status/64/printer-warning.svg
stacer.png	/usr/share/icons/hicolor/128x128/apps/stacer.png
brave-browser.png	/usr/share/icons/hicolor/128x128/apps/brave-browser.png
gnuradio-grc.png	/usr/share/icons/hicolor/128x128/apps/gnuradio-grc.png
mpv.png	/usr/share/icons/hicolor/128x128/apps/mpv.png
org.gnome.BrowserConnector.png	/usr/share/icons/hicolor/128x128/apps/org.gnome.BrowserConnector.png
ibus-m17n.png	/usr/share/icons/hicolor/128x128/apps/ibus-m17n.png
yad.png	/usr/share/icons/hicolor/128x128/apps/yad.png
krusader_root.png	/usr/share/icons/hicolor/128x128/apps/krusader_root.png
krusader_user.png	/usr/share/icons/hicolor/128x128/apps/krusader_user.png
gimp.png	/usr/share/icons/hicolor/128x128/apps/gimp.png
org.xfce.screenshooter.png	/usr/share/icons/hicolor/128x128/apps/org.xfce.screenshooter.png
org.fontforge.FontForge.png	/usr/share/icons/hicolor/128x128/apps/org.fontforge.FontForge.png
webkit.png	/usr/share/icons/hicolor/128x128/apps/webkit.png
thonny.png	/usr/share/icons/hicolor/128x128/apps/thonny.png
rygel.png	/usr/share/icons/hicolor/128x128/apps/rygel.png
tigervnc.png	/usr/share/icons/hicolor/128x128/apps/tigervnc.png
org.freedesktop.fwupd.png	/usr/share/icons/hicolor/128x128/apps/org.freedesktop.fwupd.png
terminal-distrobox-icon.png	/usr/share/icons/hicolor/128x128/apps/terminal-distrobox-icon.png
qemu.png	/usr/share/icons/hicolor/128x128/apps/qemu.png
chromium-browser.png	/usr/share/icons/hicolor/128x128/apps/chromium-browser.png
ibus-typing-booster.png	/usr/share/icons/hicolor/128x128/apps/ibus-typing-booster.png
magic.png	/usr/share/icons/hicolor/128x128/apps/magic.png
bitmap2component.png	/usr/share/icons/hicolor/128x128/apps/bitmap2component.png
eeschema.png	/usr/share/icons/hicolor/128x128/apps/eeschema.png
gerbview.png	/usr/share/icons/hicolor/128x128/apps/gerbview.png
kicad.png	/usr/share/icons/hicolor/128x128/apps/kicad.png
pcbcalculator.png	/usr/share/icons/hicolor/128x128/apps/pcbcalculator.png
pcbnew.png	/usr/share/icons/hicolor/128x128/apps/pcbnew.png
occ.png	/usr/share/icons/hicolor/128x128/apps/occ.png
krdc.png	/usr/share/icons/hicolor/128x128/apps/krdc.png
akonadi.png	/usr/share/icons/hicolor/128x128/apps/akonadi.png
ark.png	/usr/share/icons/hicolor/128x128/apps/ark.png
phabricator-purpose6.png	/usr/share/icons/hicolor/128x128/apps/phabricator-purpose6.png
reviewboard-purpose6.png	/usr/share/icons/hicolor/128x128/apps/reviewboard-purpose6.png
ktorrent.png	/usr/share/icons/hicolor/128x128/apps/ktorrent.png
plasmadiscover.png	/usr/share/icons/hicolor/128x128/apps/plasmadiscover.png
org.wireshark.Wireshark.png	/usr/share/icons/hicolor/128x128/apps/org.wireshark.Wireshark.png
kmahjongg.png	/usr/share/icons/hicolor/128x128/apps/kmahjongg.png
okular.png	/usr/share/icons/hicolor/128x128/apps/okular.png
kwrite.png	/usr/share/icons/hicolor/128x128/apps/kwrite.png
kmines.png	/usr/share/icons/hicolor/128x128/apps/kmines.png
kmouth.png	/usr/share/icons/hicolor/128x128/apps/kmouth.png
kwalletmanager.png	/usr/share/icons/hicolor/128x128/apps/kwalletmanager.png
kwalletmanager2.png	/usr/share/icons/hicolor/128x128/apps/kwalletmanager2.png
filelight.png	/usr/share/icons/hicolor/128x128/apps/filelight.png
kfind.png	/usr/share/icons/hicolor/128x128/apps/kfind.png
kpat.png	/usr/share/icons/hicolor/128x128/apps/kpat.png
org.fedoraproject.MediaWriter.png	/usr/share/icons/hicolor/128x128/apps/org.fedoraproject.MediaWriter.png
application-x-kicad-footprint.png	/usr/share/icons/hicolor/128x128/mimetypes/application-x-kicad-footprint.png
application-x-kicad-pcb.png	/usr/share/icons/hicolor/128x128/mimetypes/application-x-kicad-pcb.png
application-x-kicad-project.png	/usr/share/icons/hicolor/128x128/mimetypes/application-x-kicad-project.png
application-x-kicad-schematic.png	/usr/share/icons/hicolor/128x128/mimetypes/application-x-kicad-schematic.png
application-x-kicad-symbol.png	/usr/share/icons/hicolor/128x128/mimetypes/application-x-kicad-symbol.png
application-x-kicad-worksheet.png	/usr/share/icons/hicolor/128x128/mimetypes/application-x-kicad-worksheet.png
fonts-package.png	/usr/share/icons/hicolor/128x128/mimetypes/fonts-package.png
org.wireshark.Wireshark-mimetype.png	/usr/share/icons/hicolor/128x128/mimetypes/org.wireshark.Wireshark-mimetype.png
audacity.png	/usr/share/icons/hicolor/16x16/audacity.png
libpeas-plugin.png	/usr/share/icons/hicolor/16x16/actions/libpeas-plugin.png
kt-add-feeds.png	/usr/share/icons/hicolor/16x16/actions/kt-add-feeds.png
kt-add-filters.png	/usr/share/icons/hicolor/16x16/actions/kt-add-filters.png
kt-remove-feeds.png	/usr/share/icons/hicolor/16x16/actions/kt-remove-feeds.png
kt-remove-filters.png	/usr/share/icons/hicolor/16x16/actions/kt-remove-filters.png
kt-stop-all.png	/usr/share/icons/hicolor/16x16/actions/kt-stop-all.png
kt-stop.png	/usr/share/icons/hicolor/16x16/actions/kt-stop.png
kt-upnp.png	/usr/share/icons/hicolor/16x16/actions/kt-upnp.png
phrase.png	/usr/share/icons/hicolor/16x16/actions/phrase.png
phrasebook.png	/usr/share/icons/hicolor/16x16/actions/phrasebook.png
fedora-logo-icon.png	/usr/share/icons/hicolor/16x16/apps/fedora-logo-icon.png
gcr-gnupg.png	/usr/share/icons/hicolor/16x16/apps/gcr-gnupg.png
gcr-key-pair.png	/usr/share/icons/hicolor/16x16/apps/gcr-key-pair.png
gcr-key.png	/usr/share/icons/hicolor/16x16/apps/gcr-key.png
gcr-password.png	/usr/share/icons/hicolor/16x16/apps/gcr-password.png
gcr-smart-card.png	/usr/share/icons/hicolor/16x16/apps/gcr-smart-card.png
nm-device-wired.png	/usr/share/icons/hicolor/16x16/apps/nm-device-wired.png
nm-no-connection.png	/usr/share/icons/hicolor/16x16/apps/nm-no-connection.png
nm-vpn-standalone-lock.png	/usr/share/icons/hicolor/16x16/apps/nm-vpn-standalone-lock.png
blivet-gui.png	/usr/share/icons/hicolor/16x16/apps/blivet-gui.png
krusader_blue.png	/usr/share/icons/hicolor/16x16/apps/krusader_blue.png
krusader_red.png	/usr/share/icons/hicolor/16x16/apps/krusader_red.png
org.inkscape.Inkscape.png	/usr/share/icons/hicolor/16x16/apps/org.inkscape.Inkscape.png
gnome-color-manager.png	/usr/share/icons/hicolor/16x16/apps/gnome-color-manager.png
gtkwave.png	/usr/share/icons/hicolor/16x16/apps/gtkwave.png
orca.png	/usr/share/icons/hicolor/16x16/apps/orca.png
org.gnome.gedit.png	/usr/share/icons/hicolor/16x16/apps/org.gnome.gedit.png
firewall-config.png	/usr/share/icons/hicolor/16x16/apps/firewall-config.png
steam.png	/usr/share/icons/hicolor/16x16/apps/steam.png
ibus-keyboard.png	/usr/share/icons/hicolor/16x16/apps/ibus-keyboard.png
gtk3-demo-symbolic.symbolic.png	/usr/share/icons/hicolor/16x16/apps/gtk3-demo-symbolic.symbolic.png
gtk3-demo.png	/usr/share/icons/hicolor/16x16/apps/gtk3-demo.png
gtk3-widget-factory-symbolic.symbolic.png	/usr/share/icons/hicolor/16x16/apps/gtk3-widget-factory-symbolic.symbolic.png
gtk3-widget-factory.png	/usr/share/icons/hicolor/16x16/apps/gtk3-widget-factory.png
virt-manager.png	/usr/share/icons/hicolor/16x16/apps/virt-manager.png
virt-viewer.png	/usr/share/icons/hicolor/16x16/apps/virt-viewer.png
kwin.png	/usr/share/icons/hicolor/16x16/apps/kwin.png
kmenuedit.png	/usr/share/icons/hicolor/16x16/apps/kmenuedit.png
kwin-x11.png	/usr/share/icons/hicolor/16x16/apps/kwin-x11.png
kfontview.png	/usr/share/icons/hicolor/16x16/apps/kfontview.png
texstudio.png	/usr/share/icons/hicolor/16x16/apps/texstudio.png
applications-electronics-Analog.png	/usr/share/icons/hicolor/16x16/categories/applications-electronics-Analog.png
applications-electronics-Automation.png	/usr/share/icons/hicolor/16x16/categories/applications-electronics-Automation.png
applications-electronics-Digital.png	/usr/share/icons/hicolor/16x16/categories/applications-electronics-Digital.png
applications-electronics-Embedded.png	/usr/share/icons/hicolor/16x16/categories/applications-electronics-Embedded.png
applications-electronics-SchematicPCB.png	/usr/share/icons/hicolor/16x16/categories/applications-electronics-SchematicPCB.png
applications-electronics-Spice.png	/usr/share/icons/hicolor/16x16/categories/applications-electronics-Spice.png
applications-electronics.png	/usr/share/icons/hicolor/16x16/categories/applications-electronics.png
laptopconnected.svg	/usr/share/icons/hicolor/16x16/status/laptopconnected.svg
laptopdisconnected.svg	/usr/share/icons/hicolor/16x16/status/laptopdisconnected.svg
laptoptrusted.svg	/usr/share/icons/hicolor/16x16/status/laptoptrusted.svg
smartphoneconnected.svg	/usr/share/icons/hicolor/16x16/status/smartphoneconnected.svg
smartphonedisconnected.svg	/usr/share/icons/hicolor/16x16/status/smartphonedisconnected.svg
smartphonetrusted.svg	/usr/share/icons/hicolor/16x16/status/smartphonetrusted.svg
tabletconnected.svg	/usr/share/icons/hicolor/16x16/status/tabletconnected.svg
tabletdisconnected.svg	/usr/share/icons/hicolor/16x16/status/tabletdisconnected.svg
tablettrusted.svg	/usr/share/icons/hicolor/16x16/status/tablettrusted.svg
tvconnected.svg	/usr/share/icons/hicolor/16x16/status/tvconnected.svg
tvdisconnected.svg	/usr/share/icons/hicolor/16x16/status/tvdisconnected.svg
tvtrusted.svg	/usr/share/icons/hicolor/16x16/status/tvtrusted.svg
kt-magnet.png	/usr/share/icons/hicolor/22x22/actions/kt-magnet.png
kt-pause.png	/usr/share/icons/hicolor/22x22/actions/kt-pause.png
kt-remove.png	/usr/share/icons/hicolor/22x22/actions/kt-remove.png
kt-set-max-download-speed.png	/usr/share/icons/hicolor/22x22/actions/kt-set-max-download-speed.png
kt-set-max-upload-speed.png	/usr/share/icons/hicolor/22x22/actions/kt-set-max-upload-speed.png
kt-speed-limits.png	/usr/share/icons/hicolor/22x22/actions/kt-speed-limits.png
kt-start-all.png	/usr/share/icons/hicolor/22x22/actions/kt-start-all.png
kt-start.png	/usr/share/icons/hicolor/22x22/actions/kt-start.png
wallet-closed.png	/usr/share/icons/hicolor/22x22/actions/wallet-closed.png
wallet-open.png	/usr/share/icons/hicolor/22x22/actions/wallet-open.png
ModemManager.png	/usr/share/icons/hicolor/22x22/apps/ModemManager.png
nm-device-wired-secure.png	/usr/share/icons/hicolor/22x22/apps/nm-device-wired-secure.png
nm-device-wwan.png	/usr/share/icons/hicolor/22x22/apps/nm-device-wwan.png
krusader_shield.png	/usr/share/icons/hicolor/22x22/apps/krusader_shield.png
claude-desktop.png	/usr/share/icons/hicolor/256x256/apps/claude-desktop.png
anaconda.png	/usr/share/icons/hicolor/256x256/apps/anaconda.png
disconnected.png	/usr/share/icons/hicolor/256x256/apps/disconnected.png
scrcpy.png	/usr/share/icons/hicolor/256x256/apps/scrcpy.png
org.freedesktop.Passim.png	/usr/share/icons/hicolor/256x256/apps/org.freedesktop.Passim.png
kitty.png	/usr/share/icons/hicolor/256x256/apps/kitty.png
kaccounts-owncloud.png	/usr/share/icons/hicolor/256x256/apps/kaccounts-owncloud.png
kt-info-widget.png	/usr/share/icons/hicolor/32x32/actions/kt-info-widget.png
kt-queue-manager.png	/usr/share/icons/hicolor/32x32/actions/kt-queue-manager.png
kt-bandwidth-scheduler.png	/usr/share/icons/hicolor/48x48/actions/kt-bandwidth-scheduler.png
kt-change-tracker.png	/usr/share/icons/hicolor/48x48/actions/kt-change-tracker.png
kt-check-data.png	/usr/share/icons/hicolor/48x48/actions/kt-check-data.png
kt-chunks.png	/usr/share/icons/hicolor/48x48/actions/kt-chunks.png
kt-plugins.png	/usr/share/icons/hicolor/48x48/actions/kt-plugins.png
kt-restore-defaults.png	/usr/share/icons/hicolor/48x48/actions/kt-restore-defaults.png
kt-show-hide.png	/usr/share/icons/hicolor/48x48/actions/kt-show-hide.png
kt-show-statusbar.png	/usr/share/icons/hicolor/48x48/actions/kt-show-statusbar.png
nm-device-wireless.png	/usr/share/icons/hicolor/48x48/apps/nm-device-wireless.png
zenity.png	/usr/share/icons/hicolor/48x48/apps/zenity.png
phoronix-test-suite.png	/usr/share/icons/hicolor/48x48/apps/phoronix-test-suite.png
btop.png	/usr/share/icons/hicolor/48x48/apps/btop.png
krfb.png	/usr/share/icons/hicolor/48x48/apps/krfb.png
skanpage.png	/usr/share/icons/hicolor/48x48/apps/skanpage.png
waydroid.png	/usr/share/icons/hicolor/512x512/apps/waydroid.png
ibus-hangul.png	/usr/share/icons/hicolor/64x64/apps/ibus-hangul.png
ibus-setup-hangul.png	/usr/share/icons/hicolor/64x64/apps/ibus-setup-hangul.png
application-x-openbenchmarking.png	/usr/share/icons/hicolor/64x64/mimetypes/application-x-openbenchmarking.png
completion-snippet-symbolic.svg	/usr/share/icons/hicolor/scalable/actions/completion-snippet-symbolic.svg
completion-word-symbolic.svg	/usr/share/icons/hicolor/scalable/actions/completion-word-symbolic.svg
lang-class-symbolic.svg	/usr/share/icons/hicolor/scalable/actions/lang-class-symbolic.svg
lang-define-symbolic.svg	/usr/share/icons/hicolor/scalable/actions/lang-define-symbolic.svg
lang-enum-symbolic.svg	/usr/share/icons/hicolor/scalable/actions/lang-enum-symbolic.svg
lang-enum-value-symbolic.svg	/usr/share/icons/hicolor/scalable/actions/lang-enum-value-symbolic.svg
lang-function-symbolic.svg	/usr/share/icons/hicolor/scalable/actions/lang-function-symbolic.svg
lang-include-symbolic.svg	/usr/share/icons/hicolor/scalable/actions/lang-include-symbolic.svg
lang-method-symbolic.svg	/usr/share/icons/hicolor/scalable/actions/lang-method-symbolic.svg
lang-namespace-symbolic.svg	/usr/share/icons/hicolor/scalable/actions/lang-namespace-symbolic.svg
lang-struct-field-symbolic.svg	/usr/share/icons/hicolor/scalable/actions/lang-struct-field-symbolic.svg
lang-struct-symbolic.svg	/usr/share/icons/hicolor/scalable/actions/lang-struct-symbolic.svg
lang-typedef-symbolic.svg	/usr/share/icons/hicolor/scalable/actions/lang-typedef-symbolic.svg
lang-union-symbolic.svg	/usr/share/icons/hicolor/scalable/actions/lang-union-symbolic.svg
lang-variable-symbolic.svg	/usr/share/icons/hicolor/scalable/actions/lang-variable-symbolic.svg
audio-radio-encrypted.svg	/usr/share/icons/hicolor/scalable/actions/audio-radio-encrypted.svg
video-television-encrypted.svg	/usr/share/icons/hicolor/scalable/actions/video-television-encrypted.svg
gnusim8085.svg	/usr/share/icons/hicolor/scalable/apps/gnusim8085.svg
start-here.svg	/usr/share/icons/hicolor/scalable/apps/start-here.svg
xfce4_xicon1.svg	/usr/share/icons/hicolor/scalable/apps/xfce4_xicon1.svg
org.gnome.Tecla.svg	/usr/share/icons/hicolor/scalable/apps/org.gnome.Tecla.svg
org.freedesktop.GnomeAbrt.svg	/usr/share/icons/hicolor/scalable/apps/org.freedesktop.GnomeAbrt.svg
mpv.svg	/usr/share/icons/hicolor/scalable/apps/mpv.svg
nm-device-wired-secure-symbolic.svg	/usr/share/icons/hicolor/scalable/apps/nm-device-wired-secure-symbolic.svg
nm-device-wwan-symbolic.svg	/usr/share/icons/hicolor/scalable/apps/nm-device-wwan-symbolic.svg
goa-account-exchange.svg	/usr/share/icons/hicolor/scalable/apps/goa-account-exchange.svg
goa-account-fedora.svg	/usr/share/icons/hicolor/scalable/apps/goa-account-fedora.svg
goa-account-google.svg	/usr/share/icons/hicolor/scalable/apps/goa-account-google.svg
goa-account-ms365.svg	/usr/share/icons/hicolor/scalable/apps/goa-account-ms365.svg
goa-account-owncloud.svg	/usr/share/icons/hicolor/scalable/apps/goa-account-owncloud.svg
goa-account.svg	/usr/share/icons/hicolor/scalable/apps/goa-account.svg
org.gnome.Evolution-alarm-notify.svg	/usr/share/icons/hicolor/scalable/apps/org.gnome.Evolution-alarm-notify.svg
org.gnome.Contacts.Devel.svg	/usr/share/icons/hicolor/scalable/apps/org.gnome.Contacts.Devel.svg
org.gnome.Contacts.svg	/usr/share/icons/hicolor/scalable/apps/org.gnome.Contacts.svg
org.gnome.Shell.Extensions.GSConnect-symbolic.svg	/usr/share/icons/hicolor/scalable/apps/org.gnome.Shell.Extensions.GSConnect-symbolic.svg
org.gnome.Shell.Extensions.GSConnect.svg	/usr/share/icons/hicolor/scalable/apps/org.gnome.Shell.Extensions.GSConnect.svg
org.gnome.Calendar.Devel.svg	/usr/share/icons/hicolor/scalable/apps/org.gnome.Calendar.Devel.svg
org.gnome.Calendar.svg	/usr/share/icons/hicolor/scalable/apps/org.gnome.Calendar.svg
org.gnome.clocks.svg	/usr/share/icons/hicolor/scalable/apps/org.gnome.clocks.svg
org.gnome.Weather.svg	/usr/share/icons/hicolor/scalable/apps/org.gnome.Weather.svg
org.gnome.Loupe.svg	/usr/share/icons/hicolor/scalable/apps/org.gnome.Loupe.svg
org.gnome.Totem.svg	/usr/share/icons/hicolor/scalable/apps/org.gnome.Totem.svg
ibus-hangul.svg	/usr/share/icons/hicolor/scalable/apps/ibus-hangul.svg
ibus-setup-hangul.svg	/usr/share/icons/hicolor/scalable/apps/ibus-setup-hangul.svg
ibus-m17n.svg	/usr/share/icons/hicolor/scalable/apps/ibus-m17n.svg
org.freedesktop.MalcontentControl.svg	/usr/share/icons/hicolor/scalable/apps/org.freedesktop.MalcontentControl.svg
org.gnome.Evince.svg	/usr/share/icons/hicolor/scalable/apps/org.gnome.Evince.svg
org.gnome.Ptyxis.svg	/usr/share/icons/hicolor/scalable/apps/org.gnome.Ptyxis.svg
org.gnome.Rhythmbox3-symbolic.svg	/usr/share/icons/hicolor/scalable/apps/org.gnome.Rhythmbox3-symbolic.svg
org.gnome.Rhythmbox3.svg	/usr/share/icons/hicolor/scalable/apps/org.gnome.Rhythmbox3.svg
rpi-imager.svg	/usr/share/icons/hicolor/scalable/apps/rpi-imager.svg
gimp.svg	/usr/share/icons/hicolor/scalable/apps/gimp.svg
org.gnome.TextEditor.svg	/usr/share/icons/hicolor/scalable/apps/org.gnome.TextEditor.svg
org.inkscape.Inkscape.svg	/usr/share/icons/hicolor/scalable/apps/org.inkscape.Inkscape.svg
org.gnome.Snapshot.svg	/usr/share/icons/hicolor/scalable/apps/org.gnome.Snapshot.svg
org.gnome.Connections.svg	/usr/share/icons/hicolor/scalable/apps/org.gnome.Connections.svg
org.fontforge.FontForge.svg	/usr/share/icons/hicolor/scalable/apps/org.fontforge.FontForge.svg
org.gnome.Characters.svg	/usr/share/icons/hicolor/scalable/apps/org.gnome.Characters.svg
org.gnome.Calculator.svg	/usr/share/icons/hicolor/scalable/apps/org.gnome.Calculator.svg
org.gnome.SystemMonitor.Devel.svg	/usr/share/icons/hicolor/scalable/apps/org.gnome.SystemMonitor.Devel.svg
org.gnome.SystemMonitor.svg	/usr/share/icons/hicolor/scalable/apps/org.gnome.SystemMonitor.svg
gnome-disks-state-standby-symbolic.svg	/usr/share/icons/hicolor/scalable/apps/gnome-disks-state-standby-symbolic.svg
org.gnome.DiskUtility-symbolic.svg	/usr/share/icons/hicolor/scalable/apps/org.gnome.DiskUtility-symbolic.svg
org.gnome.DiskUtility.Devel.svg	/usr/share/icons/hicolor/scalable/apps/org.gnome.DiskUtility.Devel.svg
org.gnome.DiskUtility.svg	/usr/share/icons/hicolor/scalable/apps/org.gnome.DiskUtility.svg
org.gnome.baobab.Devel.svg	/usr/share/icons/hicolor/scalable/apps/org.gnome.baobab.Devel.svg
org.gnome.baobab.svg	/usr/share/icons/hicolor/scalable/apps/org.gnome.baobab.svg
org.gnome.font-viewer.svg	/usr/share/icons/hicolor/scalable/apps/org.gnome.font-viewer.svg
org.gnome.Logs.svg	/usr/share/icons/hicolor/scalable/apps/org.gnome.Logs.svg
org.freedesktop.IBus.Chewing.Setup.svg	/usr/share/icons/hicolor/scalable/apps/org.freedesktop.IBus.Chewing.Setup.svg
org.gnome.SimpleScan.svg	/usr/share/icons/hicolor/scalable/apps/org.gnome.SimpleScan.svg
gnome-color-manager.svg	/usr/share/icons/hicolor/scalable/apps/gnome-color-manager.svg
gtkwave.svg	/usr/share/icons/hicolor/scalable/apps/gtkwave.svg
kdump.svg	/usr/share/icons/hicolor/scalable/apps/kdump.svg
rofi.svg	/usr/share/icons/hicolor/scalable/apps/rofi.svg
kvantum.svg	/usr/share/icons/hicolor/scalable/apps/kvantum.svg
rygel-full.svg	/usr/share/icons/hicolor/scalable/apps/rygel-full.svg
rygel.svg	/usr/share/icons/hicolor/scalable/apps/rygel.svg
orca.svg	/usr/share/icons/hicolor/scalable/apps/orca.svg
btop.svg	/usr/share/icons/hicolor/scalable/apps/btop.svg
ibus-anthy.svg	/usr/share/icons/hicolor/scalable/apps/ibus-anthy.svg
org.gnome.Software.svg	/usr/share/icons/hicolor/scalable/apps/org.gnome.Software.svg
tigervnc.svg	/usr/share/icons/hicolor/scalable/apps/tigervnc.svg
org.pulseaudio.pavucontrol.svg	/usr/share/icons/hicolor/scalable/apps/org.pulseaudio.pavucontrol.svg
ibus-engine.svg	/usr/share/icons/hicolor/scalable/apps/ibus-engine.svg
ibus-keyboard.svg	/usr/share/icons/hicolor/scalable/apps/ibus-keyboard.svg
ibus-setup.svg	/usr/share/icons/hicolor/scalable/apps/ibus-setup.svg
ibus.svg	/usr/share/icons/hicolor/scalable/apps/ibus.svg
org.freedesktop.fwupd.svg	/usr/share/icons/hicolor/scalable/apps/org.freedesktop.fwupd.svg
org.freedesktop.Passim.svg	/usr/share/icons/hicolor/scalable/apps/org.freedesktop.Passim.svg
org.gnome.Tour.svg	/usr/share/icons/hicolor/scalable/apps/org.gnome.Tour.svg
abrt.svg	/usr/share/icons/hicolor/scalable/apps/abrt.svg
org.gnome.Settings-about-symbolic.svg	/usr/share/icons/hicolor/scalable/apps/org.gnome.Settings-about-symbolic.svg
org.gnome.Settings-accessibility-hearing-symbolic.svg	/usr/share/icons/hicolor/scalable/apps/org.gnome.Settings-accessibility-hearing-symbolic.svg
org.gnome.Settings-accessibility-pointing-symbolic.svg	/usr/share/icons/hicolor/scalable/apps/org.gnome.Settings-accessibility-pointing-symbolic.svg
org.gnome.Settings-accessibility-seeing-symbolic.svg	/usr/share/icons/hicolor/scalable/apps/org.gnome.Settings-accessibility-seeing-symbolic.svg
org.gnome.Settings-accessibility-symbolic.svg	/usr/share/icons/hicolor/scalable/apps/org.gnome.Settings-accessibility-symbolic.svg
org.gnome.Settings-accessibility-typing-symbolic.svg	/usr/share/icons/hicolor/scalable/apps/org.gnome.Settings-accessibility-typing-symbolic.svg
org.gnome.Settings-accessibility-zoom-symbolic.svg	/usr/share/icons/hicolor/scalable/apps/org.gnome.Settings-accessibility-zoom-symbolic.svg
org.gnome.Settings-appearance-symbolic.svg	/usr/share/icons/hicolor/scalable/apps/org.gnome.Settings-appearance-symbolic.svg
org.gnome.Settings-applications-symbolic.svg	/usr/share/icons/hicolor/scalable/apps/org.gnome.Settings-applications-symbolic.svg
org.gnome.Settings-bluetooth-symbolic.svg	/usr/share/icons/hicolor/scalable/apps/org.gnome.Settings-bluetooth-symbolic.svg
org.gnome.Settings-camera-access-symbolic.svg	/usr/share/icons/hicolor/scalable/apps/org.gnome.Settings-camera-access-symbolic.svg
org.gnome.Settings-color-symbolic.svg	/usr/share/icons/hicolor/scalable/apps/org.gnome.Settings-color-symbolic.svg
org.gnome.Settings-desktop-sharing-symbolic.svg	/usr/share/icons/hicolor/scalable/apps/org.gnome.Settings-desktop-sharing-symbolic.svg
org.gnome.Settings-device-diagnostics-symbolic.svg	/usr/share/icons/hicolor/scalable/apps/org.gnome.Settings-device-diagnostics-symbolic.svg
org.gnome.Settings-device-security-symbolic.svg	/usr/share/icons/hicolor/scalable/apps/org.gnome.Settings-device-security-symbolic.svg
org.gnome.Settings-display-symbolic.svg	/usr/share/icons/hicolor/scalable/apps/org.gnome.Settings-display-symbolic.svg
org.gnome.Settings-keyboard-symbolic.svg	/usr/share/icons/hicolor/scalable/apps/org.gnome.Settings-keyboard-symbolic.svg
org.gnome.Settings-location-access-symbolic.svg	/usr/share/icons/hicolor/scalable/apps/org.gnome.Settings-location-access-symbolic.svg
org.gnome.Settings-microphone-access-symbolic.svg	/usr/share/icons/hicolor/scalable/apps/org.gnome.Settings-microphone-access-symbolic.svg
org.gnome.Settings-mobile-network-symbolic.svg	/usr/share/icons/hicolor/scalable/apps/org.gnome.Settings-mobile-network-symbolic.svg
org.gnome.Settings-mouse-symbolic.svg	/usr/share/icons/hicolor/scalable/apps/org.gnome.Settings-mouse-symbolic.svg
org.gnome.Settings-multitasking-symbolic.svg	/usr/share/icons/hicolor/scalable/apps/org.gnome.Settings-multitasking-symbolic.svg
org.gnome.Settings-network-proxy-symbolic.svg	/usr/share/icons/hicolor/scalable/apps/org.gnome.Settings-network-proxy-symbolic.svg
org.gnome.Settings-network-symbolic.svg	/usr/share/icons/hicolor/scalable/apps/org.gnome.Settings-network-symbolic.svg
org.gnome.Settings-notifications-symbolic.svg	/usr/share/icons/hicolor/scalable/apps/org.gnome.Settings-notifications-symbolic.svg
org.gnome.Settings-online-accounts-symbolic.svg	/usr/share/icons/hicolor/scalable/apps/org.gnome.Settings-online-accounts-symbolic.svg
org.gnome.Settings-power-symbolic.svg	/usr/share/icons/hicolor/scalable/apps/org.gnome.Settings-power-symbolic.svg
org.gnome.Settings-printers-symbolic.svg	/usr/share/icons/hicolor/scalable/apps/org.gnome.Settings-printers-symbolic.svg
org.gnome.Settings-privacy-symbolic.svg	/usr/share/icons/hicolor/scalable/apps/org.gnome.Settings-privacy-symbolic.svg
org.gnome.Settings-region-symbolic.svg	/usr/share/icons/hicolor/scalable/apps/org.gnome.Settings-region-symbolic.svg
org.gnome.Settings-remote-desktop-symbolic.svg	/usr/share/icons/hicolor/scalable/apps/org.gnome.Settings-remote-desktop-symbolic.svg
org.gnome.Settings-screen-lock-symbolic.svg	/usr/share/icons/hicolor/scalable/apps/org.gnome.Settings-screen-lock-symbolic.svg
org.gnome.Settings-screen-time-symbolic.svg	/usr/share/icons/hicolor/scalable/apps/org.gnome.Settings-screen-time-symbolic.svg
org.gnome.Settings-search-symbolic.svg	/usr/share/icons/hicolor/scalable/apps/org.gnome.Settings-search-symbolic.svg
org.gnome.Settings-secure-shell-symbolic.svg	/usr/share/icons/hicolor/scalable/apps/org.gnome.Settings-secure-shell-symbolic.svg
org.gnome.Settings-sharing-symbolic.svg	/usr/share/icons/hicolor/scalable/apps/org.gnome.Settings-sharing-symbolic.svg
org.gnome.Settings-sound-symbolic.svg	/usr/share/icons/hicolor/scalable/apps/org.gnome.Settings-sound-symbolic.svg
org.gnome.Settings-system-symbolic.svg	/usr/share/icons/hicolor/scalable/apps/org.gnome.Settings-system-symbolic.svg
org.gnome.Settings-thunderbolt-access-symbolic.svg	/usr/share/icons/hicolor/scalable/apps/org.gnome.Settings-thunderbolt-access-symbolic.svg
org.gnome.Settings-time-symbolic.svg	/usr/share/icons/hicolor/scalable/apps/org.gnome.Settings-time-symbolic.svg
org.gnome.Settings-trash-file-history-symbolic.svg	/usr/share/icons/hicolor/scalable/apps/org.gnome.Settings-trash-file-history-symbolic.svg
org.gnome.Settings-users-symbolic.svg	/usr/share/icons/hicolor/scalable/apps/org.gnome.Settings-users-symbolic.svg
org.gnome.Settings-wacom-symbolic.svg	/usr/share/icons/hicolor/scalable/apps/org.gnome.Settings-wacom-symbolic.svg
org.gnome.Settings-wellbeing-symbolic.svg	/usr/share/icons/hicolor/scalable/apps/org.gnome.Settings-wellbeing-symbolic.svg
org.gnome.Settings.Devel.svg	/usr/share/icons/hicolor/scalable/apps/org.gnome.Settings.Devel.svg
org.gnome.Settings.svg	/usr/share/icons/hicolor/scalable/apps/org.gnome.Settings.svg
org.gnome.Shell.CaptivePortal.svg	/usr/share/icons/hicolor/scalable/apps/org.gnome.Shell.CaptivePortal.svg
org.gnome.Shell.Extensions.svg	/usr/share/icons/hicolor/scalable/apps/org.gnome.Shell.Extensions.svg
terminal-distrobox-icon.svg	/usr/share/icons/hicolor/scalable/apps/terminal-distrobox-icon.svg
qemu.svg	/usr/share/icons/hicolor/scalable/apps/qemu.svg
virt-viewer.svg	/usr/share/icons/hicolor/scalable/apps/virt-viewer.svg
org.gnome.Yelp.svg	/usr/share/icons/hicolor/scalable/apps/org.gnome.Yelp.svg
org.gnome.Epiphany.svg	/usr/share/icons/hicolor/scalable/apps/org.gnome.Epiphany.svg
kitty.svg	/usr/share/icons/hicolor/scalable/apps/kitty.svg
org.gnome.Maps.svg	/usr/share/icons/hicolor/scalable/apps/org.gnome.Maps.svg
ibus-typing-booster.svg	/usr/share/icons/hicolor/scalable/apps/ibus-typing-booster.svg
org.gnome.Nautilus.svg	/usr/share/icons/hicolor/scalable/apps/org.gnome.Nautilus.svg
bitmap2component.svg	/usr/share/icons/hicolor/scalable/apps/bitmap2component.svg
eeschema.svg	/usr/share/icons/hicolor/scalable/apps/eeschema.svg
gerbview.svg	/usr/share/icons/hicolor/scalable/apps/gerbview.svg
kicad.svg	/usr/share/icons/hicolor/scalable/apps/kicad.svg
pcbcalculator.svg	/usr/share/icons/hicolor/scalable/apps/pcbcalculator.svg
pcbnew.svg	/usr/share/icons/hicolor/scalable/apps/pcbnew.svg
blender.svg	/usr/share/icons/hicolor/scalable/apps/blender.svg
audacity.svg	/usr/share/icons/hicolor/scalable/apps/audacity.svg
kaccounts-nextcloud.svg	/usr/share/icons/hicolor/scalable/apps/kaccounts-nextcloud.svg
kdeconnectindicator.svg	/usr/share/icons/hicolor/scalable/apps/kdeconnectindicator.svg
kdeconnectindicatordark.svg	/usr/share/icons/hicolor/scalable/apps/kdeconnectindicatordark.svg
org.kde.dolphin.svg	/usr/share/icons/hicolor/scalable/apps/org.kde.dolphin.svg
flatpak-discover.svg	/usr/share/icons/hicolor/scalable/apps/flatpak-discover.svg
snapdiscover.svg	/usr/share/icons/hicolor/scalable/apps/snapdiscover.svg
org.kde.neochat.tray.svg	/usr/share/icons/hicolor/scalable/apps/org.kde.neochat.tray.svg
org.kde.qrca.svg	/usr/share/icons/hicolor/scalable/apps/org.kde.qrca.svg
texstudio.svg	/usr/share/icons/hicolor/scalable/apps/texstudio.svg
org.quickshell.svg	/usr/share/icons/hicolor/scalable/apps/org.quickshell.svg
xwaylandvideobridge.svg	/usr/share/icons/hicolor/scalable/apps/xwaylandvideobridge.svg
applications-electronics-Analog.svg	/usr/share/icons/hicolor/scalable/categories/applications-electronics-Analog.svg
applications-electronics-Automation.svg	/usr/share/icons/hicolor/scalable/categories/applications-electronics-Automation.svg
applications-electronics-Digital.svg	/usr/share/icons/hicolor/scalable/categories/applications-electronics-Digital.svg
applications-electronics-Embedded.svg	/usr/share/icons/hicolor/scalable/categories/applications-electronics-Embedded.svg
applications-electronics-SchematicPCB.svg	/usr/share/icons/hicolor/scalable/categories/applications-electronics-SchematicPCB.svg
applications-electronics-Spice.svg	/usr/share/icons/hicolor/scalable/categories/applications-electronics-Spice.svg
applications-electronics.svg	/usr/share/icons/hicolor/scalable/categories/applications-electronics.svg
system-component-addon.svg	/usr/share/icons/hicolor/scalable/categories/system-component-addon.svg
system-component-application.svg	/usr/share/icons/hicolor/scalable/categories/system-component-application.svg
system-component-codecs.svg	/usr/share/icons/hicolor/scalable/categories/system-component-codecs.svg
system-component-driver.svg	/usr/share/icons/hicolor/scalable/categories/system-component-driver.svg
system-component-firmware.svg	/usr/share/icons/hicolor/scalable/categories/system-component-firmware.svg
system-component-input-sources.svg	/usr/share/icons/hicolor/scalable/categories/system-component-input-sources.svg
system-component-language.svg	/usr/share/icons/hicolor/scalable/categories/system-component-language.svg
system-component-os-updates.svg	/usr/share/icons/hicolor/scalable/categories/system-component-os-updates.svg
system-component-runtime.svg	/usr/share/icons/hicolor/scalable/categories/system-component-runtime.svg
application-x-kicad-footprint-16.svg	/usr/share/icons/hicolor/scalable/mimetypes/application-x-kicad-footprint-16.svg
application-x-kicad-footprint-24.svg	/usr/share/icons/hicolor/scalable/mimetypes/application-x-kicad-footprint-24.svg
application-x-kicad-footprint-32.svg	/usr/share/icons/hicolor/scalable/mimetypes/application-x-kicad-footprint-32.svg
application-x-kicad-footprint-48.svg	/usr/share/icons/hicolor/scalable/mimetypes/application-x-kicad-footprint-48.svg
application-x-kicad-footprint-64.svg	/usr/share/icons/hicolor/scalable/mimetypes/application-x-kicad-footprint-64.svg
application-x-kicad-footprint.svg	/usr/share/icons/hicolor/scalable/mimetypes/application-x-kicad-footprint.svg
application-x-kicad-pcb-16.svg	/usr/share/icons/hicolor/scalable/mimetypes/application-x-kicad-pcb-16.svg
application-x-kicad-pcb-24.svg	/usr/share/icons/hicolor/scalable/mimetypes/application-x-kicad-pcb-24.svg
application-x-kicad-pcb-32.svg	/usr/share/icons/hicolor/scalable/mimetypes/application-x-kicad-pcb-32.svg
application-x-kicad-pcb-48.svg	/usr/share/icons/hicolor/scalable/mimetypes/application-x-kicad-pcb-48.svg
application-x-kicad-pcb-64.svg	/usr/share/icons/hicolor/scalable/mimetypes/application-x-kicad-pcb-64.svg
application-x-kicad-pcb.svg	/usr/share/icons/hicolor/scalable/mimetypes/application-x-kicad-pcb.svg
application-x-kicad-project-16.svg	/usr/share/icons/hicolor/scalable/mimetypes/application-x-kicad-project-16.svg
application-x-kicad-project-24.svg	/usr/share/icons/hicolor/scalable/mimetypes/application-x-kicad-project-24.svg
application-x-kicad-project-32.svg	/usr/share/icons/hicolor/scalable/mimetypes/application-x-kicad-project-32.svg
application-x-kicad-project-48.svg	/usr/share/icons/hicolor/scalable/mimetypes/application-x-kicad-project-48.svg
application-x-kicad-project-64.svg	/usr/share/icons/hicolor/scalable/mimetypes/application-x-kicad-project-64.svg
application-x-kicad-project.svg	/usr/share/icons/hicolor/scalable/mimetypes/application-x-kicad-project.svg
application-x-kicad-schematic-16.svg	/usr/share/icons/hicolor/scalable/mimetypes/application-x-kicad-schematic-16.svg
application-x-kicad-schematic-24.svg	/usr/share/icons/hicolor/scalable/mimetypes/application-x-kicad-schematic-24.svg
application-x-kicad-schematic-32.svg	/usr/share/icons/hicolor/scalable/mimetypes/application-x-kicad-schematic-32.svg
application-x-kicad-schematic-48.svg	/usr/share/icons/hicolor/scalable/mimetypes/application-x-kicad-schematic-48.svg
application-x-kicad-schematic-64.svg	/usr/share/icons/hicolor/scalable/mimetypes/application-x-kicad-schematic-64.svg
application-x-kicad-schematic.svg	/usr/share/icons/hicolor/scalable/mimetypes/application-x-kicad-schematic.svg
application-x-kicad-symbol-16.svg	/usr/share/icons/hicolor/scalable/mimetypes/application-x-kicad-symbol-16.svg
application-x-kicad-symbol-24.svg	/usr/share/icons/hicolor/scalable/mimetypes/application-x-kicad-symbol-24.svg
application-x-kicad-symbol-32.svg	/usr/share/icons/hicolor/scalable/mimetypes/application-x-kicad-symbol-32.svg
application-x-kicad-symbol-48.svg	/usr/share/icons/hicolor/scalable/mimetypes/application-x-kicad-symbol-48.svg
application-x-kicad-symbol-64.svg	/usr/share/icons/hicolor/scalable/mimetypes/application-x-kicad-symbol-64.svg
application-x-kicad-symbol.svg	/usr/share/icons/hicolor/scalable/mimetypes/application-x-kicad-symbol.svg
application-x-kicad-worksheet-16.svg	/usr/share/icons/hicolor/scalable/mimetypes/application-x-kicad-worksheet-16.svg
application-x-kicad-worksheet-24.svg	/usr/share/icons/hicolor/scalable/mimetypes/application-x-kicad-worksheet-24.svg
application-x-kicad-worksheet-32.svg	/usr/share/icons/hicolor/scalable/mimetypes/application-x-kicad-worksheet-32.svg
application-x-kicad-worksheet-48.svg	/usr/share/icons/hicolor/scalable/mimetypes/application-x-kicad-worksheet-48.svg
application-x-kicad-worksheet-64.svg	/usr/share/icons/hicolor/scalable/mimetypes/application-x-kicad-worksheet-64.svg
application-x-kicad-worksheet.svg	/usr/share/icons/hicolor/scalable/mimetypes/application-x-kicad-worksheet.svg
poi-airport.svg	/usr/share/icons/hicolor/scalable/places/poi-airport.svg
poi-bar.svg	/usr/share/icons/hicolor/scalable/places/poi-bar.svg
poi-building.svg	/usr/share/icons/hicolor/scalable/places/poi-building.svg
poi-bus-stop.svg	/usr/share/icons/hicolor/scalable/places/poi-bus-stop.svg
poi-car.svg	/usr/share/icons/hicolor/scalable/places/poi-car.svg
poi-light-rail-station.svg	/usr/share/icons/hicolor/scalable/places/poi-light-rail-station.svg
poi-marker.svg	/usr/share/icons/hicolor/scalable/places/poi-marker.svg
poi-place-of-worship.svg	/usr/share/icons/hicolor/scalable/places/poi-place-of-worship.svg
poi-railway-station.svg	/usr/share/icons/hicolor/scalable/places/poi-railway-station.svg
poi-restaurant.svg	/usr/share/icons/hicolor/scalable/places/poi-restaurant.svg
poi-school.svg	/usr/share/icons/hicolor/scalable/places/poi-school.svg
poi-town.svg	/usr/share/icons/hicolor/scalable/places/poi-town.svg
temperature-symbolic.svg	/usr/share/icons/hicolor/scalable/status/temperature-symbolic.svg
weather-clear-large.svg	/usr/share/icons/hicolor/scalable/status/weather-clear-large.svg
weather-clear-night-large.svg	/usr/share/icons/hicolor/scalable/status/weather-clear-night-large.svg
weather-clear-night-small.svg	/usr/share/icons/hicolor/scalable/status/weather-clear-night-small.svg
weather-clear-small.svg	/usr/share/icons/hicolor/scalable/status/weather-clear-small.svg
weather-few-clouds-large.svg	/usr/share/icons/hicolor/scalable/status/weather-few-clouds-large.svg
weather-few-clouds-night-large.svg	/usr/share/icons/hicolor/scalable/status/weather-few-clouds-night-large.svg
weather-few-clouds-night-small.svg	/usr/share/icons/hicolor/scalable/status/weather-few-clouds-night-small.svg
weather-few-clouds-small.svg	/usr/share/icons/hicolor/scalable/status/weather-few-clouds-small.svg
weather-fog-large.svg	/usr/share/icons/hicolor/scalable/status/weather-fog-large.svg
weather-fog-small.svg	/usr/share/icons/hicolor/scalable/status/weather-fog-small.svg
weather-hourly-symbolic.svg	/usr/share/icons/hicolor/scalable/status/weather-hourly-symbolic.svg
weather-overcast-large.svg	/usr/share/icons/hicolor/scalable/status/weather-overcast-large.svg
weather-overcast-small.svg	/usr/share/icons/hicolor/scalable/status/weather-overcast-small.svg
weather-severe-alert-large.svg	/usr/share/icons/hicolor/scalable/status/weather-severe-alert-large.svg
weather-severe-alert-small.svg	/usr/share/icons/hicolor/scalable/status/weather-severe-alert-small.svg
weather-showers-large.svg	/usr/share/icons/hicolor/scalable/status/weather-showers-large.svg
weather-showers-scattered-large.svg	/usr/share/icons/hicolor/scalable/status/weather-showers-scattered-large.svg
weather-showers-scattered-small.svg	/usr/share/icons/hicolor/scalable/status/weather-showers-scattered-small.svg
weather-showers-small.svg	/usr/share/icons/hicolor/scalable/status/weather-showers-small.svg
weather-snow-large.svg	/usr/share/icons/hicolor/scalable/status/weather-snow-large.svg
weather-snow-small.svg	/usr/share/icons/hicolor/scalable/status/weather-snow-small.svg
weather-storm-large.svg	/usr/share/icons/hicolor/scalable/status/weather-storm-large.svg
weather-storm-small.svg	/usr/share/icons/hicolor/scalable/status/weather-storm-small.svg
weather-tornado-large.svg	/usr/share/icons/hicolor/scalable/status/weather-tornado-large.svg
weather-tornado-small.svg	/usr/share/icons/hicolor/scalable/status/weather-tornado-small.svg
weather-windy-large.svg	/usr/share/icons/hicolor/scalable/status/weather-windy-large.svg
weather-windy-small.svg	/usr/share/icons/hicolor/scalable/status/weather-windy-small.svg
org.fedoraproject.AnacondaInstaller-symbolic.svg	/usr/share/icons/hicolor/symbolic/apps/org.fedoraproject.AnacondaInstaller-symbolic.svg
org.gnome.Tecla-symbolic.svg	/usr/share/icons/hicolor/symbolic/apps/org.gnome.Tecla-symbolic.svg
org.freedesktop.GnomeAbrt-symbolic.svg	/usr/share/icons/hicolor/symbolic/apps/org.freedesktop.GnomeAbrt-symbolic.svg
mpv-symbolic.svg	/usr/share/icons/hicolor/symbolic/apps/mpv-symbolic.svg
goa-account-exchange-symbolic.svg	/usr/share/icons/hicolor/symbolic/apps/goa-account-exchange-symbolic.svg
goa-account-google-symbolic.svg	/usr/share/icons/hicolor/symbolic/apps/goa-account-google-symbolic.svg
goa-account-owncloud-symbolic.svg	/usr/share/icons/hicolor/symbolic/apps/goa-account-owncloud-symbolic.svg
goa-account-symbolic.svg	/usr/share/icons/hicolor/symbolic/apps/goa-account-symbolic.svg
org.gnome.goa-daemon-symbolic.svg	/usr/share/icons/hicolor/symbolic/apps/org.gnome.goa-daemon-symbolic.svg
org.gnome.Contacts-symbolic.svg	/usr/share/icons/hicolor/symbolic/apps/org.gnome.Contacts-symbolic.svg
org.gnome.Calendar-symbolic.svg	/usr/share/icons/hicolor/symbolic/apps/org.gnome.Calendar-symbolic.svg
org.gnome.Calendar.Devel-symbolic.svg	/usr/share/icons/hicolor/symbolic/apps/org.gnome.Calendar.Devel-symbolic.svg
org.gnome.clocks-symbolic.svg	/usr/share/icons/hicolor/symbolic/apps/org.gnome.clocks-symbolic.svg
org.gnome.Weather-symbolic.svg	/usr/share/icons/hicolor/symbolic/apps/org.gnome.Weather-symbolic.svg
org.gnome.Loupe-symbolic.svg	/usr/share/icons/hicolor/symbolic/apps/org.gnome.Loupe-symbolic.svg
org.gnome.Totem-symbolic.svg	/usr/share/icons/hicolor/symbolic/apps/org.gnome.Totem-symbolic.svg
totem-tv-symbolic.svg	/usr/share/icons/hicolor/symbolic/apps/totem-tv-symbolic.svg
org.freedesktop.MalcontentControl-symbolic.svg	/usr/share/icons/hicolor/symbolic/apps/org.freedesktop.MalcontentControl-symbolic.svg
org.gnome.Evince-symbolic.svg	/usr/share/icons/hicolor/symbolic/apps/org.gnome.Evince-symbolic.svg
org.gnome.Ptyxis-symbolic.svg	/usr/share/icons/hicolor/symbolic/apps/org.gnome.Ptyxis-symbolic.svg
org.gnome.TextEditor-symbolic.svg	/usr/share/icons/hicolor/symbolic/apps/org.gnome.TextEditor-symbolic.svg
org.inkscape.Inkscape-symbolic.svg	/usr/share/icons/hicolor/symbolic/apps/org.inkscape.Inkscape-symbolic.svg
org.gnome.Snapshot-symbolic.svg	/usr/share/icons/hicolor/symbolic/apps/org.gnome.Snapshot-symbolic.svg
org.gnome.Connections-symbolic.svg	/usr/share/icons/hicolor/symbolic/apps/org.gnome.Connections-symbolic.svg
org.gnome.Characters-symbolic.svg	/usr/share/icons/hicolor/symbolic/apps/org.gnome.Characters-symbolic.svg
org.gnome.Calculator-symbolic.svg	/usr/share/icons/hicolor/symbolic/apps/org.gnome.Calculator-symbolic.svg
org.gnome.SystemMonitor-symbolic.svg	/usr/share/icons/hicolor/symbolic/apps/org.gnome.SystemMonitor-symbolic.svg
processes-symbolic.svg	/usr/share/icons/hicolor/symbolic/apps/processes-symbolic.svg
resources-symbolic.svg	/usr/share/icons/hicolor/symbolic/apps/resources-symbolic.svg
org.gnome.baobab-symbolic.svg	/usr/share/icons/hicolor/symbolic/apps/org.gnome.baobab-symbolic.svg
org.gnome.font-viewer-symbolic.svg	/usr/share/icons/hicolor/symbolic/apps/org.gnome.font-viewer-symbolic.svg
org.gnome.Logs-symbolic.svg	/usr/share/icons/hicolor/symbolic/apps/org.gnome.Logs-symbolic.svg
org.gnome.SimpleScan-symbolic.svg	/usr/share/icons/hicolor/symbolic/apps/org.gnome.SimpleScan-symbolic.svg
orca-symbolic.svg	/usr/share/icons/hicolor/symbolic/apps/orca-symbolic.svg
org.gnome.Software-symbolic.svg	/usr/share/icons/hicolor/symbolic/apps/org.gnome.Software-symbolic.svg
org.gnome.gedit-symbolic.svg	/usr/share/icons/hicolor/symbolic/apps/org.gnome.gedit-symbolic.svg
org.pulseaudio.pavucontrol-symbolic.svg	/usr/share/icons/hicolor/symbolic/apps/org.pulseaudio.pavucontrol-symbolic.svg
org.gnome.Tour-symbolic.svg	/usr/share/icons/hicolor/symbolic/apps/org.gnome.Tour-symbolic.svg
abrt-symbolic.svg	/usr/share/icons/hicolor/symbolic/apps/abrt-symbolic.svg
org.gnome.Settings-symbolic.svg	/usr/share/icons/hicolor/symbolic/apps/org.gnome.Settings-symbolic.svg
org.gnome.Shell.CaptivePortal-symbolic.svg	/usr/share/icons/hicolor/symbolic/apps/org.gnome.Shell.CaptivePortal-symbolic.svg
org.gnome.Shell.Extensions-symbolic.svg	/usr/share/icons/hicolor/symbolic/apps/org.gnome.Shell.Extensions-symbolic.svg
org.gnome.Yelp-symbolic.svg	/usr/share/icons/hicolor/symbolic/apps/org.gnome.Yelp-symbolic.svg
org.gnome.Epiphany-symbolic.svg	/usr/share/icons/hicolor/symbolic/apps/org.gnome.Epiphany-symbolic.svg
org.gnome.Maps-symbolic.svg	/usr/share/icons/hicolor/symbolic/apps/org.gnome.Maps-symbolic.svg
org.gnome.Nautilus-symbolic.svg	/usr/share/icons/hicolor/symbolic/apps/org.gnome.Nautilus-symbolic.svg
blender-symbolic.svg	/usr/share/icons/hicolor/symbolic/apps/blender-symbolic.svg
start-here-kde-fedora.png	/usr/share/icons/oxygen/16x16/places/start-here-kde-fedora.png
alias.svg	/usr/share/icons/Breeze_Light/cursors_scalable/alias/alias.svg
all-scroll.svg	/usr/share/icons/Breeze_Light/cursors_scalable/all-scroll/all-scroll.svg
bottom_left_corner.svg	/usr/share/icons/Breeze_Light/cursors_scalable/bottom_left_corner/bottom_left_corner.svg
bottom_right_corner.svg	/usr/share/icons/Breeze_Light/cursors_scalable/bottom_right_corner/bottom_right_corner.svg
bottom_side.svg	/usr/share/icons/Breeze_Light/cursors_scalable/bottom_side/bottom_side.svg
cell.svg	/usr/share/icons/Breeze_Light/cursors_scalable/cell/cell.svg
center_ptr.svg	/usr/share/icons/Breeze_Light/cursors_scalable/center_ptr/center_ptr.svg
col-resize.svg	/usr/share/icons/Breeze_Light/cursors_scalable/col-resize/col-resize.svg
context-menu.svg	/usr/share/icons/Breeze_Light/cursors_scalable/context-menu/context-menu.svg
copy.svg	/usr/share/icons/Breeze_Light/cursors_scalable/copy/copy.svg
crosshair.svg	/usr/share/icons/Breeze_Light/cursors_scalable/crosshair/crosshair.svg
default.svg	/usr/share/icons/Breeze_Light/cursors_scalable/default/default.svg
dnd-move.svg	/usr/share/icons/Breeze_Light/cursors_scalable/dnd-move/dnd-move.svg
dnd-no-drop.svg	/usr/share/icons/Breeze_Light/cursors_scalable/dnd-no-drop/dnd-no-drop.svg
down-arrow.svg	/usr/share/icons/Breeze_Light/cursors_scalable/down-arrow/down-arrow.svg
draft.svg	/usr/share/icons/Breeze_Light/cursors_scalable/draft/draft.svg
fleur.svg	/usr/share/icons/Breeze_Light/cursors_scalable/fleur/fleur.svg
help.svg	/usr/share/icons/Breeze_Light/cursors_scalable/help/help.svg
left-arrow.svg	/usr/share/icons/Breeze_Light/cursors_scalable/left-arrow/left-arrow.svg
left_side.svg	/usr/share/icons/Breeze_Light/cursors_scalable/left_side/left_side.svg
no-drop.svg	/usr/share/icons/Breeze_Light/cursors_scalable/no-drop/no-drop.svg
not-allowed.svg	/usr/share/icons/Breeze_Light/cursors_scalable/not-allowed/not-allowed.svg
openhand.svg	/usr/share/icons/Breeze_Light/cursors_scalable/openhand/openhand.svg
pencil.svg	/usr/share/icons/Breeze_Light/cursors_scalable/pencil/pencil.svg
pirate.svg	/usr/share/icons/Breeze_Light/cursors_scalable/pirate/pirate.svg
progress-01.svg	/usr/share/icons/Breeze_Light/cursors_scalable/progress/progress-01.svg
progress-02.svg	/usr/share/icons/Breeze_Light/cursors_scalable/progress/progress-02.svg
progress-03.svg	/usr/share/icons/Breeze_Light/cursors_scalable/progress/progress-03.svg
progress-04.svg	/usr/share/icons/Breeze_Light/cursors_scalable/progress/progress-04.svg
progress-05.svg	/usr/share/icons/Breeze_Light/cursors_scalable/progress/progress-05.svg
progress-06.svg	/usr/share/icons/Breeze_Light/cursors_scalable/progress/progress-06.svg
progress-07.svg	/usr/share/icons/Breeze_Light/cursors_scalable/progress/progress-07.svg
progress-08.svg	/usr/share/icons/Breeze_Light/cursors_scalable/progress/progress-08.svg
progress-09.svg	/usr/share/icons/Breeze_Light/cursors_scalable/progress/progress-09.svg
progress-10.svg	/usr/share/icons/Breeze_Light/cursors_scalable/progress/progress-10.svg
progress-11.svg	/usr/share/icons/Breeze_Light/cursors_scalable/progress/progress-11.svg
progress-12.svg	/usr/share/icons/Breeze_Light/cursors_scalable/progress/progress-12.svg
progress-13.svg	/usr/share/icons/Breeze_Light/cursors_scalable/progress/progress-13.svg
progress-14.svg	/usr/share/icons/Breeze_Light/cursors_scalable/progress/progress-14.svg
progress-15.svg	/usr/share/icons/Breeze_Light/cursors_scalable/progress/progress-15.svg
progress-16.svg	/usr/share/icons/Breeze_Light/cursors_scalable/progress/progress-16.svg
progress-17.svg	/usr/share/icons/Breeze_Light/cursors_scalable/progress/progress-17.svg
progress-18.svg	/usr/share/icons/Breeze_Light/cursors_scalable/progress/progress-18.svg
progress-19.svg	/usr/share/icons/Breeze_Light/cursors_scalable/progress/progress-19.svg
progress-20.svg	/usr/share/icons/Breeze_Light/cursors_scalable/progress/progress-20.svg
progress-21.svg	/usr/share/icons/Breeze_Light/cursors_scalable/progress/progress-21.svg
progress-22.svg	/usr/share/icons/Breeze_Light/cursors_scalable/progress/progress-22.svg
progress-23.svg	/usr/share/icons/Breeze_Light/cursors_scalable/progress/progress-23.svg
right-arrow.svg	/usr/share/icons/Breeze_Light/cursors_scalable/right-arrow/right-arrow.svg
right_ptr.svg	/usr/share/icons/Breeze_Light/cursors_scalable/right_ptr/right_ptr.svg
right_side.svg	/usr/share/icons/Breeze_Light/cursors_scalable/right_side/right_side.svg
row-resize.svg	/usr/share/icons/Breeze_Light/cursors_scalable/row-resize/row-resize.svg
size_bdiag.svg	/usr/share/icons/Breeze_Light/cursors_scalable/size_bdiag/size_bdiag.svg
size_fdiag.svg	/usr/share/icons/Breeze_Light/cursors_scalable/size_fdiag/size_fdiag.svg
size_hor.svg	/usr/share/icons/Breeze_Light/cursors_scalable/size_hor/size_hor.svg
size_ver.svg	/usr/share/icons/Breeze_Light/cursors_scalable/size_ver/size_ver.svg
text.svg	/usr/share/icons/Breeze_Light/cursors_scalable/text/text.svg
top_left_corner.svg	/usr/share/icons/Breeze_Light/cursors_scalable/top_left_corner/top_left_corner.svg
top_right_corner.svg	/usr/share/icons/Breeze_Light/cursors_scalable/top_right_corner/top_right_corner.svg
top_side.svg	/usr/share/icons/Breeze_Light/cursors_scalable/top_side/top_side.svg
up-arrow.svg	/usr/share/icons/Breeze_Light/cursors_scalable/up-arrow/up-arrow.svg
vertical-text.svg	/usr/share/icons/Breeze_Light/cursors_scalable/vertical-text/vertical-text.svg
wait-01.svg	/usr/share/icons/Breeze_Light/cursors_scalable/wait/wait-01.svg
wait-02.svg	/usr/share/icons/Breeze_Light/cursors_scalable/wait/wait-02.svg
wait-03.svg	/usr/share/icons/Breeze_Light/cursors_scalable/wait/wait-03.svg
wait-04.svg	/usr/share/icons/Breeze_Light/cursors_scalable/wait/wait-04.svg
wait-05.svg	/usr/share/icons/Breeze_Light/cursors_scalable/wait/wait-05.svg
wait-06.svg	/usr/share/icons/Breeze_Light/cursors_scalable/wait/wait-06.svg
wait-07.svg	/usr/share/icons/Breeze_Light/cursors_scalable/wait/wait-07.svg
wait-08.svg	/usr/share/icons/Breeze_Light/cursors_scalable/wait/wait-08.svg
wait-09.svg	/usr/share/icons/Breeze_Light/cursors_scalable/wait/wait-09.svg
wait-10.svg	/usr/share/icons/Breeze_Light/cursors_scalable/wait/wait-10.svg
wait-11.svg	/usr/share/icons/Breeze_Light/cursors_scalable/wait/wait-11.svg
wait-12.svg	/usr/share/icons/Breeze_Light/cursors_scalable/wait/wait-12.svg
wait-13.svg	/usr/share/icons/Breeze_Light/cursors_scalable/wait/wait-13.svg
wait-14.svg	/usr/share/icons/Breeze_Light/cursors_scalable/wait/wait-14.svg
wait-15.svg	/usr/share/icons/Breeze_Light/cursors_scalable/wait/wait-15.svg
wait-16.svg	/usr/share/icons/Breeze_Light/cursors_scalable/wait/wait-16.svg
wait-17.svg	/usr/share/icons/Breeze_Light/cursors_scalable/wait/wait-17.svg
wait-18.svg	/usr/share/icons/Breeze_Light/cursors_scalable/wait/wait-18.svg
wait-19.svg	/usr/share/icons/Breeze_Light/cursors_scalable/wait/wait-19.svg
wait-20.svg	/usr/share/icons/Breeze_Light/cursors_scalable/wait/wait-20.svg
wait-21.svg	/usr/share/icons/Breeze_Light/cursors_scalable/wait/wait-21.svg
wait-22.svg	/usr/share/icons/Breeze_Light/cursors_scalable/wait/wait-22.svg
wait-23.svg	/usr/share/icons/Breeze_Light/cursors_scalable/wait/wait-23.svg
wayland-cursor.svg	/usr/share/icons/Breeze_Light/cursors_scalable/wayland-cursor/wayland-cursor.svg
x-cursor.svg	/usr/share/icons/Breeze_Light/cursors_scalable/x-cursor/x-cursor.svg
action-unavailable.png	/usr/share/icons/HighContrast/16x16/actions/action-unavailable.png
bookmark-add.png	/usr/share/icons/HighContrast/16x16/actions/bookmark-add.png
call-end.png	/usr/share/icons/HighContrast/16x16/actions/call-end.png
color-select.png	/usr/share/icons/HighContrast/16x16/actions/color-select.png
content-loading.png	/usr/share/icons/HighContrast/16x16/actions/content-loading.png
edit-select.png	/usr/share/icons/HighContrast/16x16/actions/edit-select.png
find-location.png	/usr/share/icons/HighContrast/16x16/actions/find-location.png
font-select.png	/usr/share/icons/HighContrast/16x16/actions/font-select.png
go-jump-rtl.png	/usr/share/icons/HighContrast/16x16/actions/go-jump-rtl.png
list-remove-all.png	/usr/share/icons/HighContrast/16x16/actions/list-remove-all.png
media-playback-start-rtl.png	/usr/share/icons/HighContrast/16x16/actions/media-playback-start-rtl.png
media-seek-backward-rtl.png	/usr/share/icons/HighContrast/16x16/actions/media-seek-backward-rtl.png
media-seek-forward-rtl.png	/usr/share/icons/HighContrast/16x16/actions/media-seek-forward-rtl.png
media-skip-backward-rtl.png	/usr/share/icons/HighContrast/16x16/actions/media-skip-backward-rtl.png
media-skip-forward-rtl.png	/usr/share/icons/HighContrast/16x16/actions/media-skip-forward-rtl.png
media-view-subtitles.png	/usr/share/icons/HighContrast/16x16/actions/media-view-subtitles.png
object-select.png	/usr/share/icons/HighContrast/16x16/actions/object-select.png
open-menu.png	/usr/share/icons/HighContrast/16x16/actions/open-menu.png
pan-down.png	/usr/share/icons/HighContrast/16x16/actions/pan-down.png
pan-end.png	/usr/share/icons/HighContrast/16x16/actions/pan-end.png
pan-start.png	/usr/share/icons/HighContrast/16x16/actions/pan-start.png
pan-up.png	/usr/share/icons/HighContrast/16x16/actions/pan-up.png
selection-end.png	/usr/share/icons/HighContrast/16x16/actions/selection-end.png
selection-start.png	/usr/share/icons/HighContrast/16x16/actions/selection-start.png
send-to.png	/usr/share/icons/HighContrast/16x16/actions/send-to.png
star-new.png	/usr/share/icons/HighContrast/16x16/actions/star-new.png
view-continuous.png	/usr/share/icons/HighContrast/16x16/actions/view-continuous.png
view-dual.png	/usr/share/icons/HighContrast/16x16/actions/view-dual.png
view-grid.png	/usr/share/icons/HighContrast/16x16/actions/view-grid.png
view-list.png	/usr/share/icons/HighContrast/16x16/actions/view-list.png
view-more.png	/usr/share/icons/HighContrast/16x16/actions/view-more.png
view-paged.png	/usr/share/icons/HighContrast/16x16/actions/view-paged.png
window-maximize.png	/usr/share/icons/HighContrast/16x16/actions/window-maximize.png
window-minimize.png	/usr/share/icons/HighContrast/16x16/actions/window-minimize.png
window-restore.png	/usr/share/icons/HighContrast/16x16/actions/window-restore.png
abrt-gui.png	/usr/share/icons/HighContrast/16x16/apps/abrt-gui.png
aisleriot.png	/usr/share/icons/HighContrast/16x16/apps/aisleriot.png
anjuta6.png	/usr/share/icons/HighContrast/16x16/apps/anjuta6.png
applications-blender.png	/usr/share/icons/HighContrast/16x16/apps/applications-blender.png
audiobook.png	/usr/share/icons/HighContrast/16x16/apps/audiobook.png
bijiben.png	/usr/share/icons/HighContrast/16x16/apps/bijiben.png
blender.png	/usr/share/icons/HighContrast/16x16/apps/blender.png
bluetooth.png	/usr/share/icons/HighContrast/16x16/apps/bluetooth.png
boxes.png	/usr/share/icons/HighContrast/16x16/apps/boxes.png
brasero.png	/usr/share/icons/HighContrast/16x16/apps/brasero.png
cheese.png	/usr/share/icons/HighContrast/16x16/apps/cheese.png
config-firewall.png	/usr/share/icons/HighContrast/16x16/apps/config-firewall.png
configuration-editor.png	/usr/share/icons/HighContrast/16x16/apps/configuration-editor.png
deja-dup.png	/usr/share/icons/HighContrast/16x16/apps/deja-dup.png
devhelp.png	/usr/share/icons/HighContrast/16x16/apps/devhelp.png
documents.png	/usr/share/icons/HighContrast/16x16/apps/documents.png
empathy.png	/usr/share/icons/HighContrast/16x16/apps/empathy.png
eog.png	/usr/share/icons/HighContrast/16x16/apps/eog.png
evince.png	/usr/share/icons/HighContrast/16x16/apps/evince.png
evolution.png	/usr/share/icons/HighContrast/16x16/apps/evolution.png
fedora-release-notes.png	/usr/share/icons/HighContrast/16x16/apps/fedora-release-notes.png
file-roller.png	/usr/share/icons/HighContrast/16x16/apps/file-roller.png
firefox.png	/usr/share/icons/HighContrast/16x16/apps/firefox.png
folder-saved-search-alt.png	/usr/share/icons/HighContrast/16x16/apps/folder-saved-search-alt.png
frogr.png	/usr/share/icons/HighContrast/16x16/apps/frogr.png
glade.png	/usr/share/icons/HighContrast/16x16/apps/glade.png
gnome-abrt.png	/usr/share/icons/HighContrast/16x16/apps/gnome-abrt.png
gnome-aisleriot.png	/usr/share/icons/HighContrast/16x16/apps/gnome-aisleriot.png
gnome-boxes.png	/usr/share/icons/HighContrast/16x16/apps/gnome-boxes.png
gnome-freecell.png	/usr/share/icons/HighContrast/16x16/apps/gnome-freecell.png
gnome-nettool.png	/usr/share/icons/HighContrast/16x16/apps/gnome-nettool.png
gnome-power-manager.png	/usr/share/icons/HighContrast/16x16/apps/gnome-power-manager.png
gnome-tweak-tool.png	/usr/share/icons/HighContrast/16x16/apps/gnome-tweak-tool.png
gnome-weather.png	/usr/share/icons/HighContrast/16x16/apps/gnome-weather.png
gnomine.png	/usr/share/icons/HighContrast/16x16/apps/gnomine.png
goa-panel.png	/usr/share/icons/HighContrast/16x16/apps/goa-panel.png
gtranslator.png	/usr/share/icons/HighContrast/16x16/apps/gtranslator.png
haguichi.png	/usr/share/icons/HighContrast/16x16/apps/haguichi.png
headpin.png	/usr/share/icons/HighContrast/16x16/apps/headpin.png
ifolder.png	/usr/share/icons/HighContrast/16x16/apps/ifolder.png
inkscape.png	/usr/share/icons/HighContrast/16x16/apps/inkscape.png
katello.png	/usr/share/icons/HighContrast/16x16/apps/katello.png
libreoffice-base.png	/usr/share/icons/HighContrast/16x16/apps/libreoffice-base.png
libreoffice-calc.png	/usr/share/icons/HighContrast/16x16/apps/libreoffice-calc.png
libreoffice-draw.png	/usr/share/icons/HighContrast/16x16/apps/libreoffice-draw.png
libreoffice-impress.png	/usr/share/icons/HighContrast/16x16/apps/libreoffice-impress.png
libreoffice-main.png	/usr/share/icons/HighContrast/16x16/apps/libreoffice-main.png
libreoffice-math.png	/usr/share/icons/HighContrast/16x16/apps/libreoffice-math.png
libreoffice-startcenter.png	/usr/share/icons/HighContrast/16x16/apps/libreoffice-startcenter.png
libreoffice-writer.png	/usr/share/icons/HighContrast/16x16/apps/libreoffice-writer.png
liveinst.png	/usr/share/icons/HighContrast/16x16/apps/liveinst.png
logviewer.png	/usr/share/icons/HighContrast/16x16/apps/logviewer.png
maps.png	/usr/share/icons/HighContrast/16x16/apps/maps.png
miro.png	/usr/share/icons/HighContrast/16x16/apps/miro.png
palimpsest.png	/usr/share/icons/HighContrast/16x16/apps/palimpsest.png
pidgin.png	/usr/share/icons/HighContrast/16x16/apps/pidgin.png
pino.png	/usr/share/icons/HighContrast/16x16/apps/pino.png
preferences-color.png	/usr/share/icons/HighContrast/16x16/apps/preferences-color.png
preferences-system-date-and-time.png	/usr/share/icons/HighContrast/16x16/apps/preferences-system-date-and-time.png
preferences-system-network-proxy.png	/usr/share/icons/HighContrast/16x16/apps/preferences-system-network-proxy.png
preferences-system-time.png	/usr/share/icons/HighContrast/16x16/apps/preferences-system-time.png
rhythmbox.png	/usr/share/icons/HighContrast/16x16/apps/rhythmbox.png
scribus.png	/usr/share/icons/HighContrast/16x16/apps/scribus.png
seahorse.png	/usr/share/icons/HighContrast/16x16/apps/seahorse.png
session-properties.png	/usr/share/icons/HighContrast/16x16/apps/session-properties.png
shotwell.png	/usr/share/icons/HighContrast/16x16/apps/shotwell.png
sound-juicer.png	/usr/share/icons/HighContrast/16x16/apps/sound-juicer.png
sparkleshare.png	/usr/share/icons/HighContrast/16x16/apps/sparkleshare.png
system-config-authentication.png	/usr/share/icons/HighContrast/16x16/apps/system-config-authentication.png
tasque.png	/usr/share/icons/HighContrast/16x16/apps/tasque.png
text-editor.png	/usr/share/icons/HighContrast/16x16/apps/text-editor.png
tomboy.png	/usr/share/icons/HighContrast/16x16/apps/tomboy.png
totem.png	/usr/share/icons/HighContrast/16x16/apps/totem.png
transmission.png	/usr/share/icons/HighContrast/16x16/apps/transmission.png
utilities-system-monitor.png	/usr/share/icons/HighContrast/16x16/apps/utilities-system-monitor.png
vim.png	/usr/share/icons/HighContrast/16x16/apps/vim.png
xchat-gnome.png	/usr/share/icons/HighContrast/16x16/apps/xchat-gnome.png
xchat.png	/usr/share/icons/HighContrast/16x16/apps/xchat.png
applications-multimedia.png	/usr/share/icons/HighContrast/16x16/categories/applications-multimedia.png
audio-input-microphone.png	/usr/share/icons/HighContrast/16x16/devices/audio-input-microphone.png
colorimeter-colorhug.png	/usr/share/icons/HighContrast/16x16/devices/colorimeter-colorhug.png
computer-apple-ipad.png	/usr/share/icons/HighContrast/16x16/devices/computer-apple-ipad.png
display-projector.png	/usr/share/icons/HighContrast/16x16/devices/display-projector.png
drive-harddisk-ieee1394.png	/usr/share/icons/HighContrast/16x16/devices/drive-harddisk-ieee1394.png
drive-harddisk-solidstate.png	/usr/share/icons/HighContrast/16x16/devices/drive-harddisk-solidstate.png
drive-harddisk-system.png	/usr/share/icons/HighContrast/16x16/devices/drive-harddisk-system.png
drive-harddisk-usb.png	/usr/share/icons/HighContrast/16x16/devices/drive-harddisk-usb.png
drive-multidisk-alt.png	/usr/share/icons/HighContrast/16x16/devices/drive-multidisk-alt.png
drive-multidisk-alt2.png	/usr/share/icons/HighContrast/16x16/devices/drive-multidisk-alt2.png
headphones.png	/usr/share/icons/HighContrast/16x16/devices/headphones.png
media-optical-bd.png	/usr/share/icons/HighContrast/16x16/devices/media-optical-bd.png
media-optical-cd-audio.png	/usr/share/icons/HighContrast/16x16/devices/media-optical-cd-audio.png
media-optical-dvd.png	/usr/share/icons/HighContrast/16x16/devices/media-optical-dvd.png
media-zip.png	/usr/share/icons/HighContrast/16x16/devices/media-zip.png
multimedia-player-apple-ipod-touch.png	/usr/share/icons/HighContrast/16x16/devices/multimedia-player-apple-ipod-touch.png
phone-apple-iphone.png	/usr/share/icons/HighContrast/16x16/devices/phone-apple-iphone.png
tv.png	/usr/share/icons/HighContrast/16x16/devices/tv.png
emblem-music.png	/usr/share/icons/HighContrast/16x16/emblems/emblem-music.png
emblem-ok.png	/usr/share/icons/HighContrast/16x16/emblems/emblem-ok.png
emblem-videos.png	/usr/share/icons/HighContrast/16x16/emblems/emblem-videos.png
face-confused.png	/usr/share/icons/HighContrast/16x16/emotes/face-confused.png
face-shutmouth.png	/usr/share/icons/HighContrast/16x16/emotes/face-shutmouth.png
face-surprised.png	/usr/share/icons/HighContrast/16x16/emotes/face-surprised.png
face-yawn.png	/usr/share/icons/HighContrast/16x16/emotes/face-yawn.png
application-rss+xml.png	/usr/share/icons/HighContrast/16x16/mimetypes/application-rss+xml.png
application-x-appliance.png	/usr/share/icons/HighContrast/16x16/mimetypes/application-x-appliance.png
airplane-mode.png	/usr/share/icons/HighContrast/16x16/status/airplane-mode.png
alarm.png	/usr/share/icons/HighContrast/16x16/status/alarm.png
battery-empty-charging.png	/usr/share/icons/HighContrast/16x16/status/battery-empty-charging.png
bluetooth-active.png	/usr/share/icons/HighContrast/16x16/status/bluetooth-active.png
bluetooth-disabled.png	/usr/share/icons/HighContrast/16x16/status/bluetooth-disabled.png
call-missed.png	/usr/share/icons/HighContrast/16x16/status/call-missed.png
channel-insecure.png	/usr/share/icons/HighContrast/16x16/status/channel-insecure.png
channel-secure.png	/usr/share/icons/HighContrast/16x16/status/channel-secure.png
checkbox-checked.png	/usr/share/icons/HighContrast/16x16/status/checkbox-checked.png
checkbox-mixed.png	/usr/share/icons/HighContrast/16x16/status/checkbox-mixed.png
checkbox.png	/usr/share/icons/HighContrast/16x16/status/checkbox.png
display-brightness.png	/usr/share/icons/HighContrast/16x16/status/display-brightness.png
keyboard-brightness.png	/usr/share/icons/HighContrast/16x16/status/keyboard-brightness.png
media-playlist-consecutive-rtl.png	/usr/share/icons/HighContrast/16x16/status/media-playlist-consecutive-rtl.png
media-playlist-consecutive.png	/usr/share/icons/HighContrast/16x16/status/media-playlist-consecutive.png
media-playlist-repeat-rtl.png	/usr/share/icons/HighContrast/16x16/status/media-playlist-repeat-rtl.png
media-playlist-repeat-song-rtl.png	/usr/share/icons/HighContrast/16x16/status/media-playlist-repeat-song-rtl.png
media-playlist-repeat-song.png	/usr/share/icons/HighContrast/16x16/status/media-playlist-repeat-song.png
media-playlist-shuffle-rtl.png	/usr/share/icons/HighContrast/16x16/status/media-playlist-shuffle-rtl.png
network-cellular-3g.png	/usr/share/icons/HighContrast/16x16/status/network-cellular-3g.png
network-cellular-4g.png	/usr/share/icons/HighContrast/16x16/status/network-cellular-4g.png
network-cellular-acquiring.png	/usr/share/icons/HighContrast/16x16/status/network-cellular-acquiring.png
network-cellular-edge.png	/usr/share/icons/HighContrast/16x16/status/network-cellular-edge.png
network-cellular-gprs.png	/usr/share/icons/HighContrast/16x16/status/network-cellular-gprs.png
network-cellular-hspa.png	/usr/share/icons/HighContrast/16x16/status/network-cellular-hspa.png
network-cellular-no-route.png	/usr/share/icons/HighContrast/16x16/status/network-cellular-no-route.png
network-cellular-offline.png	/usr/share/icons/HighContrast/16x16/status/network-cellular-offline.png
network-cellular-signal-excellent.png	/usr/share/icons/HighContrast/16x16/status/network-cellular-signal-excellent.png
network-cellular-signal-good.png	/usr/share/icons/HighContrast/16x16/status/network-cellular-signal-good.png
network-cellular-signal-none.png	/usr/share/icons/HighContrast/16x16/status/network-cellular-signal-none.png
network-cellular-signal-ok.png	/usr/share/icons/HighContrast/16x16/status/network-cellular-signal-ok.png
network-cellular-signal-weak.png	/usr/share/icons/HighContrast/16x16/status/network-cellular-signal-weak.png
network-cellular-umts.png	/usr/share/icons/HighContrast/16x16/status/network-cellular-umts.png
network-no-route.png	/usr/share/icons/HighContrast/16x16/status/network-no-route.png
network-vpn-acquiring.png	/usr/share/icons/HighContrast/16x16/status/network-vpn-acquiring.png
network-wired-acquiring.png	/usr/share/icons/HighContrast/16x16/status/network-wired-acquiring.png
network-wired-no-route.png	/usr/share/icons/HighContrast/16x16/status/network-wired-no-route.png
network-wired-offline.png	/usr/share/icons/HighContrast/16x16/status/network-wired-offline.png
network-wireless-acquiring.png	/usr/share/icons/HighContrast/16x16/status/network-wireless-acquiring.png
network-wireless-connected.png	/usr/share/icons/HighContrast/16x16/status/network-wireless-connected.png
network-wireless-hotspot.png	/usr/share/icons/HighContrast/16x16/status/network-wireless-hotspot.png
network-wireless-no-route.png	/usr/share/icons/HighContrast/16x16/status/network-wireless-no-route.png
network-wireless-offline.png	/usr/share/icons/HighContrast/16x16/status/network-wireless-offline.png
network-wireless-signal-excellent.png	/usr/share/icons/HighContrast/16x16/status/network-wireless-signal-excellent.png
network-wireless-signal-good.png	/usr/share/icons/HighContrast/16x16/status/network-wireless-signal-good.png
network-wireless-signal-none.png	/usr/share/icons/HighContrast/16x16/status/network-wireless-signal-none.png
network-wireless-signal-ok.png	/usr/share/icons/HighContrast/16x16/status/network-wireless-signal-ok.png
network-wireless-signal-weak.png	/usr/share/icons/HighContrast/16x16/status/network-wireless-signal-weak.png
printer-warning.png	/usr/share/icons/HighContrast/16x16/status/printer-warning.png
radio-checked.png	/usr/share/icons/HighContrast/16x16/status/radio-checked.png
radio-mixed.png	/usr/share/icons/HighContrast/16x16/status/radio-mixed.png
radio.png	/usr/share/icons/HighContrast/16x16/status/radio.png
rotation-allowed.png	/usr/share/icons/HighContrast/16x16/status/rotation-allowed.png
rotation-locked.png	/usr/share/icons/HighContrast/16x16/status/rotation-locked.png
touchpad-disabled.png	/usr/share/icons/HighContrast/16x16/status/touchpad-disabled.png
user-status-pending.png	/usr/share/icons/HighContrast/16x16/status/user-status-pending.png
view-wrapped-rtl.png	/usr/share/icons/HighContrast/16x16/status/view-wrapped-rtl.png
view-wrapped.png	/usr/share/icons/HighContrast/16x16/status/view-wrapped.png
weather-clear-night.png	/usr/share/icons/HighContrast/16x16/status/weather-clear-night.png
weather-clear.png	/usr/share/icons/HighContrast/16x16/status/weather-clear.png
weather-few-clouds-night.png	/usr/share/icons/HighContrast/16x16/status/weather-few-clouds-night.png
weather-few-clouds.png	/usr/share/icons/HighContrast/16x16/status/weather-few-clouds.png
weather-fog.png	/usr/share/icons/HighContrast/16x16/status/weather-fog.png
weather-overcast.png	/usr/share/icons/HighContrast/16x16/status/weather-overcast.png
weather-severe-alert.png	/usr/share/icons/HighContrast/16x16/status/weather-severe-alert.png
weather-showers-scattered.png	/usr/share/icons/HighContrast/16x16/status/weather-showers-scattered.png
weather-showers.png	/usr/share/icons/HighContrast/16x16/status/weather-showers.png
weather-snow.png	/usr/share/icons/HighContrast/16x16/status/weather-snow.png
weather-storm.png	/usr/share/icons/HighContrast/16x16/status/weather-storm.png
gtk-apply.png	/usr/share/icons/HighContrast/16x16/stock/gtk-apply.png
gtk-bold.png	/usr/share/icons/HighContrast/16x16/stock/gtk-bold.png
gtk-cancel.png	/usr/share/icons/HighContrast/16x16/stock/gtk-cancel.png
gtk-connect.png	/usr/share/icons/HighContrast/16x16/stock/gtk-connect.png
gtk-convert.png	/usr/share/icons/HighContrast/16x16/stock/gtk-convert.png
gtk-disconnect.png	/usr/share/icons/HighContrast/16x16/stock/gtk-disconnect.png
gtk-dnd-multiple.png	/usr/share/icons/HighContrast/16x16/stock/gtk-dnd-multiple.png
gtk-dnd.png	/usr/share/icons/HighContrast/16x16/stock/gtk-dnd.png
gtk-edit.png	/usr/share/icons/HighContrast/16x16/stock/gtk-edit.png
gtk-index.png	/usr/share/icons/HighContrast/16x16/stock/gtk-index.png
gtk-no.png	/usr/share/icons/HighContrast/16x16/stock/gtk-no.png
gtk-ok.png	/usr/share/icons/HighContrast/16x16/stock/gtk-ok.png
gtk-preferences.png	/usr/share/icons/HighContrast/16x16/stock/gtk-preferences.png
gtk-select-color.png	/usr/share/icons/HighContrast/16x16/stock/gtk-select-color.png
gtk-select-font.png	/usr/share/icons/HighContrast/16x16/stock/gtk-select-font.png
gtk-undelete.png	/usr/share/icons/HighContrast/16x16/stock/gtk-undelete.png
gtk-yes.png	/usr/share/icons/HighContrast/16x16/stock/gtk-yes.png
process-idle.png	/usr/share/icons/HighContrast/48x48/animations/process-idle.png
process-idle.svg	/usr/share/icons/HighContrast/48x48/animations/process-idle.svg
process-working.png	/usr/share/icons/HighContrast/48x48/animations/process-working.png
document-page-setup.svg	/usr/share/icons/HighContrast/scalable/actions/document-page-setup.svg
help-faq.svg	/usr/share/icons/HighContrast/scalable/actions/help-faq.svg
insert-object.svg	/usr/share/icons/HighContrast/scalable/actions/insert-object.svg
mail-send-receive.svg	/usr/share/icons/HighContrast/scalable/actions/mail-send-receive.svg
tool-check-spelling.svg	/usr/share/icons/HighContrast/scalable/actions/tool-check-spelling.svg
bookmark-view.svg	/usr/share/icons/HighContrast/scalable/actions-extra/bookmark-view.svg
history-view.svg	/usr/share/icons/HighContrast/scalable/actions-extra/history-view.svg
brasero.svg	/usr/share/icons/HighContrast/scalable/apps-extra/brasero.svg
bug-buddy.svg	/usr/share/icons/HighContrast/scalable/apps-extra/bug-buddy.svg
firefox-icon.svg	/usr/share/icons/HighContrast/scalable/apps-extra/firefox-icon.svg
internet-group-chat.svg	/usr/share/icons/HighContrast/scalable/apps-extra/internet-group-chat.svg
pidgin.svg	/usr/share/icons/HighContrast/scalable/apps-extra/pidgin.svg
rhythmbox.svg	/usr/share/icons/HighContrast/scalable/apps-extra/rhythmbox.svg
sound-juicer.svg	/usr/share/icons/HighContrast/scalable/apps-extra/sound-juicer.svg
thunderbird-icon.svg	/usr/share/icons/HighContrast/scalable/apps-extra/thunderbird-icon.svg
tomboy.svg	/usr/share/icons/HighContrast/scalable/apps-extra/tomboy.svg
totem.svg	/usr/share/icons/HighContrast/scalable/apps-extra/totem.svg
media-tape.svg	/usr/share/icons/HighContrast/scalable/devices/media-tape.svg
emblem-default.svg	/usr/share/icons/HighContrast/scalable/emblems/emblem-default.svg
emblem-documents.svg	/usr/share/icons/HighContrast/scalable/emblems/emblem-documents.svg
emblem-downloads.svg	/usr/share/icons/HighContrast/scalable/emblems/emblem-downloads.svg
emblem-mail.svg	/usr/share/icons/HighContrast/scalable/emblems/emblem-mail.svg
emblem-photos.svg	/usr/share/icons/HighContrast/scalable/emblems/emblem-photos.svg
emblem-system.svg	/usr/share/icons/HighContrast/scalable/emblems/emblem-system.svg
emblem-unreadable.svg	/usr/share/icons/HighContrast/scalable/emblems/emblem-unreadable.svg
text-x-generic-template.svg	/usr/share/icons/HighContrast/scalable/mimetypes/text-x-generic-template.svg
library-internet-radio.svg	/usr/share/icons/HighContrast/scalable/places-extra/library-internet-radio.svg
library-podcast.svg	/usr/share/icons/HighContrast/scalable/places-extra/library-podcast.svg
playlist-automatic.svg	/usr/share/icons/HighContrast/scalable/places-extra/playlist-automatic.svg
playlist.svg	/usr/share/icons/HighContrast/scalable/places-extra/playlist.svg
folder-visiting.svg	/usr/share/icons/HighContrast/scalable/status/folder-visiting.svg
network-online.svg	/usr/share/icons/HighContrast/scalable/status/network-online.svg
printer-printing.svg	/usr/share/icons/HighContrast/scalable/status/printer-printing.svg
software-update-available.svg	/usr/share/icons/HighContrast/scalable/status/software-update-available.svg
software-update-urgent.svg	/usr/share/icons/HighContrast/scalable/status/software-update-urgent.svg
gnome-mime-application-vnd.gtkwave-ae2.png	/usr/share/icons/gnome/16x16/mimetypes/gnome-mime-application-vnd.gtkwave-ae2.png
gnome-mime-application-vnd.gtkwave-aet.png	/usr/share/icons/gnome/16x16/mimetypes/gnome-mime-application-vnd.gtkwave-aet.png
gnome-mime-application-vnd.gtkwave-evcd.png	/usr/share/icons/gnome/16x16/mimetypes/gnome-mime-application-vnd.gtkwave-evcd.png
gnome-mime-application-vnd.gtkwave-fst.png	/usr/share/icons/gnome/16x16/mimetypes/gnome-mime-application-vnd.gtkwave-fst.png
gnome-mime-application-vnd.gtkwave-ghw.png	/usr/share/icons/gnome/16x16/mimetypes/gnome-mime-application-vnd.gtkwave-ghw.png
gnome-mime-application-vnd.gtkwave-gtkw.png	/usr/share/icons/gnome/16x16/mimetypes/gnome-mime-application-vnd.gtkwave-gtkw.png
gnome-mime-application-vnd.gtkwave-lx2.png	/usr/share/icons/gnome/16x16/mimetypes/gnome-mime-application-vnd.gtkwave-lx2.png
gnome-mime-application-vnd.gtkwave-lxt.png	/usr/share/icons/gnome/16x16/mimetypes/gnome-mime-application-vnd.gtkwave-lxt.png
gnome-mime-application-vnd.gtkwave-lxt2.png	/usr/share/icons/gnome/16x16/mimetypes/gnome-mime-application-vnd.gtkwave-lxt2.png
gnome-mime-application-vnd.gtkwave-vcd.png	/usr/share/icons/gnome/16x16/mimetypes/gnome-mime-application-vnd.gtkwave-vcd.png
gnome-mime-application-vnd.gtkwave-vzt.png	/usr/share/icons/gnome/16x16/mimetypes/gnome-mime-application-vnd.gtkwave-vzt.png
auto-cpufreq.png	/usr/share/pixmaps/auto-cpufreq.png
Zoom.png	/usr/share/pixmaps/Zoom.png
application-x-zoom.png	/usr/share/pixmaps/application-x-zoom.png
balena-etcher.png	/usr/share/pixmaps/balena-etcher.png
fedora-gdm-logo.png	/usr/share/pixmaps/fedora-gdm-logo.png
fedora-logo-small.png	/usr/share/pixmaps/fedora-logo-small.png
fedora-logo-sprite.png	/usr/share/pixmaps/fedora-logo-sprite.png
fedora-logo-sprite.svg	/usr/share/pixmaps/fedora-logo-sprite.svg
fedora-logo.png	/usr/share/pixmaps/fedora-logo.png
fedora_logo_med.png	/usr/share/pixmaps/fedora_logo_med.png
fedora_whitelogo.svg	/usr/share/pixmaps/fedora_whitelogo.svg
fedora_whitelogo_med.png	/usr/share/pixmaps/fedora_whitelogo_med.png
system-logo-white.png	/usr/share/pixmaps/system-logo-white.png
kasumi.png	/usr/share/pixmaps/kasumi.png
poweredby.png	/usr/share/pixmaps/poweredby.png
sane.png	/usr/share/pixmaps/sane.png
pinentry.png	/usr/share/pixmaps/pinentry.png
nwg-panel.svg	/usr/share/pixmaps/nwg-panel.svg
nwg-shell.svg	/usr/share/pixmaps/nwg-shell.svg
cupsprinter.png	/usr/share/pixmaps/cupsprinter.png
Alacritty.svg	/usr/share/pixmaps/Alacritty.svg
steam_tray_mono.png	/usr/share/pixmaps/steam_tray_mono.png
audacity.xpm	/usr/share/pixmaps/audacity.xpm
audacity16.xpm	/usr/share/pixmaps/audacity16.xpm
audacity32.xpm	/usr/share/pixmaps/audacity32.xpm
gnome-mime-application-x-audacity-project.xpm	/usr/share/pixmaps/gnome-mime-application-x-audacity-project.xpm
bootlogo_128.png	/usr/share/pixmaps/bootloader/bootlogo_128.png
bootlogo_256.png	/usr/share/pixmaps/bootloader/bootlogo_256.png
category_birthday_16.png	/usr/share/pixmaps/evolution-data-server/category_birthday_16.png
category_business_16.png	/usr/share/pixmaps/evolution-data-server/category_business_16.png
category_favorites_16.png	/usr/share/pixmaps/evolution-data-server/category_favorites_16.png
category_gifts_16.png	/usr/share/pixmaps/evolution-data-server/category_gifts_16.png
category_goals_16.png	/usr/share/pixmaps/evolution-data-server/category_goals_16.png
category_holiday-cards_16.png	/usr/share/pixmaps/evolution-data-server/category_holiday-cards_16.png
category_holiday_16.png	/usr/share/pixmaps/evolution-data-server/category_holiday_16.png
category_hot-contacts_16.png	/usr/share/pixmaps/evolution-data-server/category_hot-contacts_16.png
category_ideas_16.png	/usr/share/pixmaps/evolution-data-server/category_ideas_16.png
category_international_16.png	/usr/share/pixmaps/evolution-data-server/category_international_16.png
category_key-customer_16.png	/usr/share/pixmaps/evolution-data-server/category_key-customer_16.png
category_miscellaneous_16.png	/usr/share/pixmaps/evolution-data-server/category_miscellaneous_16.png
category_personal_16.png	/usr/share/pixmaps/evolution-data-server/category_personal_16.png
category_phonecalls_16.png	/usr/share/pixmaps/evolution-data-server/category_phonecalls_16.png
category_status_16.png	/usr/share/pixmaps/evolution-data-server/category_status_16.png
category_strategies_16.png	/usr/share/pixmaps/evolution-data-server/category_strategies_16.png
category_suppliers_16.png	/usr/share/pixmaps/evolution-data-server/category_suppliers_16.png
category_time-and-expenses_16.png	/usr/share/pixmaps/evolution-data-server/category_time-and-expenses_16.png
exo-thumbnail-frame.png	/usr/share/pixmaps/exo/exo-thumbnail-frame.png
edittrash.svg	/home/rohan/.local/share/icons/Nordic-darker/Places/22/edittrash.svg
gnome-fs-directory-accept.svg	/home/rohan/.local/share/icons/Nordic-darker/Places/22/gnome-fs-directory-accept.svg
stock_delete-bookmark.svg	/home/rohan/.local/share/icons/Nordic-darker/Places/22/stock_delete-bookmark.svg
user-images.svg	/home/rohan/.local/share/icons/Nordic-darker/Places/22/user-images.svg
gnome-fs-ftp.svg	/home/rohan/.local/share/icons/Nordic-darker/Places/22/gnome-fs-ftp.svg
folder-remote-ftp.svg	/home/rohan/.local/share/icons/Nordic-darker/Places/22/folder-remote-ftp.svg
gnome-fs-trash-full.svg	/home/rohan/.local/share/icons/Nordic-darker/Places/22/gnome-fs-trash-full.svg
gnome-ccdesktop.svg	/home/rohan/.local/share/icons/Nordic-darker/Places/22/gnome-ccdesktop.svg
folder-remote-ssh.svg	/home/rohan/.local/share/icons/Nordic-darker/Places/22/folder-remote-ssh.svg
gnome-fs-dav.svg	/home/rohan/.local/share/icons/Nordic-darker/Places/22/gnome-fs-dav.svg
xfce-trash_full.svg	/home/rohan/.local/share/icons/Nordic-darker/Places/22/xfce-trash_full.svg
gtg-home.svg	/home/rohan/.local/share/icons/Nordic-darker/Places/22/gtg-home.svg
other-desktop.svg	/home/rohan/.local/share/icons/Nordic-darker/Places/22/other-desktop.svg
network_local.svg	/home/rohan/.local/share/icons/Nordic-darker/Places/22/network_local.svg
gnome-mime-x-directory-smb-workgroup.svg	/home/rohan/.local/share/icons/Nordic-darker/Places/22/gnome-mime-x-directory-smb-workgroup.svg
xfce-trash_empty.svg	/home/rohan/.local/share/icons/Nordic-darker/Places/22/xfce-trash_empty.svg
folder-templates-open.svg	/home/rohan/.local/share/icons/Nordic-darker/Places/22/folder-templates-open.svg
application-x-gnome-saved-search.svg	/home/rohan/.local/share/icons/Nordic-darker/Places/22/application-x-gnome-saved-search.svg
gnome-fs-smb.svg	/home/rohan/.local/share/icons/Nordic-darker/Places/22/gnome-fs-smb.svg
gnome-folder.svg	/home/rohan/.local/share/icons/Nordic-darker/Places/22/gnome-folder.svg
folder_downloads.svg	/home/rohan/.local/share/icons/Nordic-darker/Places/22/folder_downloads.svg
samba.svg	/home/rohan/.local/share/icons/Nordic-darker/Places/22/samba.svg
gnome-stock-trash-empty.svg	/home/rohan/.local/share/icons/Nordic-darker/Places/22/gnome-stock-trash-empty.svg
trash-full.svg	/home/rohan/.local/share/icons/Nordic-darker/Places/22/trash-full.svg
stock_home.svg	/home/rohan/.local/share/icons/Nordic-darker/Places/22/stock_home.svg
gtk-network.svg	/home/rohan/.local/share/icons/Nordic-darker/Places/22/gtk-network.svg
kfm_home.svg	/home/rohan/.local/share/icons/Nordic-darker/Places/22/kfm_home.svg
gnome-fs-trash-empty.svg	/home/rohan/.local/share/icons/Nordic-darker/Places/22/gnome-fs-trash-empty.svg
gnome-fs-nfs.svg	/home/rohan/.local/share/icons/Nordic-darker/Places/22/gnome-fs-nfs.svg
gnome-fs-server.svg	/home/rohan/.local/share/icons/Nordic-darker/Places/22/gnome-fs-server.svg
gnome-fs-desktop.svg	/home/rohan/.local/share/icons/Nordic-darker/Places/22/gnome-fs-desktop.svg
folder-documents-open.svg	/home/rohan/.local/share/icons/Nordic-darker/Places/22/folder-documents-open.svg
gnome-fs-directory-visiting.svg	/home/rohan/.local/share/icons/Nordic-darker/Places/22/gnome-fs-directory-visiting.svg
gnome-fs-trash-empty-accept.svg	/home/rohan/.local/share/icons/Nordic-darker/Places/22/gnome-fs-trash-empty-accept.svg
gnome-dev-trash-empty.svg	/home/rohan/.local/share/icons/Nordic-darker/Places/22/gnome-dev-trash-empty.svg
gnome-fs-network.svg	/home/rohan/.local/share/icons/Nordic-darker/Places/22/gnome-fs-network.svg
gnome-mime-x-directory-nfs-server.svg	/home/rohan/.local/share/icons/Nordic-darker/Places/22/gnome-mime-x-directory-nfs-server.svg
gnome-stock-trash-full.svg	/home/rohan/.local/share/icons/Nordic-darker/Places/22/gnome-stock-trash-full.svg
folder-remote-nfs.svg	/home/rohan/.local/share/icons/Nordic-darker/Places/22/folder-remote-nfs.svg
folder-videocamera.svg	/home/rohan/.local/share/icons/Nordic-darker/Places/22/folder-videocamera.svg
folder-camera.svg	/home/rohan/.local/share/icons/Nordic-darker/Places/22/folder-camera.svg
folder_open.svg	/home/rohan/.local/share/icons/Nordic-darker/Places/22/folder_open.svg
folder-pictures-open.svg	/home/rohan/.local/share/icons/Nordic-darker/Places/22/folder-pictures-open.svg
server.svg	/home/rohan/.local/share/icons/Nordic-darker/Places/22/server.svg
trashcan_full.svg	/home/rohan/.local/share/icons/Nordic-darker/Places/22/trashcan_full.svg
folder-download-open.svg	/home/rohan/.local/share/icons/Nordic-darker/Places/22/folder-download-open.svg
gnome-dev-network.svg	/home/rohan/.local/share/icons/Nordic-darker/Places/22/gnome-dev-network.svg
redhat-system-group.svg	/home/rohan/.local/share/icons/Nordic-darker/Places/22/redhat-system-group.svg
emptytrash.svg	/home/rohan/.local/share/icons/Nordic-darker/Places/22/emptytrash.svg
stock_bookmark.svg	/home/rohan/.local/share/icons/Nordic-darker/Places/22/stock_bookmark.svg
user-share.svg	/home/rohan/.local/share/icons/Nordic-darker/Places/22/user-share.svg
gnome-fs-share.svg	/home/rohan/.local/share/icons/Nordic-darker/Places/22/gnome-fs-share.svg
gnome-fs-blockdev.svg	/home/rohan/.local/share/icons/Nordic-darker/Places/22/gnome-fs-blockdev.svg
stock_trash_empty.svg	/home/rohan/.local/share/icons/Nordic-darker/Places/22/stock_trash_empty.svg
gnome-desktop-config.svg	/home/rohan/.local/share/icons/Nordic-darker/Places/22/gnome-desktop-config.svg
folder_images.svg	/home/rohan/.local/share/icons/Nordic-darker/Places/22/folder_images.svg
folders-publicshare.svg	/home/rohan/.local/share/icons/Nordic-darker/Places/22/folders-publicshare.svg
gnome-fs-ssh.svg	/home/rohan/.local/share/icons/Nordic-darker/Places/22/gnome-fs-ssh.svg
folder-home.svg	/home/rohan/.local/share/icons/Nordic-darker/Places/22/folder-home.svg
stock_trash_full.svg	/home/rohan/.local/share/icons/Nordic-darker/Places/22/stock_trash_full.svg
network_fs.svg	/home/rohan/.local/share/icons/Nordic-darker/Places/22/network_fs.svg
stock_music-library.svg	/home/rohan/.local/share/icons/Nordic-darker/Places/22/stock_music-library.svg
folder_home.svg	/home/rohan/.local/share/icons/Nordic-darker/Places/22/folder_home.svg
gnome-fs-dev.svg	/home/rohan/.local/share/icons/Nordic-darker/Places/22/gnome-fs-dev.svg
nfs.svg	/home/rohan/.local/share/icons/Nordic-darker/Places/22/nfs.svg
redhat-home.svg	/home/rohan/.local/share/icons/Nordic-darker/Places/22/redhat-home.svg
folder-remote-open.svg	/home/rohan/.local/share/icons/Nordic-darker/Places/22/folder-remote-open.svg
network.svg	/home/rohan/.local/share/icons/Nordic-darker/Places/22/network.svg
trashcan_empty.svg	/home/rohan/.local/share/icons/Nordic-darker/Places/22/trashcan_empty.svg
user-home-open.svg	/home/rohan/.local/share/icons/Nordic-darker/Places/22/user-home-open.svg
user-pictures.svg	/home/rohan/.local/share/icons/Nordic-darker/Places/22/user-pictures.svg
gnome-fs-home.svg	/home/rohan/.local/share/icons/Nordic-darker/Places/22/gnome-fs-home.svg
folders-downloads.svg	/home/rohan/.local/share/icons/Nordic-darker/Places/22/folders-downloads.svg
folder_download.svg	/home/rohan/.local/share/icons/Nordic-darker/Places/22/folder_download.svg
folder_pictures.svg	/home/rohan/.local/share/icons/Nordic-darker/Places/22/folder_pictures.svg
gnome-dev-trash-full.svg	/home/rohan/.local/share/icons/Nordic-darker/Places/22/gnome-dev-trash-full.svg
folder-bookmarks.svg	/home/rohan/.local/share/icons/Nordic-darker/Places/22/folder-bookmarks.svg
folders-music.svg	/home/rohan/.local/share/icons/Nordic-darker/Places/22/folders-music.svg
gnome-fs-bookmark-missing.svg	/home/rohan/.local/share/icons/Nordic-darker/Places/22/gnome-fs-bookmark-missing.svg
gnome-fs-web.svg	/home/rohan/.local/share/icons/Nordic-darker/Places/22/gnome-fs-web.svg
gnome-home.svg	/home/rohan/.local/share/icons/Nordic-darker/Places/22/gnome-home.svg
stock_open.svg	/home/rohan/.local/share/icons/Nordic-darker/Places/22/stock_open.svg
gohome.svg	/home/rohan/.local/share/icons/Nordic-darker/Places/22/gohome.svg
folder-remote-smb.svg	/home/rohan/.local/share/icons/Nordic-darker/Places/22/folder-remote-smb.svg
gnome-fs-directory.svg	/home/rohan/.local/share/icons/Nordic-darker/Places/22/gnome-fs-directory.svg
gnome-mime-x-directory-smb-share.svg	/home/rohan/.local/share/icons/Nordic-darker/Places/22/gnome-mime-x-directory-smb-share.svg
folder-publicshare-open.svg	/home/rohan/.local/share/icons/Nordic-darker/Places/22/folder-publicshare-open.svg
folders-documents.svg	/home/rohan/.local/share/icons/Nordic-darker/Places/22/folders-documents.svg
folders-videos.svg	/home/rohan/.local/share/icons/Nordic-darker/Places/22/folders-videos.svg
gnome-stock-trash.svg	/home/rohan/.local/share/icons/Nordic-darker/Places/22/gnome-stock-trash.svg
gnome-fs-bookmark.svg	/home/rohan/.local/share/icons/Nordic-darker/Places/22/gnome-fs-bookmark.svg
folder-saved-search-alt.svg	/home/rohan/.local/share/icons/Nordic-darker/Places/22/folder-saved-search-alt.svg
folder-photos.svg	/home/rohan/.local/share/icons/Nordic-darker/Places/22/folder-photos.svg
neat.svg	/home/rohan/.local/share/icons/Nordic-darker/Places/22/neat.svg
gtk-home.svg	/home/rohan/.local/share/icons/Nordic-darker/Places/22/gtk-home.svg
folder-music-open.svg	/home/rohan/.local/share/icons/Nordic-darker/Places/22/folder-music-open.svg
folder-videos-open.svg	/home/rohan/.local/share/icons/Nordic-darker/Places/22/folder-videos-open.svg
gnome-mime-x-directory-smb-server.svg	/home/rohan/.local/share/icons/Nordic-darker/Places/22/gnome-mime-x-directory-smb-server.svg
redhat-network-server.svg	/home/rohan/.local/share/icons/Nordic-darker/Places/22/redhat-network-server.svg
gtk-directory.svg	/home/rohan/.local/share/icons/Nordic-darker/Places/22/gtk-directory.svg
bookmark-missing.svg	/home/rohan/.local/share/icons/Nordic-darker/Places/22/bookmark-missing.svg
folder-photo.svg	/home/rohan/.local/share/icons/Nordic-darker/Places/22/folder-photo.svg
folder-saved-search.svg	/home/rohan/.local/share/icons/Nordic-darker/Places/22/folder-saved-search.svg
cs-desktop.svg	/home/rohan/.local/share/icons/Nordic-darker/Places/48/cs-desktop.svg
insync-folder.svg	/home/rohan/.local/share/icons/Nordic-darker/Places/16/insync-folder.svg
stock_shared-to-me.svg	/home/rohan/.local/share/icons/Nordic-darker/Places/16/stock_shared-to-me.svg
stock_shared-by-me.svg	/home/rohan/.local/share/icons/Nordic-darker/Places/16/stock_shared-by-me.svg
folder-apple.svg	/home/rohan/.local/share/icons/Nordic-darker/Places/16/folder-apple.svg
folder-cd.svg	/home/rohan/.local/share/icons/Nordic-darker/Places/16/folder-cd.svg
folder-copy-cloud.svg	/home/rohan/.local/share/icons/Nordic-darker/Places/16/folder-copy-cloud.svg
folder-github.svg	/home/rohan/.local/share/icons/Nordic-darker/Places/16/folder-github.svg
folder-gitlab.svg	/home/rohan/.local/share/icons/Nordic-darker/Places/16/folder-gitlab.svg
folder-gnome.svg	/home/rohan/.local/share/icons/Nordic-darker/Places/16/folder-gnome.svg
folder-google-drive.svg	/home/rohan/.local/share/icons/Nordic-darker/Places/16/folder-google-drive.svg
folder-linux.svg	/home/rohan/.local/share/icons/Nordic-darker/Places/16/folder-linux.svg
folder-mail-cloud.svg	/home/rohan/.local/share/icons/Nordic-darker/Places/16/folder-mail-cloud.svg
folder-mega.svg	/home/rohan/.local/share/icons/Nordic-darker/Places/16/folder-mega.svg
folder-meocloud.svg	/home/rohan/.local/share/icons/Nordic-darker/Places/16/folder-meocloud.svg
folder-pcloud.svg	/home/rohan/.local/share/icons/Nordic-darker/Places/16/folder-pcloud.svg
folder-private.svg	/home/rohan/.local/share/icons/Nordic-darker/Places/16/folder-private.svg
folder-steam.svg	/home/rohan/.local/share/icons/Nordic-darker/Places/16/folder-steam.svg
folder-torrent.svg	/home/rohan/.local/share/icons/Nordic-darker/Places/16/folder-torrent.svg
folder-vbox.svg	/home/rohan/.local/share/icons/Nordic-darker/Places/16/folder-vbox.svg
folder-wifi.svg	/home/rohan/.local/share/icons/Nordic-darker/Places/16/folder-wifi.svg
folder-wine.svg	/home/rohan/.local/share/icons/Nordic-darker/Places/16/folder-wine.svg
folder-yandex-disk.svg	/home/rohan/.local/share/icons/Nordic-darker/Places/16/folder-yandex-disk.svg
firefox.svg	/home/rohan/.local/share/icons/Nordic-darker/apps/scalable/firefox.svg
ubuntu.png	/home/rohan/.local/share/icons/distrobox/ubuntu.png
arch.png	/home/rohan/.local/share/icons/distrobox/arch.png
centos.png	/home/rohan/.local/share/icons/distrobox/centos.png
opensuse-tumbleweed.png	/home/rohan/.local/share/icons/distrobox/opensuse-tumbleweed.png
debian.png	/home/rohan/.local/share/icons/distrobox/debian.png
com.mattjakeman.ExtensionManager.svg	/var/lib/flatpak/exports/share/icons/hicolor/scalable/apps/com.mattjakeman.ExtensionManager.svg
com.obsproject.Studio.svg	/var/lib/flatpak/exports/share/icons/hicolor/scalable/apps/com.obsproject.Studio.svg
com.spotify.Client.svg	/var/lib/flatpak/exports/share/icons/hicolor/scalable/apps/com.spotify.Client.svg
org.kicad.KiCad.bitmap2component.svg	/var/lib/flatpak/exports/share/icons/hicolor/scalable/apps/org.kicad.KiCad.bitmap2component.svg
org.kicad.KiCad.eeschema.svg	/var/lib/flatpak/exports/share/icons/hicolor/scalable/apps/org.kicad.KiCad.eeschema.svg
org.kicad.KiCad.gerbview.svg	/var/lib/flatpak/exports/share/icons/hicolor/scalable/apps/org.kicad.KiCad.gerbview.svg
org.kicad.KiCad.pcbcalculator.svg	/var/lib/flatpak/exports/share/icons/hicolor/scalable/apps/org.kicad.KiCad.pcbcalculator.svg
org.kicad.KiCad.pcbnew.svg	/var/lib/flatpak/exports/share/icons/hicolor/scalable/apps/org.kicad.KiCad.pcbnew.svg
org.kicad.KiCad.svg	/var/lib/flatpak/exports/share/icons/hicolor/scalable/apps/org.kicad.KiCad.svg
com.protonvpn.www.maintenance-icon.svg	/var/lib/flatpak/exports/share/icons/hicolor/scalable/apps/com.protonvpn.www.maintenance-icon.svg
com.protonvpn.www.proton-vpn-sign.svg	/var/lib/flatpak/exports/share/icons/hicolor/scalable/apps/com.protonvpn.www.proton-vpn-sign.svg
com.protonvpn.www.state-connected.svg	/var/lib/flatpak/exports/share/icons/hicolor/scalable/apps/com.protonvpn.www.state-connected.svg
com.protonvpn.www.state-disconnected.svg	/var/lib/flatpak/exports/share/icons/hicolor/scalable/apps/com.protonvpn.www.state-disconnected.svg
com.protonvpn.www.state-error.svg	/var/lib/flatpak/exports/share/icons/hicolor/scalable/apps/com.protonvpn.www.state-error.svg
com.protonvpn.www.svg	/var/lib/flatpak/exports/share/icons/hicolor/scalable/apps/com.protonvpn.www.svg
org.kicad.KiCad.application-x-kicad-footprint-16.svg	/var/lib/flatpak/exports/share/icons/hicolor/scalable/mimetypes/org.kicad.KiCad.application-x-kicad-footprint-16.svg
org.kicad.KiCad.application-x-kicad-footprint-24.svg	/var/lib/flatpak/exports/share/icons/hicolor/scalable/mimetypes/org.kicad.KiCad.application-x-kicad-footprint-24.svg
org.kicad.KiCad.application-x-kicad-footprint-32.svg	/var/lib/flatpak/exports/share/icons/hicolor/scalable/mimetypes/org.kicad.KiCad.application-x-kicad-footprint-32.svg
org.kicad.KiCad.application-x-kicad-footprint-48.svg	/var/lib/flatpak/exports/share/icons/hicolor/scalable/mimetypes/org.kicad.KiCad.application-x-kicad-footprint-48.svg
org.kicad.KiCad.application-x-kicad-footprint-64.svg	/var/lib/flatpak/exports/share/icons/hicolor/scalable/mimetypes/org.kicad.KiCad.application-x-kicad-footprint-64.svg
org.kicad.KiCad.application-x-kicad-footprint.svg	/var/lib/flatpak/exports/share/icons/hicolor/scalable/mimetypes/org.kicad.KiCad.application-x-kicad-footprint.svg
org.kicad.KiCad.application-x-kicad-pcb-16.svg	/var/lib/flatpak/exports/share/icons/hicolor/scalable/mimetypes/org.kicad.KiCad.application-x-kicad-pcb-16.svg
org.kicad.KiCad.application-x-kicad-pcb-24.svg	/var/lib/flatpak/exports/share/icons/hicolor/scalable/mimetypes/org.kicad.KiCad.application-x-kicad-pcb-24.svg
org.kicad.KiCad.application-x-kicad-pcb-32.svg	/var/lib/flatpak/exports/share/icons/hicolor/scalable/mimetypes/org.kicad.KiCad.application-x-kicad-pcb-32.svg
org.kicad.KiCad.application-x-kicad-pcb-48.svg	/var/lib/flatpak/exports/share/icons/hicolor/scalable/mimetypes/org.kicad.KiCad.application-x-kicad-pcb-48.svg
org.kicad.KiCad.application-x-kicad-pcb-64.svg	/var/lib/flatpak/exports/share/icons/hicolor/scalable/mimetypes/org.kicad.KiCad.application-x-kicad-pcb-64.svg
org.kicad.KiCad.application-x-kicad-pcb.svg	/var/lib/flatpak/exports/share/icons/hicolor/scalable/mimetypes/org.kicad.KiCad.application-x-kicad-pcb.svg
org.kicad.KiCad.application-x-kicad-project-16.svg	/var/lib/flatpak/exports/share/icons/hicolor/scalable/mimetypes/org.kicad.KiCad.application-x-kicad-project-16.svg
org.kicad.KiCad.application-x-kicad-project-24.svg	/var/lib/flatpak/exports/share/icons/hicolor/scalable/mimetypes/org.kicad.KiCad.application-x-kicad-project-24.svg
org.kicad.KiCad.application-x-kicad-project-32.svg	/var/lib/flatpak/exports/share/icons/hicolor/scalable/mimetypes/org.kicad.KiCad.application-x-kicad-project-32.svg
org.kicad.KiCad.application-x-kicad-project-48.svg	/var/lib/flatpak/exports/share/icons/hicolor/scalable/mimetypes/org.kicad.KiCad.application-x-kicad-project-48.svg
org.kicad.KiCad.application-x-kicad-project-64.svg	/var/lib/flatpak/exports/share/icons/hicolor/scalable/mimetypes/org.kicad.KiCad.application-x-kicad-project-64.svg
org.kicad.KiCad.application-x-kicad-project.svg	/var/lib/flatpak/exports/share/icons/hicolor/scalable/mimetypes/org.kicad.KiCad.application-x-kicad-project.svg
org.kicad.KiCad.application-x-kicad-schematic-16.svg	/var/lib/flatpak/exports/share/icons/hicolor/scalable/mimetypes/org.kicad.KiCad.application-x-kicad-schematic-16.svg
org.kicad.KiCad.application-x-kicad-schematic-24.svg	/var/lib/flatpak/exports/share/icons/hicolor/scalable/mimetypes/org.kicad.KiCad.application-x-kicad-schematic-24.svg
org.kicad.KiCad.application-x-kicad-schematic-32.svg	/var/lib/flatpak/exports/share/icons/hicolor/scalable/mimetypes/org.kicad.KiCad.application-x-kicad-schematic-32.svg
org.kicad.KiCad.application-x-kicad-schematic-48.svg	/var/lib/flatpak/exports/share/icons/hicolor/scalable/mimetypes/org.kicad.KiCad.application-x-kicad-schematic-48.svg
org.kicad.KiCad.application-x-kicad-schematic-64.svg	/var/lib/flatpak/exports/share/icons/hicolor/scalable/mimetypes/org.kicad.KiCad.application-x-kicad-schematic-64.svg
org.kicad.KiCad.application-x-kicad-schematic.svg	/var/lib/flatpak/exports/share/icons/hicolor/scalable/mimetypes/org.kicad.KiCad.application-x-kicad-schematic.svg
org.kicad.KiCad.application-x-kicad-symbol-16.svg	/var/lib/flatpak/exports/share/icons/hicolor/scalable/mimetypes/org.kicad.KiCad.application-x-kicad-symbol-16.svg
org.kicad.KiCad.application-x-kicad-symbol-24.svg	/var/lib/flatpak/exports/share/icons/hicolor/scalable/mimetypes/org.kicad.KiCad.application-x-kicad-symbol-24.svg
org.kicad.KiCad.application-x-kicad-symbol-32.svg	/var/lib/flatpak/exports/share/icons/hicolor/scalable/mimetypes/org.kicad.KiCad.application-x-kicad-symbol-32.svg
org.kicad.KiCad.application-x-kicad-symbol-48.svg	/var/lib/flatpak/exports/share/icons/hicolor/scalable/mimetypes/org.kicad.KiCad.application-x-kicad-symbol-48.svg
org.kicad.KiCad.application-x-kicad-symbol-64.svg	/var/lib/flatpak/exports/share/icons/hicolor/scalable/mimetypes/org.kicad.KiCad.application-x-kicad-symbol-64.svg
org.kicad.KiCad.application-x-kicad-symbol.svg	/var/lib/flatpak/exports/share/icons/hicolor/scalable/mimetypes/org.kicad.KiCad.application-x-kicad-symbol.svg
org.kicad.KiCad.application-x-kicad-worksheet-16.svg	/var/lib/flatpak/exports/share/icons/hicolor/scalable/mimetypes/org.kicad.KiCad.application-x-kicad-worksheet-16.svg
org.kicad.KiCad.application-x-kicad-worksheet-24.svg	/var/lib/flatpak/exports/share/icons/hicolor/scalable/mimetypes/org.kicad.KiCad.application-x-kicad-worksheet-24.svg
org.kicad.KiCad.application-x-kicad-worksheet-32.svg	/var/lib/flatpak/exports/share/icons/hicolor/scalable/mimetypes/org.kicad.KiCad.application-x-kicad-worksheet-32.svg
org.kicad.KiCad.application-x-kicad-worksheet-48.svg	/var/lib/flatpak/exports/share/icons/hicolor/scalable/mimetypes/org.kicad.KiCad.application-x-kicad-worksheet-48.svg
org.kicad.KiCad.application-x-kicad-worksheet-64.svg	/var/lib/flatpak/exports/share/icons/hicolor/scalable/mimetypes/org.kicad.KiCad.application-x-kicad-worksheet-64.svg
org.kicad.KiCad.application-x-kicad-worksheet.svg	/var/lib/flatpak/exports/share/icons/hicolor/scalable/mimetypes/org.kicad.KiCad.application-x-kicad-worksheet.svg
com.mattjakeman.ExtensionManager-symbolic.svg	/var/lib/flatpak/exports/share/icons/hicolor/symbolic/apps/com.mattjakeman.ExtensionManager-symbolic.svg
com.spotify.Client-symbolic.svg	/var/lib/flatpak/exports/share/icons/hicolor/symbolic/apps/com.spotify.Client-symbolic.svg
org.videolan.VLC.png	/var/lib/flatpak/exports/share/icons/hicolor/128x128/apps/org.videolan.VLC.png
com.obsproject.Studio.png	/var/lib/flatpak/exports/share/icons/hicolor/128x128/apps/com.obsproject.Studio.png
org.kicad.KiCad.bitmap2component.png	/var/lib/flatpak/exports/share/icons/hicolor/128x128/apps/org.kicad.KiCad.bitmap2component.png
org.kicad.KiCad.eeschema.png	/var/lib/flatpak/exports/share/icons/hicolor/128x128/apps/org.kicad.KiCad.eeschema.png
org.kicad.KiCad.gerbview.png	/var/lib/flatpak/exports/share/icons/hicolor/128x128/apps/org.kicad.KiCad.gerbview.png
org.kicad.KiCad.pcbcalculator.png	/var/lib/flatpak/exports/share/icons/hicolor/128x128/apps/org.kicad.KiCad.pcbcalculator.png
org.kicad.KiCad.pcbnew.png	/var/lib/flatpak/exports/share/icons/hicolor/128x128/apps/org.kicad.KiCad.pcbnew.png
org.kicad.KiCad.png	/var/lib/flatpak/exports/share/icons/hicolor/128x128/apps/org.kicad.KiCad.png
org.kicad.KiCad.application-x-kicad-footprint.png	/var/lib/flatpak/exports/share/icons/hicolor/128x128/mimetypes/org.kicad.KiCad.application-x-kicad-footprint.png
org.kicad.KiCad.application-x-kicad-pcb.png	/var/lib/flatpak/exports/share/icons/hicolor/128x128/mimetypes/org.kicad.KiCad.application-x-kicad-pcb.png
org.kicad.KiCad.application-x-kicad-project.png	/var/lib/flatpak/exports/share/icons/hicolor/128x128/mimetypes/org.kicad.KiCad.application-x-kicad-project.png
org.kicad.KiCad.application-x-kicad-schematic.png	/var/lib/flatpak/exports/share/icons/hicolor/128x128/mimetypes/org.kicad.KiCad.application-x-kicad-schematic.png
org.kicad.KiCad.application-x-kicad-symbol.png	/var/lib/flatpak/exports/share/icons/hicolor/128x128/mimetypes/org.kicad.KiCad.application-x-kicad-symbol.png
org.kicad.KiCad.application-x-kicad-worksheet.png	/var/lib/flatpak/exports/share/icons/hicolor/128x128/mimetypes/org.kicad.KiCad.application-x-kicad-worksheet.png
org.ardour.Ardour.png	/var/lib/flatpak/exports/share/icons/hicolor/16x16/apps/org.ardour.Ardour.png
org.ardour.Ardour.application-x-ardour.png	/var/lib/flatpak/exports/share/icons/hicolor/16x16/mimetypes/org.ardour.Ardour.application-x-ardour.png
org.scilab.Scilab.png	/var/lib/flatpak/exports/share/icons/hicolor/256x256/apps/org.scilab.Scilab.png
org.scilab.Scilab.scinotes.png	/var/lib/flatpak/exports/share/icons/hicolor/256x256/apps/org.scilab.Scilab.scinotes.png
org.scilab.Scilab.xcos.png	/var/lib/flatpak/exports/share/icons/hicolor/256x256/apps/org.scilab.Scilab.xcos.png
com.st.STM32CubeMX.png	/var/lib/flatpak/exports/share/icons/hicolor/256x256/apps/com.st.STM32CubeMX.png
com.gitlab.coringao.cavestory-nx.png	/home/rohan/.local/share/flatpak/exports/share/icons/hicolor/512x512/apps/com.gitlab.coringao.cavestory-nx.png
io.github.pejuko.follamac.png	/home/rohan/.local/share/flatpak/exports/share/icons/hicolor/512x512/apps/io.github.pejuko.follamac.png
com.visualstudio.code.png	/home/rohan/.local/share/flatpak/exports/share/icons/hicolor/512x512/apps/com.visualstudio.code.png
org.tigervnc.vncviewer.png	/home/rohan/.local/share/flatpak/exports/share/icons/hicolor/128x128/apps/org.tigervnc.vncviewer.png
org.onlyoffice.desktopeditors.png	/home/rohan/.local/share/flatpak/exports/share/icons/hicolor/128x128/apps/org.onlyoffice.desktopeditors.png
net.cozic.joplin_desktop.png	/home/rohan/.local/share/flatpak/exports/share/icons/hicolor/128x128/apps/net.cozic.joplin_desktop.png
net.davidotek.pupgui2.png	/home/rohan/.local/share/flatpak/exports/share/icons/hicolor/128x128/apps/net.davidotek.pupgui2.png
org.kde.drawy.png	/home/rohan/.local/share/flatpak/exports/share/icons/hicolor/128x128/apps/org.kde.drawy.png
org.kde.drawy.application-x-drawy.png	/home/rohan/.local/share/flatpak/exports/share/icons/hicolor/64x64/mimetypes/org.kde.drawy.application-x-drawy.png
org.tigervnc.vncviewer.svg	/home/rohan/.local/share/flatpak/exports/share/icons/hicolor/scalable/apps/org.tigervnc.vncviewer.svg
me.timschneeberger.jdsp4linux.svg	/home/rohan/.local/share/flatpak/exports/share/icons/hicolor/scalable/apps/me.timschneeberger.jdsp4linux.svg
org.kde.drawy.svg	/home/rohan/.local/share/flatpak/exports/share/icons/hicolor/scalable/apps/org.kde.drawy.svg
fr.handbrake.ghb.svg	/home/rohan/.local/share/flatpak/exports/share/icons/hicolor/scalable/apps/fr.handbrake.ghb.svg
io.github.jeffshee.Hidamari.svg	/home/rohan/.local/share/flatpak/exports/share/icons/hicolor/scalable/apps/io.github.jeffshee.Hidamari.svg
it.mijorus.gearlever.svg	/home/rohan/.local/share/flatpak/exports/share/icons/hicolor/scalable/apps/it.mijorus.gearlever.svg
no.mifi.losslesscut.svg	/home/rohan/.local/share/flatpak/exports/share/icons/hicolor/scalable/apps/no.mifi.losslesscut.svg
me.proton.Pass.svg	/home/rohan/.local/share/flatpak/exports/share/icons/hicolor/scalable/apps/me.proton.Pass.svg
it.mijorus.gearlever-symbolic.svg	/home/rohan/.local/share/flatpak/exports/share/icons/hicolor/symbolic/apps/it.mijorus.gearlever-symbolic.svg
